{"id": "f0a43190-8f63-42a6-8c1b-e445a44fd57a", "author_id": "a5cfe720-3b53-41fd-b49c-b18e8abceb8a", "post_id": "6480ac2b-5558-499d-b599-1a297988beb8", "post_title": "Софт становится хуже или Софт становится лучше", "reply_to_id": "e3606e0c-c996-4e1a-b472-9f4995e8385a", "title": null, "text": "@nastyakitsune, хорошо написанный софт просто не доживает до того момента когда он становится дешевле, кек. Он сжирает все твои деньги быстрее :D", "url": null, "metadata": null, "created_at": "2020-05-06T19:56:17.859748", "updated_at": "2020-05-06T19:56:18.331787", "upvotes": 5, "is_visible": true, "is_deleted": false, "is_pinned": false}