{"id": "b0587de0-4681-4b3b-9570-3fa139dbab04", "author_id": "a5cfe720-3b53-41fd-b49c-b18e8abceb8a", "post_id": "b63a34b8-6118-401b-ab12-26b56ff6fde2", "post_title": "Автоматизируем шторы - и всё-таки они крутятся", "reply_to_id": null, "title": null, "text": "Хах, ну там руллонные шторы — это всё меняет. Для них давно есть куча готовых решений, даже IKEA уже своё продает. Заморачиваться с электродвигателями и распайкой плат — это уже хобби какое-то.\r\n\r\nВот если бы для обычных штор хоть что-то готовое появилось, кроме Xiaomi, который требует весь карниз менять, я бы сразу три взял!", "url": null, "metadata": null, "created_at": "2020-05-04T07:39:52.818257", "updated_at": "2020-05-04T07:41:23.280001", "upvotes": 3, "is_visible": true, "is_deleted": false, "is_pinned": false}