{"comments": [{"id": "ac34560c-a275-4ed8-9ae9-0eb8395f4597", "author_id": "15e1d955-11f8-4e71-8693-3b63976898e0", "post_id": "b63a34b8-6118-401b-ab12-26b56ff6fde2", "post_title": "Автоматизируем шторы - и всё-таки они крутятся", "reply_to_id": "b0587de0-4681-4b3b-9570-3fa139dbab04", "title": null, "text": "В России их до сих пор нет :) Из китая толстая труба тока :) \r\n\r\nДля обычных штор там разве что делать тонкий трос на шкиве + электродвигателе и цеплять начало к нему.  Но сделать это так чтоб не сильно видно будет задача еще та.", "url": null, "metadata": null, "created_at": "2020-05-04T07:42:48.415531", "updated_at": "2020-05-04T07:42:49.068239", "upvotes": 0, "is_visible": true, "is_deleted": false, "is_pinned": false}, {"id": "3a03cf26-a112-4c11-9eb1-fdabf1de2e9d", "author_id": "a5cfe720-3b53-41fd-b49c-b18e8abceb8a", "post_id": "b63a34b8-6118-401b-ab12-26b56ff6fde2", "post_title": "Автоматизируем шторы - и всё-таки они крутятся", "reply_to_id": "b0587de0-4681-4b3b-9570-3fa139dbab04", "title": null, "text": "@norguhtar, на кикстартере была штука, которая сама ездит по палке и таскает за собой штору. Спокойно вешается со стороны окна и не заметна окружающим (что для меня всегда огромный плюс в любом IoT-говне).\r\n\r\nhttps://www.kickstarter.com/projects/switchbot/switchbot-curtain-make-your-curtains-smart-in-seconds\r\n\r\nЗато никаких веревок, ремней, карнизов, итд.\r\n\r\nМинус только один: это кикстартер, а там только выдуманный скам рекламируют. В реальности оно не существует.", "url": null, "metadata": null, "created_at": "2020-05-04T07:48:07.183685", "updated_at": "2020-05-04T07:54:33.624760", "upvotes": 1, "is_visible": true, "is_deleted": false, "is_pinned": false}, {"id": "74b98750-0a96-4e1d-bd43-0de654baf153", "author_id": "15e1d955-11f8-4e71-8693-3b63976898e0", "post_id": "b63a34b8-6118-401b-ab12-26b56ff6fde2", "post_title": "Автоматизируем шторы - и всё-таки они крутятся", "reply_to_id": "b0587de0-4681-4b3b-9570-3fa139dbab04", "title": null, "text": "@vas3k, хм. А идея неплоха и можно машинку прятать за штору.", "url": null, "metadata": null, "created_at": "2020-05-04T07:50:40.537148", "updated_at": "2020-05-04T07:50:41.019718", "upvotes": 0, "is_visible": true, "is_deleted": false, "is_pinned": false}, {"id": "eb2ed3a7-6f6a-4b4f-95af-c4e8c10f5b56", "author_id": "b8f7d027-499d-4f49-8ff9-869de7fec7b9", "post_id": "b63a34b8-6118-401b-ab12-26b56ff6fde2", "post_title": "Автоматизируем шторы - и всё-таки они крутятся", "reply_to_id": "b0587de0-4681-4b3b-9570-3fa139dbab04", "title": null, "text": "@vas3k, Как раз поучавствовал в switchbot. В начале компании обещали в мае 2020 прислать но из-за пандемии задержали.\r\n\r\nЕсли будет стоющее устройство запилю ревью в Дом-Дурачек\r\n\r\n> We target to start shipping late May due to overwhelming production in \r\n> our supply chain. The entire shipping might take about 2 months to finish > due to COVID-19", "url": null, "metadata": null, "created_at": "2020-05-13T18:47:26.609460", "updated_at": "2020-05-13T18:47:26.992013", "upvotes": 0, "is_visible": true, "is_deleted": false, "is_pinned": false}]}