{"id": "b473ea9b-9c24-4e64-b533-7928b616bc4d", "author_id": "a5cfe720-3b53-41fd-b49c-b18e8abceb8a", "post_id": "0dc7ceac-4b1f-4334-9325-71e4e45abcc8", "post_title": "Обзор тулзы для заметок — RoamResearch", "reply_to_id": null, "title": null, "text": "Похоже, картинки пожрала защита от хотлинкинга. Можно загружать их прямо на наши сервера драг-н-дропая в редактор, либо дать просто ссылку на хайрез", "url": null, "metadata": null, "created_at": "2020-05-03T09:03:12.357913", "updated_at": "2020-05-03T09:03:12.613341", "upvotes": 1, "is_visible": true, "is_deleted": false, "is_pinned": false}