{"id": "af7d2800-46e5-480e-862d-357143698873", "author_id": "a5cfe720-3b53-41fd-b49c-b18e8abceb8a", "post_id": "2abcabee-afaf-4123-a218-01282aab84a8", "post_title": "Вастрик.Клуб: запускаем бету", "reply_to_id": "0c4bb25b-3e6b-4464-bff4-b258f42092a5", "title": null, "text": "Сорян, это был тест бота :D\r\n\r\nТеперь через него можно реплаить на комменты в телеграме и они будут поститься на сайт. Вот это киберпанк!", "url": null, "metadata": null, "created_at": "2020-04-20T19:40:33.402292", "updated_at": "2020-05-25T14:55:31.625441", "upvotes": 4, "is_visible": true, "is_deleted": false, "is_pinned": false}