{"id": "46b451ff-c70d-4cd3-88ff-53065bb11915", "author_id": "a5cfe720-3b53-41fd-b49c-b18e8abceb8a", "post_id": "dda661d9-d382-434d-baa8-91244553631e", "post_title": "\"Барный трюк\" как отличить пилотируемый пуск ракеты", "reply_to_id": "9b6232d8-9ffa-48a8-bf9b-3bfde9380df6", "title": null, "text": "Во, теперь со стрелочками стало намного нагляднее, спасибо :)", "url": null, "metadata": null, "created_at": "2020-04-25T10:41:15.478013", "updated_at": "2020-05-03T13:02:59.978511", "upvotes": 2, "is_visible": true, "is_deleted": false, "is_pinned": false}