{"id": "ec79ceac-1916-4e06-ab74-22fe0c19eb16", "author_id": "a5cfe720-3b53-41fd-b49c-b18e8abceb8a", "post_id": "7104ebf7-1549-4f2d-9284-022b8f6e85b3", "post_title": "На смерть Каучсерфинга", "reply_to_id": "a76d9083-1963-40a1-b9b5-cd5e7c6a8c43", "title": null, "text": "Вот этож прям азы продакт-менеджмента. Ну нельзя в таких сервисах просто брать и вводить абонентку. Даже я в блоге делал это поэтапно и добровольно, учитывая психологию юзеров и какое-никакое понятие о «честности» такого обмена.\r\n\r\nХотя со стороны команды каучсерфинга скорее всего это выглядело как в типичном стартапе: «нас все заебало, мы не развиваемся, денег нет, хайпа нет, в мире коронажопа, нужно срочно МОНЕТИЗИРОВАТЬСЯ и насрать как». Сам бывал в таких компаниях. Это всегда знак, что фаундерам стало насрать на продукт. После этого проект почти всегда помирал, да :D", "url": null, "metadata": null, "created_at": "2020-05-20T09:40:35.721887", "updated_at": "2020-05-20T09:42:27.756100", "upvotes": 0, "is_visible": true, "is_deleted": false, "is_pinned": false}