{"id": "ba92024e-8250-4643-826f-b573d6957b0d", "author_id": "a5cfe720-3b53-41fd-b49c-b18e8abceb8a", "post_id": "d1628b3d-8c6a-41f0-9392-a749f164db5a", "post_title": "Какое облако для хранения данных используете?", "reply_to_id": "647e9420-c5ee-4246-8563-05a186fddcbc", "title": null, "text": "О, у меня. Я долго выбирал куда переехать с дропбокса и на свою голову выбрал этих ебучих болгарских цыган (называющих себя «Швейцарской Компанией»). Оплатил по новогодней распродаже подписку сразу на год. Теперь страдаю.\r\n\r\nДаже не пробуй. У них постоянно проблемы с синхронизацией. Я несколько раз терял много часов работы (кода или блога) потому что он внезапно решал мне просинкать старую версию.\r\n\r\nПрям бомбит. Это мой главный провал года. Досижу положенный год и буду валить на NextCloud.", "url": null, "metadata": null, "created_at": "2020-05-12T19:06:03.884173", "updated_at": "2020-05-12T19:08:47.847516", "upvotes": 5, "is_visible": true, "is_deleted": false, "is_pinned": false}