{"id": "cfa67b33-3b45-4971-bc04-77233c7f355b", "author_id": "a5cfe720-3b53-41fd-b49c-b18e8abceb8a", "post_id": "ae6cc0ca-6477-44d2-ba47-42b9f5a84ce5", "post_title": "Массовая сверхпродуктивность на карантине или пиздеж для инстаграма?", "reply_to_id": null, "title": null, "text": "[Сублимация](https://ru.wikipedia.org/wiki/%D0%A1%D1%83%D0%B1%D0%BB%D0%B8%D0%BC%D0%B0%D1%86%D0%B8%D1%8F_(%D0%BF%D1%81%D0%B8%D1%85%D0%BE%D0%BB%D0%BE%D0%B3%D0%B8%D1%8F))", "url": null, "metadata": null, "created_at": "2020-04-22T13:48:07.566881", "updated_at": "2020-05-03T13:06:34.657412", "upvotes": 1, "is_visible": true, "is_deleted": false, "is_pinned": false}