{"id": "cd4bc243-268a-4087-bf4f-1bce6e094dcc", "author_id": "a5cfe720-3b53-41fd-b49c-b18e8abceb8a", "post_id": "b0d9b8ef-27a8-49fc-ba63-84b5e989b546", "post_title": "Встречи 1 на 1. В чём профит?", "reply_to_id": "ab1ae794-0f33-4fc8-a76d-7ae62aa1c751", "title": null, "text": "@suhinini, давайте я выступлю с критической стороны, чтобы лучше понять ситуацию со стороны простого разработчика. Не менеджера, с его стороны-то как раз всё понятно, ему платят за это. Я пытаюсь понять зачем он тратит на это всё мое время.\r\n\r\n1. Вот я рассказал о любимом фильме, о погоде и кухне. Менеджер сделал вид, что ему это дохуя интересно, что не так. Ему просто за это платят и он прочитал об этом в книжке. Теперь мы должны стать с ним близки как братья? Я типа должен ПОВЕРИТЬ, что ему это действительно интересно?\r\n2. Все душные. Никто не работает. В соседнем отделе одни лентяи, которые не хотят отрывать жопу. Да все как всегда, в любой компании. Я тебе постоянно пишу все эти проблемы в слак, ты мне отвечаешь какую-то хуйню про процессы и ничего не меняется. Что мне делать? Я же не могу поменять менеджера, зато он может поменять меня.\r\n3. Мечтаю отменить все 1:1 и никогда их не проводить. Я серьезно так отвечаю на этот вопрос. Еще никто из менеджеров меня не послушал.\r\n\r\nВ условиях ремоута и плохой коммуникации, надо налаживать личные связи. Чтобы люди реально друг к другу относились хорошо, уважали и дружили, а не по расписанию. Так вижу.\r\n\r\nВсё еще не понимаю профит 1:1 для себя, простите.", "url": null, "metadata": null, "created_at": "2020-04-27T18:31:01.950869", "updated_at": "2020-05-02T21:58:16.081908", "upvotes": 8, "is_visible": true, "is_deleted": false, "is_pinned": false}