{"id": "4a497d60-f415-45a3-9dba-0dd648bc9481", "author_id": "a5cfe720-3b53-41fd-b49c-b18e8abceb8a", "post_id": "7a0d1d11-69fa-4db1-99fb-e28c1184880a", "post_title": "Почему нам всё сложнее заводить друзей?", "reply_to_id": "9a3d5f28-2cc5-4e23-aeb7-04ff15ed54ea", "title": null, "text": "О, я так проебал даже несколько знакомых после всех переездов. Просто постфактум узнавал потом от общих знакомых, что меня теперь презирают, потому что я «за полгода даже не спросил как дела и на мемы в чате не орал». \r\n\r\nЯ не умею «работать» над дружбой, да. Потому дружу получается только с такими же.", "url": null, "metadata": null, "created_at": "2020-04-22T19:14:35.017527", "updated_at": "2020-05-03T13:27:45.387313", "upvotes": 2, "is_visible": true, "is_deleted": false, "is_pinned": false}