{"id": "29144b74-2254-4031-be99-264f22b5e2e1", "author_id": "a5cfe720-3b53-41fd-b49c-b18e8abceb8a", "post_id": "f307fe6d-52b7-4abd-8550-5c384dfb044d", "post_title": "Simple web game for remote team", "reply_to_id": null, "title": null, "text": "https://www.secrethitler.com/ — almost like Mafia but with elections and Hitler", "url": null, "metadata": null, "created_at": "2020-04-29T12:57:32.535583", "updated_at": "2020-05-04T13:38:53.419890", "upvotes": 1, "is_visible": true, "is_deleted": false, "is_pinned": false}