{"comments": [{"id": "fa0ea326-5828-423b-b51b-7666050ff80f", "author_id": "54f69855-eeac-40c4-8e83-f99fd8cea6e2", "post_id": "f307fe6d-52b7-4abd-8550-5c384dfb044d", "post_title": "Simple web game for remote team", "reply_to_id": "29144b74-2254-4031-be99-264f22b5e2e1", "title": null, "text": "lol, unfortunetelly I will avoid this one playing with teammates 😅\r\nbut thanks, it will be fun with friends 🌝", "url": null, "metadata": null, "created_at": "2020-04-29T15:31:26.232478", "updated_at": "2020-05-04T13:38:53.441684", "upvotes": 0, "is_visible": true, "is_deleted": false, "is_pinned": false}]}