{"id": "713745bd-4b80-45fa-bb8a-9c1ad4da61d7", "author_id": "a5cfe720-3b53-41fd-b49c-b18e8abceb8a", "post_id": "bb942606-8c69-46ae-9537-f0544831703e", "post_title": "Работа в крупной компании или Работа в стартапе", "reply_to_id": null, "title": "Больше зона ответственности", "text": "В мелкой компании ты реально чувствуешь, что влияешь на продукт, и все твои решения сказываются на компании, а не утопают в недрах бюрократии.\r\n\r\nВ крупной дай бог если кто заметит тот радиус скругления уголочков, над которым ты работал последние два года.", "url": null, "metadata": {"battle": {"side": "b"}}, "created_at": "2020-04-24T17:02:16.559738", "updated_at": "2020-05-03T08:15:51.774039", "upvotes": 25, "is_visible": true, "is_deleted": false, "is_pinned": false}