{"comments": [{"id": "54e7484e-4b17-4cd8-99c5-c425716d86f6", "author_id": "669c636f-f45a-46ba-8ae9-588c4a7b54dd", "post_id": "bb942606-8c69-46ae-9537-f0544831703e", "post_title": "Работа в крупной компании или Работа в стартапе", "reply_to_id": "713745bd-4b80-45fa-bb8a-9c1ad4da61d7", "title": null, "text": "Это скорее проблема размера продукта, а не компании. Есть мелкие компании, разрабатывающие одного огромного легаси-монстра, есть крупные, в которых делается множество небольших продуктов.\r\n\r\nУ нас, в частности, чувствуется импакт абсолютно каждого из 300+ фронтенд-разработчиков — потому что все поделены на небольшие команды, каждая из которых работает либо над своим продуктом, либо над своей частью большого продукта.", "url": null, "metadata": null, "created_at": "2020-04-29T08:51:42.724806", "updated_at": "2020-05-03T08:15:51.792254", "upvotes": 0, "is_visible": true, "is_deleted": false, "is_pinned": false}]}