{"id": "b3e5c3fc-f5c2-4ce2-81cd-889ab8894dd1", "slug": "2020_19", "author_id": "a5cfe720-3b53-41fd-b49c-b18e8abceb8a", "type": "weekly_digest", "topic": null, "label": null, "title": "Клубный журнал. Итоги недели. Выпуск #4", "text": "<!DOCTYPE html>\n<html lang=\"ru\">\n  <head>\n    <!-- The title is useful for screenreaders reading a document. Use your sender name or subject line. -->\n    <title>Вастрик.Клуб</title>\n    <meta http-equiv=\"Content-Type\" content=\"text/html; charset=utf-8\" />\n    <!-- Never disable zoom behavior! Fine to set the initial width and scale, but allow users to set their own zoom preferences. -->\n    <meta name=\"viewport\" content=\"width=device-width, initial-scale=1\">\n    <meta http-equiv=\"X-UA-Compatible\" content=\"IE=edge\" />\n    <link href=\"https://fonts.googleapis.com/css?family=Ubuntu:400,500,700&display=swap&subset=cyrillic-ext\" rel=\"stylesheet\">\n    <style type=\"text/css\">\n        /* CLIENT-SPECIFIC STYLES */\n        body, table, td, a { -webkit-text-size-adjust: 100%; -ms-text-size-adjust: 100%; }\n        table, td { mso-table-lspace: 0pt; mso-table-rspace: 0pt; }\n        img { -ms-interpolation-mode: bicubic; }\n\n        /* RESET STYLES */\n        img { border: 0; height: auto; line-height: 100%; outline: none; text-decoration: none; }\n        table { border-collapse: collapse !important; }\n        body {\n            color: #000000;\n            font-family: Ubuntu, serif;\n            margin: 0 !important;\n            padding: 0 !important;\n            width: 100% !important;\n            font-size: 17px;\n            background-color: #FFF;\n            -webkit-font-smoothing: antialiased;\n        }\n\n        a {\n            color: #000000;\n            font-weight: 600;\n            text-decoration: underline;\n        }\n\n        a:hover {\n            color: #B92B27 !important;\n            text-decoration: none !important;\n        }\n\n        p {\n            font-size: 16px;\n            font-weight: 400;\n            line-height: 1.5em;\n            margin-bottom: 24px;\n        }\n\n            p.center {\n                text-align: center;\n            }\n\n            p.editorial {\n                font-size: 18px;\n            }\n\n            footer p {\n                font-size: 16px;\n                font-weight: 400;\n                line-height: 1.5em;\n                margin-top: 48px;\n            }\n\n        img {\n            border-radius: 4px;\n            display: block;\n            max-width: 100%;\n            min-width: 100px;\n            width: 100%;\n        }\n\n        h1 {\n\n            font-size: 36px;\n            font-weight: 700;\n            line-height: 1.4em;\n            margin: 48px 0;\n        }\n\n        h2 {\n            font-size: 30px;\n            font-weight: 500;\n            line-height: 1.4em;\n            margin: 100px 0 35px 0;\n        }\n\n        h3 {\n            font-size: 22px;\n            font-weight: 500;\n            line-height: 1.3em;\n            margin: 24px 0 24px 0;\n        }\n\n        small {\n            color: #999; font-size: 14px; font-weight: 300;\n        }\n\n        /* iOS BLUE LINKS */\n        a[x-apple-data-detectors] {\n            color: inherit !important;\n            text-decoration: none !important;\n            font-size: inherit !important;\n            font-family: inherit !important;\n            font-weight: inherit !important;\n            line-height: inherit !important;\n        }\n\n        /* GMAIL BLUE LINKS */\n        u + #body a {\n            color: inherit;\n            text-decoration: none;\n            font-size: inherit;\n            font-family: inherit;\n            font-weight: inherit;\n            line-height: inherit;\n        }\n\n        /* SAMSUNG MAIL BLUE LINKS */\n        #MessageViewBody a {\n            color: inherit;\n            text-decoration: none;\n            font-size: inherit;\n            font-family: inherit;\n            font-weight: inherit;\n            line-height: inherit;\n        }\n\n        article {\n            margin: 0 0 48px 0;\n        }\n\n        figure {\n            margin: 20px 0 30px 0;\n        }\n\n        .block {\n            padding: 20px;\n            margin-bottom: 30px;\n            box-sizing: border-box;\n            box-shadow: 10px 15px 40px rgba(83, 91, 110, 0.11);\n            background-color: #FFF;\n            border-radius: 15px;\n        }\n\n        .ratio-16-9 {\n            display: block;\n            width: 100%;\n            padding-top: 56.25%;\n            position: relative;\n        }\n\n            .ratio-16-9 > * {\n                position: absolute;\n                top: 0;\n                left: 0;\n                bottom: 0;\n                right: 0;\n                width: 100%;\n                height: 100%;\n            }\n\n        .video-preview {\n            background-size: cover;\n            background-position: 50% 50%;\n            position: relative;\n            background-color: #000;\n        }\n\n            .video-preview::before {\n                content: \"▶︎\";\n                font-size: 100px;\n                color: #FFF;\n                position: absolute;\n                top: 50%;\n                left: 50%;\n                line-height: 100px;\n                height: 100px;\n                width: 100px;\n                margin-left: -50px;\n                margin-top: -40px;\n            }\n\n        .issue {\n            display: block;\n            font-size: 20px;\n            line-height: 24px;\n            padding-top: 15px;\n        }\n\n        .post {\n            font-size: 16px;\n        }\n\n            .post-footer {\n                font-size: 14px;\n                color: #999999;\n            }\n\n        .label {\n            display: inline-block;\n            vertical-align: middle;\n            background-color: #000000;\n            height: 1.6em;\n            line-height: 1.5em;\n            overflow: hidden;\n            font-size: 75%;\n            border-radius: 5px;\n        }\n\n            .label-title {\n                display: inline-block;\n                color: #FFFFFF;\n                font-weight: normal;\n                padding: 0 0.6em 0;\n                font-size: 90%;\n            }\n\n        .user {\n            display: block;\n            width: 100%;\n            font-size: 16px;\n            line-height: 1.4em;\n            text-decoration: none;\n            font-weight: 400;\n            margin: 70px 0 100px;\n        }\n\n            .user-avatar {\n                display: block;\n                float: left;\n            }\n\n                .user-avatar img {\n                    width: 50px;\n                    height: 50px;\n                    min-width: 50px;\n                    min-height: 50px;\n                    vertical-align: middle;\n                    display: inline-block;\n                    margin: 0;\n                    border-radius: 50%;\n                    margin-right: 10px;\n                }\n\n                .user-title-small {\n                    font-size: 17px;\n                }\n\n        .avatar-small {\n            width: 24px;\n            height: 24px;\n            min-width: 24px;\n            border-radius: 50%;\n            display: inline-block;\n            vertical-align: middle;\n            margin: 0;\n            position: relative;\n            top: -2px;\n        }\n\n        .comment {\n            font-size: 16px;\n        }\n\n        .upvotes {\n            display: block;\n            float: right;\n            background-color: #1B1B1C;\n            color: #FFF;\n            border-radius: 10px;\n            padding: 6px 10px 6px;\n            font-size: 16px;\n            font-weight: bold;\n            line-height: 1em;\n            margin-left: 10px;\n            margin-top: 0;\n        }\n\n        .comment h3,\n        .user h3,\n        .post h3 {\n            margin-top: 0;\n        }\n\n        /* Desktop styles */\n        @media screen and (min-width: 600px) {\n            h1 { font-size: 52px !important; }\n            h2 { font-size: 34px !important; }\n            h3 { font-size: 25px !important; }\n            .user-avatar img {\n                width: 70px;\n                height: 70px;\n                min-width: 70px;\n                min-height: 70px;\n                margin-right: 20px;\n            }\n            p, .comment, .user, .post {\n                font-size: 17px;\n            }\n            .upvotes {\n                font-size: 22px;\n                padding: 8px 18px 8px;\n            }\n        }\n    </style>\n    \n<style>\n    h1, h2, header {\n        text-align: center;\n    }\n</style>\n\n  </head>\n  <body style=\"margin: 0 !important; padding: 0 !important;\">\n    <!-- This ghost table is used to constrain the width in Outlook. The role attribute is set to presentation to prevent it from being read by screenreaders. -->\n    <!--[if (gte mso 9)|(IE)]>\n    <table cellspacing=\"0\" cellpadding=\"0\" border=\"0\" width=\"720\" align=\"center\" role=\"presentation\"><tr><td>\n    <![endif]-->\n    <!-- The role and aria-label attributes are added to wrap the email content as an article for screen readers. Some of them will read out the aria-label as the title of the document, so use something like \"An email from Your Brand Name\" to make it recognizable. -->\n    <!-- Default styling of text is applied to the wrapper div. Be sure to use text that is large enough and has a high contrast with the background color for people with visual impairments. -->\n    <div role=\"article\" lang=\"en\" style=\"background-color: white; color: #2b2b2b; font-family: 'Ubuntu', -apple-system, BlinkMacSystemFont, Roboto, Helvetica, Arial, sans-serif, 'Apple Color Emoji', 'Segoe UI Emoji', 'Segoe UI Symbol'; font-size: 18px; font-weight: 400; line-height: 28px; margin: 0 auto; max-width: 720px; padding: 20px 10px 20px 10px;\">\n\n        <header>\n            \n    <a href=\"https://vas3k.club\">\n        <center><img src=\"https://vas3k.club/static/images/logo/logo-256.png\" alt=\"\" height=\"80\" width=\"80\" style=\"display:inline-block;width: 80px;height: 80px;min-width: 80px; margin-top: 30px;\"></center>\n    </a>\n\n            <h1>\n                \n    Журнал Вастрик.Клуба<br>\n    <span class=\"issue\">Итоги недели. Выпуск #4</span>\n\n            </h1>\n        </header>\n\n        <main>\n            \n    \n        <p class=\"editorial\">\n            <p>Привет, Олимпийский!</p>\n<p>Пока вы не начали быстро скроллить вниз до новых постов, я хотел рассказать, что мы тут наконец-то определились с набором каналов, через которые можно получать обновления в Клубе так, как это удобно вам.</p>\n<ul>\n<li><a href=\"https://t.me/vas3k_club\">Телеграм-канал Клуба</a> — паблик канал. Туда мы постим руками и только лучшее. Всем рекомендую на него подписаться хотя бы ради бекапа.</li>\n<li><a href=\"https://t.me/vas3k_club_bot\">Бот Клуба</a> — в меру умная машина, которая привязывается к вашему аккаунту и присылает только то, что касается вас. Теперь она получила новый способ привязки для тех, кто страдал от Роскомнадзора — можно сказать секретный код из вашего профиля (нажав «редактировать профиль») и она привяжет вас автоматически. Это удобно.</li>\n<li><a href=\"https://vas3k.ru/notes/club_chat/\">Сеть чатов</a> — для общительных. Она остается как есть.</li>\n<li><strong>Ежедневный дайджест</strong> — новые посты по email каждый день. Еще реплаи на ваши комменты, комменты к постам, плюсики и всякое такое персональное. Даже гороскоп есть. В основном он имеет смысл для тех, кто по какой-то причине не хочет или не может в телеграм-бота. Дайджест можно включить в настройках профиля. Он приходит по будням кроме понедельника.</li>\n<li><strong>Журнал</strong> — вы его читаете в данный момент. Итоги недели по понедельникам.</li>\n<li><a href=\"https://t.me/joinchat/AAAAAFScznBALS6y_cI3og\">Вастрик.Клуб: Онлайн</a> — канал для самых хардкорных. Туда попадает вообще всё даже до модерации.</li>\n</ul>\n<p>Возможно, в будущем появятся еще твиттеры и другие кросс-постилки. Над RSS тоже уже работаем. Если вам хочется как-то еще получать новый контент — предлагайте идеи к нам в <a href=\"https://github.com/vas3k/vas3k.club/issues\">Issues на гитхабе</a>.</p>\n<p>Там кипит работа прям, люди по пять PR'ов в день присылают.</p>\n<p>Заглядывайте к нам <a href=\"https://trello.com/b/SAbS5JiI/%D0%B2%D0%B0%D1%81%D1%82%D1%80%D0%B8%D0%BA%D0%BA%D0%BB%D1%83%D0%B1\">в Trello</a> если кто-то еще хочет помочь.</p>\n<h2>❤️ Свежие фичи</h2>\n<p>Кратенько расскажу что мы запилили на прошлой неделе.</p>\n<h3>Первая и самая жирная фича — поиск по сайту</h3>\n<p>Обычный полнотекстовый поиск PostgreSQL закрывает 99% потребностей юзеров любого маленького сайта. То, что попадает в индекс, можно <a href=\"https://github.com/vas3k/vas3k.club/blob/master/search/models.py#L83\">динамически настраивать</a>.</p>\n<p>Поиск ищет по постам, комментариям и юзерам. Всё в одном. Сейчас, например, можно найти <a href=\"https://vas3k.club/search/?q=%D0%9E%D0%BB%D0%B5%D0%B3\">Олегов</a> или <a href=\"https://vas3k.club/search/?q=%D0%91%D0%B5%D0%BB%D0%B0%D1%80%D1%83%D1%81%D1%8C\">Белорусов</a>.</p>\n<p>В целом пока у него получается неплохо.</p>\n<p><img src=\"https://i.vas3k.club/1f0.jpg\" alt=\"\" width=\"600\" border=\"0\"><br></p>\n<h3>Вторая по жирности — сортировка фида</h3>\n<p><img src=\"https://i.vas3k.club/1f1.jpg\" alt=\"\" width=\"600\" border=\"0\"><br></p>\n<p>Теперь главная страница становится местом текущей тусни, для про-юзеров появляется страница «новое», а для новичков — «лучшее».</p>\n<p>Сначала хотелось в шутку назвать режимы сортировки в честь разных сайтов в интернете. Так сортировка по последней активности называлась бы <strong>«как на Лепре»</strong>, сортировка по популярности была бы <strong>«как на Хакерньюсе»</strong>, а особняком бы стояла сортировка постов <strong>«как в Твиттере»</strong> — в ней я бы просто перемешивал всё случайным образом и вставлял рекламу каждый второй пост чтобы еще больше всех запутать.</p>\n<p>Но в итоге от этой смешной идеи пришлось отказаться. Никто бы всё равно ничего не понял.</p>\n<h3>Третья — более четкие <a href=\"https://vas3k.club/docs/about/\">правила клуба</a></h3>\n<p>Я убежден, но нормальным людям правила не нужны. Но большинству они необходимы.</p>\n<p>Слишком много людей на этой неделе совершали одни и те же ошибки и не осознавали этого. Потому я потратил много времени чтобы написать как можно меньше текста, но при этом покрыть как можно больше возникающих проблем.</p>\n<p>Нескольких человек на этой неделе забанили за нарушение п. 2 — они удалили свои #intro. Много постов было скрыто по п. 7 — авторы постили ссылку на свой проект, писали пару строчек ответа на вопрос и думали это достаточно.</p>\n<p>Видите как удобно жить когда ты бюрократ и на каждого у тебя есть статья. Терпеть не могу так делать, но другого выхода-то нет.</p>\n        </p>\n    \n\n    \n        <h2>🤘 Новенькие</h2>\n\n        <p class=\"center editorial\">\n            На этой неделе у нас <strong>+108 новых членов Клуба</strong>.\n            Вот самые интересные из них, набравшие больше всего плюсиков за своё #intro.\n            Не стесняйтесь писать им комменты и расспрашивать за жизнь. Для того мы здесь и собрались!\n        </p>\n\n        \n            <article class=\"block user\">\n                <div class=\"user-avatar\">\n                    <img src=\"https://i.vas3k.club/18d.jpg\" alt=\"\" width=\"50\" height=\"50\">\n                </div>\n\n                <div>\n                    <h3>\n                        <a href=\"https://vas3k.club/user/YuliaMilovanova/\" style=\"text-decoration: underline;\">Yulia Milovanova</a> &nbsp;&nbsp;🚴‍♀️ 📚 🚶‍♂️ 🎲<br>\n                        <span class=\"user-title-small\">Junior iOS Developer — Active Learning</span>\n                    </h3>\n\n                    <p>Привет, я Юля.</p><p>В свои 23 стала всего лишь джуном. Сразу после окончания универа пошла стажироваться в местную компанию, и через 3 месяца меня оформили в качестве младшего iOS-программиста. Изучаю Swift, набираюсь опыта и страдаю от понимания собственной некомпетентности, занимаясь интерфейсом в приложении Skill Cup.</p><p>Когда-то очень угорала по продуктивности (книги, курсы, статьи), но потом выгорел…</p>\n\n                    <span>\n                        <a href=\"https://vas3k.club/intro/YuliaMilovanova/\">Читать всё #intro &rarr;</a>\n                    </span>\n                </div>\n            </article>\n        \n            <article class=\"block user\">\n                <div class=\"user-avatar\">\n                    <img src=\"https://i.vas3k.club/1a8.jpg\" alt=\"\" width=\"50\" height=\"50\">\n                </div>\n\n                <div>\n                    <h3>\n                        <a href=\"https://vas3k.club/user/borodutch/\" style=\"text-decoration: underline;\">Nikita Kolmogorov</a> &nbsp;&nbsp;🛣 ✏️ 🚶‍♂️ 🏗 👷‍♀️<br>\n                        <span class=\"user-title-small\">Chief Procrastinator — N/A</span>\n                    </h3>\n\n                    <p>Всем привет! Это Никитка на связи. Мой канал  @golden_borodutch, все мои проекты с 14 000 000+ пользователями и статистикой в реальном времени тут: borodutch.com. Никто не знает, чем я занимаюсь (я и сам не знаю), но время от времени высираю каких-то телеграм-ботов и всякие туду-листы, которыми почему-то люди пользуются миллионами.</p><p>Живу в Канаде, в городе Ванкувер. Время от времени паяю разные пр…</p>\n\n                    <span>\n                        <a href=\"https://vas3k.club/intro/borodutch/\">Читать всё #intro &rarr;</a>\n                    </span>\n                </div>\n            </article>\n        \n            <article class=\"block user\">\n                <div class=\"user-avatar\">\n                    <img src=\"https://i.vas3k.club/12v.jpg\" alt=\"\" width=\"50\" height=\"50\">\n                </div>\n\n                <div>\n                    <h3>\n                        <a href=\"https://vas3k.club/user/mrt/\" style=\"text-decoration: underline;\">Марат Раевский</a> &nbsp;&nbsp;<br>\n                        <span class=\"user-title-small\">Исследую и пишу стратегии — Accuraten</span>\n                    </h3>\n\n                    <p>Привет, зовут меня Марат.</p><p>Работаю стратегом: это про маркетинговые коммуникации, бренд-платформы и айдентику. Придумываю сообщения для рекламной кампании, для бренда; исследую аудитории, конкурентов, полки, визуальную среду.</p><p>Обычно исследую то, что надо, но иногда получается то что не надо. Тогда это познавательно, но и немножко стыдно, когда доходит до презентации.</p><p>Люблю искать инсайты, хотя всё…</p>\n\n                    <span>\n                        <a href=\"https://vas3k.club/intro/mrt/\">Читать всё #intro &rarr;</a>\n                    </span>\n                </div>\n            </article>\n        \n\n\n\n\n\n\n\n\n\n\n    \n\n    \n\n    \n        <h2>😎 Лучшие посты недели</h2>\n\n        <p class=\"center editorial\">\n            Всего за неделю написали <strong><a href=\"/all/top_week/\">103 поста</a></strong>.\n            Вот самые популярные из них.\n        </p>\n\n        \n            <article class=\"block post\">\n                <span class=\"upvotes\">\n                    👍155\n                </span>\n\n                <h3>\n                    \n\n                    \n\n                    <a href=\"https://vas3k.club/post/1432/\" target=\"_blank\">Об увольнении из Facebook</a>\n\n                    \n                </h3>\n\n                \n                    <p>\n                        Как всё началось</p><p>Я устроился в Фейсбук в мае месяце, ровно 2 года назад. Взяли на Е4 после ±7 лет работы в других компаниях по той же специальности (UIE). В буткампе хотелось оказаться в React Native или JS Infra командах, но т.к. RN сидел в офисе в Menlo Park, я решил попробовать в JS Infra, которые удобно располагались на 4-м этаже лондонского офиса Facebook. Тогда её еще возглавлял cpojer (реб…\n                    </p>\n                \n\n                <span class=\"post-footer\">\n                    <a href=\"https://vas3k.club/user/kureev/\" style=\"text-decoration: none; color: #999;\">\n                        <img src=\"https://i.vas3k.club/1bm.jpg\" alt=\"\" width=\"24\" height=\"24\" class=\"avatar-small\">\n                        &nbsp;kureev\n                    </a>\n                    | 547&nbsp;просмотров\n                    | 37&nbsp;комментариев\n                </span>\n            </article>\n        \n            <article class=\"block post\">\n                <span class=\"upvotes\">\n                    👍93\n                </span>\n\n                <h3>\n                    \n\n                    \n\n                    <a href=\"https://vas3k.club/post/1301/\" target=\"_blank\">Почему я уехала из Лондона</a>\n\n                    \n                </h3>\n\n                \n                    <p>\n                        Лондон! Туда хотят попасть почти все, кто вообще хочет уехать из СНГ. Ну, мне так кажется. Цель этого поста - показать что Лондон не для всех, поделиться своей историей.</p><p></p><p>Disclamer 1: автор не хочет отвадить вас от переезда.</p><p>Disclamer 2: все нижесказанное - личный опыт и не всегда применим к среднему индивиду-понаеху. </p><p>Disclamer 3: все цифры, суммы и статистика приведены без ссылок и являются общ…\n                    </p>\n                \n\n                <span class=\"post-footer\">\n                    <a href=\"https://vas3k.club/user/Covectb_cobaka/\" style=\"text-decoration: none; color: #999;\">\n                        <img src=\"https://i.vas3k.club/mq.jpg\" alt=\"\" width=\"24\" height=\"24\" class=\"avatar-small\">\n                        &nbsp;Covectb_cobaka\n                    </a>\n                    | 519&nbsp;просмотров\n                    | 27&nbsp;комментариев\n                </span>\n            </article>\n        \n            <article class=\"block post\">\n                <span class=\"upvotes\">\n                    👍90\n                </span>\n\n                <h3>\n                    \n\n                    \n\n                    <a href=\"https://vas3k.club/post/1368/\" target=\"_blank\">Как живется в Нидерландах</a>\n\n                    \n                </h3>\n\n                \n                    <p>\n                        Первый пост вызвал много вопросов про Нидерланды, переезд и почему вообще сюда. Давайте разбираться.</p><p>Я всерьез рассматривала Нидерланды еще до переезда в UK. По всем возможным графикам и статистике, здесь должно быть очень хорошо. Когда стало понятно что из Лондона точно хочется уехать, я решила покататься по миру и сравнить чтобы понять наверняка. Уехала на месяц в round-tour по Штатам и категор…\n                    </p>\n                \n\n                <span class=\"post-footer\">\n                    <a href=\"https://vas3k.club/user/Covectb_cobaka/\" style=\"text-decoration: none; color: #999;\">\n                        <img src=\"https://i.vas3k.club/mq.jpg\" alt=\"\" width=\"24\" height=\"24\" class=\"avatar-small\">\n                        &nbsp;Covectb_cobaka\n                    </a>\n                    | 406&nbsp;просмотров\n                    | 36&nbsp;комментариев\n                </span>\n            </article>\n        \n            <article class=\"block post\">\n                <span class=\"upvotes\">\n                    👍77\n                </span>\n\n                <h3>\n                    \n\n                    \n\n                    <a href=\"https://vas3k.club/post/1412/\" target=\"_blank\">Coming out: у меня нет воображения и это болезнь</a>\n\n                    \n                </h3>\n\n                \n\n                <span class=\"post-footer\">\n                    <a href=\"https://vas3k.club/user/Covectb_cobaka/\" style=\"text-decoration: none; color: #999;\">\n                        <img src=\"https://i.vas3k.club/mq.jpg\" alt=\"\" width=\"24\" height=\"24\" class=\"avatar-small\">\n                        &nbsp;Covectb_cobaka\n                    </a>\n                    | 359&nbsp;просмотров\n                    | 35&nbsp;комментариев\n                </span>\n            </article>\n        \n            <article class=\"block post\">\n                <span class=\"upvotes\">\n                    👍60\n                </span>\n\n                <h3>\n                    \n\n                    \n\n                    <a href=\"https://vas3k.club/post/1328/\" target=\"_blank\">Ландан из зе кэпитл оф Грейт Бритэн</a>\n\n                    \n                </h3>\n\n                \n\n                <span class=\"post-footer\">\n                    <a href=\"https://vas3k.club/user/begor/\" style=\"text-decoration: none; color: #999;\">\n                        <img src=\"https://i.vas3k.club/10.jpg\" alt=\"\" width=\"24\" height=\"24\" class=\"avatar-small\">\n                        &nbsp;begor\n                    </a>\n                    | 220&nbsp;просмотров\n                    | 10&nbsp;комментариев\n                </span>\n            </article>\n        \n            <article class=\"block post\">\n                <span class=\"upvotes\">\n                    👍48\n                </span>\n\n                <h3>\n                    \n\n                    \n\n                    <a href=\"https://vas3k.club/post/1289/\" target=\"_blank\">Северная Корея — страна победившего сюрреализма</a>\n\n                    \n                        &nbsp;<span class=\"label\" style=\"background-color: #fe4a49;\">\n    <span class=\"label-title\">\n        👍&nbsp;Офигенно!\n    </span>\n</span>\n\n                    \n                </h3>\n\n                \n\n                <span class=\"post-footer\">\n                    <a href=\"https://vas3k.club/user/AntonIvanov/\" style=\"text-decoration: none; color: #999;\">\n                        <img src=\"https://i.vas3k.club/b0.jpg\" alt=\"\" width=\"24\" height=\"24\" class=\"avatar-small\">\n                        &nbsp;AntonIvanov\n                    </a>\n                    | 303&nbsp;просмотра\n                    | 14&nbsp;комментариев\n                </span>\n            </article>\n        \n            <article class=\"block post\">\n                <span class=\"upvotes\">\n                    👍42\n                </span>\n\n                <h3>\n                    \n\n                    \n\n                    <a href=\"https://vas3k.club/post/1436/\" target=\"_blank\">Coming out: как не делать дела</a>\n\n                    \n                </h3>\n\n                \n\n                <span class=\"post-footer\">\n                    <a href=\"https://vas3k.club/user/mrx/\" style=\"text-decoration: none; color: #999;\">\n                        <img src=\"https://i.vas3k.club/lr.jpg\" alt=\"\" width=\"24\" height=\"24\" class=\"avatar-small\">\n                        &nbsp;mrx\n                    </a>\n                    | 421&nbsp;просмотр\n                    | 51&nbsp;комментарий\n                </span>\n            </article>\n        \n            <article class=\"block post\">\n                <span class=\"upvotes\">\n                    👍35\n                </span>\n\n                <h3>\n                    \n\n                    \n\n                    <a href=\"https://vas3k.club/post/1496/\" target=\"_blank\">Coming out: как пережить выгорание</a>\n\n                    \n                </h3>\n\n                \n\n                <span class=\"post-footer\">\n                    <a href=\"https://vas3k.club/user/Covectb_cobaka/\" style=\"text-decoration: none; color: #999;\">\n                        <img src=\"https://i.vas3k.club/mq.jpg\" alt=\"\" width=\"24\" height=\"24\" class=\"avatar-small\">\n                        &nbsp;Covectb_cobaka\n                    </a>\n                    | 158&nbsp;просмотров\n                    | 6&nbsp;комментариев\n                </span>\n            </article>\n        \n            <article class=\"block post\">\n                <span class=\"upvotes\">\n                    👍32\n                </span>\n\n                <h3>\n                    \n                        ❓\n                    \n\n                    Вопрос:\n\n                    <a href=\"https://vas3k.club/question/1156/\" target=\"_blank\">Совет, который бы вы дали себе 18-летнему</a>\n\n                    \n                </h3>\n\n                \n\n                <span class=\"post-footer\">\n                    <a href=\"https://vas3k.club/user/Kirk/\" style=\"text-decoration: none; color: #999;\">\n                        <img src=\"https://i.vas3k.club/14.jpg\" alt=\"\" width=\"24\" height=\"24\" class=\"avatar-small\">\n                        &nbsp;Kirk\n                    </a>\n                    | 420&nbsp;просмотров\n                    | 48&nbsp;комментариев\n                </span>\n            </article>\n        \n            <article class=\"block post\">\n                <span class=\"upvotes\">\n                    👍31\n                </span>\n\n                <h3>\n                    \n                        🔗\n                    \n\n                    ➜\n\n                    <a href=\"https://vas3k.club/link/1497/\" target=\"_blank\">Вот что гугл-реклама знает о вас</a>\n\n                    \n                </h3>\n\n                \n\n                <span class=\"post-footer\">\n                    <a href=\"https://vas3k.club/user/vas3k/\" style=\"text-decoration: none; color: #999;\">\n                        <img src=\"https://i.vas3k.ru/lr0.jpg\" alt=\"\" width=\"24\" height=\"24\" class=\"avatar-small\">\n                        &nbsp;vas3k\n                    </a>\n                    | 306&nbsp;просмотров\n                    | 28&nbsp;комментариев\n                </span>\n            </article>\n        \n            <article class=\"block post\">\n                <span class=\"upvotes\">\n                    👍27\n                </span>\n\n                <h3>\n                    \n                        ❓\n                    \n\n                    Вопрос:\n\n                    <a href=\"https://vas3k.club/question/1345/\" target=\"_blank\">Что смотрите на Youtube?</a>\n\n                    \n                </h3>\n\n                \n\n                <span class=\"post-footer\">\n                    <a href=\"https://vas3k.club/user/johnspade/\" style=\"text-decoration: none; color: #999;\">\n                        <img src=\"https://i.vas3k.club/mu.jpg\" alt=\"\" width=\"24\" height=\"24\" class=\"avatar-small\">\n                        &nbsp;johnspade\n                    </a>\n                    | 400&nbsp;просмотров\n                    | 58&nbsp;комментариев\n                </span>\n            </article>\n        \n            <article class=\"block post\">\n                <span class=\"upvotes\">\n                    👍27\n                </span>\n\n                <h3>\n                    \n\n                    \n\n                    <a href=\"https://vas3k.club/post/1516/\" target=\"_blank\">Работа на Бали. Самоизоляция под пальмой 🌴</a>\n\n                    \n                </h3>\n\n                \n\n                <span class=\"post-footer\">\n                    <a href=\"https://vas3k.club/user/Nrjwolf/\" style=\"text-decoration: none; color: #999;\">\n                        <img src=\"https://i.vas3k.club/1co.jpg\" alt=\"\" width=\"24\" height=\"24\" class=\"avatar-small\">\n                        &nbsp;Nrjwolf\n                    </a>\n                    | 167&nbsp;просмотров\n                    | 9&nbsp;комментариев\n                </span>\n            </article>\n        \n    \n\n    \n        <h2>💭 Топ комментариев</h2>\n\n        \n            <article class=\"block comment\">\n                <span class=\"upvotes\">\n                    👍18\n                </span>\n                <div>\n                    <a href=\"https://vas3k.club/user/vas3k/\" style=\"text-decoration: none;\">\n                        <img src=\"https://i.vas3k.ru/lr0.jpg\" alt=\"\" width=\"24\" height=\"24\" class=\"avatar-small\">\n                        &nbsp;vas3k\n                    </a>\n                    на пост\n                    <a href=\"/post/1301/#comment-93e86830-397f-434e-a527-12c61d4399fc\">Почему я уехала из Лондона</a>\n                </div>\n                <div>\n                    <p>Офигенно, спасибо! Я еще в последних итогах года писал, что Лондон для меня — это Москва для Европы. Там охуенно, движово, денежно, но если можешь там не жить — лучше не жить. А вот приезжать туда в гости и по бизнесу — идеально.</p>\n<p>(и вот опять захотелось)</p>\n                </div>\n            </article>\n        \n            <article class=\"block comment\">\n                <span class=\"upvotes\">\n                    👍16\n                </span>\n                <div>\n                    <a href=\"https://vas3k.club/user/MrFoxies/\" style=\"text-decoration: none;\">\n                        <img src=\"https://i.vas3k.club/8n.jpg\" alt=\"\" width=\"24\" height=\"24\" class=\"avatar-small\">\n                        &nbsp;MrFoxies\n                    </a>\n                    на пост\n                    <a href=\"/post/1432/#comment-76e7761d-3fbf-4a18-9658-f6300c440143\">Об увольнении из Facebook</a>\n                </div>\n                <div>\n                    <p>Круто, топ история, интересно почитать и про негатив</p>\n                </div>\n            </article>\n        \n            <article class=\"block comment\">\n                <span class=\"upvotes\">\n                    👍13\n                </span>\n                <div>\n                    <a href=\"https://vas3k.club/user/ezhulenev/\" style=\"text-decoration: none;\">\n                        <img src=\"https://i.vas3k.club/173.jpg\" alt=\"\" width=\"24\" height=\"24\" class=\"avatar-small\">\n                        &nbsp;ezhulenev\n                    </a>\n                    на вопрос:\n                    <a href=\"/question/1305/#comment-ab409636-f4c7-40e6-972f-3afadf1928f3\">Почему вы завели трактор и куда вас это завело?</a>\n                </div>\n                <div>\n                    <p>Почему уехал: Выиграл грин карту и решил почему бы и не поехать, зачем добру пропадать. Самолеты летают каждый день, вернуться можно в любое время.</p>\n<p>Доволен ли: Да. Опыт жизни в другой стране это очень круто. После 7 лет в Америке (НЙ + долина) хочу поехать в Лондон, но не потому что тут что то не так, а просто потому что хочется посмотреть как оно там. Вообще нету страха переезда, потому что &quot;цивилизованном мире&quot; программисту везде хорошо.</p>\n<p>Ощущаю себя настоящим космополитом :)</p>\n                </div>\n            </article>\n        \n    \n\n    \n        <br><br><br>\n\n        <h2>🎥 Видосик недели</h2>\n\n        \n            <article class=\"block comment\">\n                <div>\n                    <a href=\"https://vas3k.club/user/Covectb_cobaka/\" style=\"text-decoration: none;\">\n                        <img src=\"https://i.vas3k.club/mq.jpg\" alt=\"\" width=\"24\" height=\"24\" class=\"avatar-small\">\n                        &nbsp;Covectb_cobaka\n                    </a>\n                    на пост\n                    <a href=\"/post/1368/#comment-7d681802-7774-4248-9563-e675d86abf09\">Как живется в Нидерландах</a>\n                </div>\n                <div>\n                    <p>Так как я тут уже пошарила подробности почему у меня не может быть эротических фантазий (см. про текст про отсутствие фантазии), скрывать мне больше нечего :)</p>\n<p>Ипотеку на одного. Oud-West, нижняя граница Bos en Lommer, next to Erasmuspark. Район хотела чтобы не в центре, но не на отшибе. Смотрела разные районы и так получилось что все что мне нравилось было примерно в этом квартале. <br>\nДве спальни, всего 64кв м + чердак кажется 8кв м. <br>\nЕсть балкон, на нем помещается диван + кресло + куча растений. Метров 5 там будет наверное. <br>\nБрала в этом феврале. <br>\nИзначальная цена на фунде 395, я купила за 475 потому что овербид. И это еще не очень много. <br>\nРемонт не делала, только стены сама перекрасила, и то не везде. Дом 1920-какого-то года, но его в 2008м полностью переделали. Класс энергоэффективности А, за это есть даже скидка на ипотеку. <br>\nДо метро минут 7 на веле, до централа 15, до Sloterdijk тоже 15, трамвай в трех шагах, но я в основном на веле. До работы 10 минут на веле.</p>\n<p>Вот вам видос про мою квартиру: <a href=\"https://www.youtube.com/watch?v=vXuOtw18x7g&amp;t=1s\"><span class=\"ratio-16-9 video-preview\" style=\"background-image: url('https://img.youtube.com/vi/vXuOtw18x7g/0.jpg');\"></span></a><br></p>\n<p>Пишите мне мне телеграм по тому же аккаунту если нужно больше подробностей (куда уж больше, хаха)</p>\n                </div>\n            </article>\n        \n    \n\n    <br>\n\n    <h2>На этом всё 👋</h2>\n\n    <p class=\"center editorial\">\n        Услышимся в журнале через неделю. Приносите годные ссылочки, пишите посты и палите инсайды.\n        Только вместе мы делаем Клуб таким полезным и охуенным!\n    </p>\n\n    <br><br><br>\n\n        </main>\n\n        <footer>\n            \n    <p>\n        Вы всегда можете <a href=\"https://vas3k.club/notifications/switch/nope/%user_id%/%secret_code%/\">отписаться от этого журнала</a> или, наоборот, <a href=\"https://vas3k.club/notifications/switch/daily/%user_id%/%secret_code%/\">подписаться на ежедневные дайджесты</a> чтобы получать самый свежий контент.\n    </p>\n\n            <p style=\"text-align: right;\">\n                Если вам больше не хочется никогда получать никаких писем от Клуба,<br> нажмите <a href=\"https://vas3k.club/notifications/unsubscribe/%user_id%/%secret_code%/\">отписаться вообще от всего</a>.\n            </p>\n        </footer>\n\n    </div>\n    <!--[if (gte mso 9)|(IE)]>\n    </td></tr></table>\n    <![endif]-->\n  </body>\n</html>\n", "url": null, "image": null, "metadata": null, "created_at": "2020-05-11T09:00:03.752066", "updated_at": "2020-05-11T09:01:32.954482", "last_activity_at": "2020-05-11T09:00:03.752102", "comment_count": 0, "view_count": 245, "upvotes": 0}