{"id": "ce528a46-d76b-40d5-b583-e6dc6dc4cb66", "author_id": "a5cfe720-3b53-41fd-b49c-b18e8abceb8a", "post_id": "8639811b-35eb-431b-8f7f-a02a3b396ef7", "post_title": "#intro от @MrFoxies", "reply_to_id": "0d4585fd-3b2b-465d-bd84-6178923b18da", "title": null, "text": "@begor, да, всё так. От своих друзей лондонцев я слышу прям очень стыдные истории изнутри баду, когда людей прям на улицу вышвыривают и они домой летят визу новую получать. Просто не знаю можно ли о них рассказывать. Го в Револют, если хочется РУССКОСТИ, либо Гугл/Фейсбук, если хочется деняк, ничего не делать и двадцать видов блюд на обед.", "url": null, "metadata": null, "created_at": "2020-04-27T12:39:28.040136", "updated_at": "2020-05-03T13:46:35.264138", "upvotes": 1, "is_visible": true, "is_deleted": false, "is_pinned": false}