{"id": "7969ebb7-12cd-4105-be2a-c8ad9bbb3624", "author_id": "a5cfe720-3b53-41fd-b49c-b18e8abceb8a", "post_id": "d3b92267-4c0e-4a7d-bd11-a1fba2757ba1", "post_title": "Насколько растет зп после панаеха", "reply_to_id": "46143ca3-2e3f-4283-94b6-eddfa7cdffcb", "title": null, "text": "@PavelNikalayeu, с одной стороны, я написал об этом целый пост. С другой, это такой навык, который весьма тяжело формализуется в «пять простых шагов». Это примерно как кататься на велосипеде. По интернету не научишься :)", "url": null, "metadata": null, "created_at": "2020-05-21T21:18:07.288382", "updated_at": "2020-05-24T16:03:48.778082", "upvotes": 0, "is_visible": true, "is_deleted": false, "is_pinned": false}