{"id": "87e01a4e-b42e-4ba0-a634-9ff9e3e66fae", "slug": "1043", "author_id": "a5cfe720-3b53-41fd-b49c-b18e8abceb8a", "type": "link", "topic": null, "label": null, "title": "Гибкая методология Scream", "text": "Одна из моих любимых старых статей, которая иронически описывает весь современный Scrum и Agile.\r\n\r\n> Scream: фреймфорк в рамках которого организация создает видимость внедрения Scrum без решения каких либо значимых проблем в процессах разработки. Scream создает иллюзию Agile, дает менеджерам чувство контроля над ситуацией, обеспечивает строгие сроки и подталкивает разработчиков к неэтичным и неустойчивым методам разработки.\r\n\r\nДальше там прям всё хорошо. Каждый пункт на вес золота, я рекомендую.", "url": "https://medium.com/@vladimirmerkushev/scream-guide-%D0%BA%D0%B0%D0%BA-%D0%B1%D1%8B%D1%82%D1%8C-agile-%D0%B8-%D0%BD%D0%B5-%D0%BC%D0%B5%D0%BD%D1%8F%D1%82%D1%8C%D1%81%D1%8F-3ad19ce4ad1c", "image": "https://medium.com/@vladimirmerkushev/scream-guide-%D0%BA%D0%B0%D0%BA-%D0%B1%D1%8B%D1%82%D1%8C-agile-%D0%B8-%D0%BD%D0%B5-%D0%BC%D0%B5%D0%BD%D1%8F%D1%82%D1%8C%D1%81%D1%8F-3ad19ce4ad1c", "metadata": {"url": "https://medium.com/@vladimirmerkushev/scream-guide-%D0%BA%D0%B0%D0%BA-%D0%B1%D1%8B%D1%82%D1%8C-agile-%D0%B8-%D0%BD%D0%B5-%D0%BC%D0%B5%D0%BD%D1%8F%D1%82%D1%8C%D1%81%D1%8F-3ad19ce4ad1c", "image": "", "title": "Attention Required!", "domain": "medium.com", "favicon": "https://medium.com/@vladimirmerkushev/scream-guide-%D0%BA%D0%B0%D0%BA-%D0%B1%D1%8B%D1%82%D1%8C-agile-%D0%B8-%D0%BD%D0%B5-%D0%BC%D0%B5%D0%BD%D1%8F%D1%82%D1%8C%D1%81%D1%8F-3ad19ce4ad1c", "summary": "This website is using a security service to protect itself from online attacks.\nThe action you just performed triggered the security solution.\nThere are several actions that could trigger this block including submitting a certain word or phrase, a SQL command or malformed data.\nWhat can I do to resolve this?\nYou can email the site owner to let them know you were blocked.\nPlease include what you were doing when this page came up and the Cloudflare Ray ID found at the bottom of this page."}, "created_at": "2020-04-30T09:50:50.510777", "updated_at": "2020-04-30T09:50:50.510815", "last_activity_at": "2020-04-30T09:50:50.510828", "comment_count": 0, "view_count": 0, "upvotes": 0}