{"id": "bb942606-8c69-46ae-9537-f0544831703e", "slug": "258", "author_id": "a5cfe720-3b53-41fd-b49c-b18e8abceb8a", "type": "battle", "topic": null, "label": {"code": "top_week", "color": "#8E44AD", "emoji": "🚀", "title": "Тема недели"}, "title": "Работа в крупной компании или Работа в стартапе", "text": "Надо запускать батлы с какой-то близкой и понятной каждому темы. Так что для разогрева давай вспомним наш старый добрый срач: **где и почему круче работать — в крупной компании или в стартапе?**\r\n\r\nСмузи или медстраховка? Стабильность или гибкость? OKR или хуяк-хуяк-в-продакшен?\r\n\r\nОдин комментарий — один аргумент в пользу того или другого. Для удобства чтения у каждого аргумента есть заголовок, который позволяет максимально быстро понять о чем он и не повторяться.\r\n\r\nНа аргументы можно реплаить и разводить под ними срач. Для этого они и нужны.\r\n\r\nЯ начну с самых очевидных тезисов. Погнали.", "url": null, "image": null, "metadata": {"battle": {"sides": {"a": {"name": "Работа в крупной компании"}, "b": {"name": "Работа в стартапе"}}}}, "created_at": "2020-04-24T16:39:39.214351", "updated_at": "2020-05-02T00:57:10.373523", "last_activity_at": "2020-05-02T00:57:10.373249", "comment_count": 71, "view_count": 533, "upvotes": 37}