{"comments": [{"id": "3f32accc-5c2a-419d-a0b9-8c9b5e4a94e9", "author_id": "a5cfe720-3b53-41fd-b49c-b18e8abceb8a", "post_id": "bb942606-8c69-46ae-9537-f0544831703e", "post_title": "Работа в крупной компании или Работа в стартапе", "reply_to_id": null, "title": "Идея, которая пришла тебе в голову утром, уже вечером может быть реализована", "text": "Экспа за убитых монстров так и сыпется в твое резюме.\r\n\r\nНикаких согласований на 17 кросс-митингах с тупыми душнилами из других отделов. Рост для стартапа важнее всего, а на него может повлиять любая идея. Чаще всего запилить и проверить её ты можешь прям сегодня.", "url": null, "metadata": {"battle": {"side": "b"}}, "created_at": "2020-04-24T16:43:33.340013", "updated_at": "2020-05-03T08:15:51.584904", "upvotes": 37, "is_visible": true, "is_deleted": false, "is_pinned": false}, {"id": "5b79d675-e117-4321-8671-c97bcec07d76", "author_id": "a5cfe720-3b53-41fd-b49c-b18e8abceb8a", "post_id": "bb942606-8c69-46ae-9537-f0544831703e", "post_title": "Работа в крупной компании или Работа в стартапе", "reply_to_id": null, "title": "Налаженные процессы и инфраструктура", "text": "Как еще узнать «как надо», кроме как увидеть это?\r\n\r\nКрупная компания обычно переварила тысячи разных человек с их охуительными идеями, прошла сотни итераций их впиливания-выпиливания говна и достигла условно стабильного существования, где набранная не в том терминале команда не сотрёт по ошибке Казахстан с лица земли. \r\n\r\nВ стартапе же все эти шишки придется набивать с нуля и самостоятельно, не всегда эффективным образом.", "url": null, "metadata": {"battle": {"side": "a"}}, "created_at": "2020-04-24T16:48:35.469026", "updated_at": "2020-05-03T08:15:51.667230", "upvotes": 29, "is_visible": true, "is_deleted": false, "is_pinned": false}, {"id": "713745bd-4b80-45fa-bb8a-9c1ad4da61d7", "author_id": "a5cfe720-3b53-41fd-b49c-b18e8abceb8a", "post_id": "bb942606-8c69-46ae-9537-f0544831703e", "post_title": "Работа в крупной компании или Работа в стартапе", "reply_to_id": null, "title": "Больше зона ответственности", "text": "В мелкой компании ты реально чувствуешь, что влияешь на продукт, и все твои решения сказываются на компании, а не утопают в недрах бюрократии.\r\n\r\nВ крупной дай бог если кто заметит тот радиус скругления уголочков, над которым ты работал последние два года.", "url": null, "metadata": {"battle": {"side": "b"}}, "created_at": "2020-04-24T17:02:16.559738", "updated_at": "2020-05-03T08:15:51.774039", "upvotes": 25, "is_visible": true, "is_deleted": false, "is_pinned": false}, {"id": "92d727bb-8938-4bc2-b6ff-ecce752bcc75", "author_id": "66c9988b-c08d-4edb-9553-58bc9647eb1a", "post_id": "bb942606-8c69-46ae-9537-f0544831703e", "post_title": "Работа в крупной компании или Работа в стартапе", "reply_to_id": null, "title": "Можно окэшиться если выстрелит", "text": "Иногда компании дают свои шейры в виде опционов, которые сотрудник получает постепенно по мере работы в компании. В стартапах на ранних этапах их дают почти всегда. Это возможность сделать неплохие деньги, если ты успел забить какую-то часть своих шейров (заэкзерсайзил опционы) к следующему раунду инвестиций.", "url": null, "metadata": {"battle": {"side": "b"}}, "created_at": "2020-04-24T17:10:54.577499", "updated_at": "2020-05-03T08:15:52.051081", "upvotes": 10, "is_visible": true, "is_deleted": false, "is_pinned": false}, {"id": "2f95d5d4-0145-4ecb-aad9-b55cadeac3f0", "author_id": "a123203a-3006-415f-a167-25171e6752c4", "post_id": "bb942606-8c69-46ae-9537-f0544831703e", "post_title": "Работа в крупной компании или Работа в стартапе", "reply_to_id": null, "title": "Работа в тонусе", "text": "Сложно ничего не делать. Обычно в стартапе ебашат все. \r\n\r\nВ крупной компании ты смотришь, как заканчиваются одинаковые дни, где работа занимает 10 минут в день, а оставшееся — митинги, отчеты и кофе-брейки.", "url": null, "metadata": {"battle": {"side": "b"}}, "created_at": "2020-04-24T17:13:56.211708", "updated_at": "2020-05-03T08:15:51.622649", "upvotes": 32, "is_visible": true, "is_deleted": false, "is_pinned": false}, {"id": "619c6719-cbf3-447a-be16-24705afbd960", "author_id": "119ef085-9061-43d2-9d31-0bceda736461", "post_id": "bb942606-8c69-46ae-9537-f0544831703e", "post_title": "Работа в крупной компании или Работа в стартапе", "reply_to_id": null, "title": "Быстрый рост до лида, если зайти рано", "text": "Если бизнес хороший и растет быстро, то с компанией  растет и штат. Если зайти рано, то при желании можно стать лидом и раздавать всем тикеты в жире.\r\n\r\nВ крупной — обычно куча грейдов с расплывчатыми требованиями, ассесмент днями и прочим. Если повезет, к пенсии станешь руководителем опенспейса.", "url": null, "metadata": {"battle": {"side": "b"}}, "created_at": "2020-04-24T17:17:59.838361", "updated_at": "2020-05-03T08:15:52.571097", "upvotes": 4, "is_visible": true, "is_deleted": false, "is_pinned": false}, {"id": "6d8f78e4-cb90-4601-9599-02d493df1966", "author_id": "d027d858-5258-4333-9973-5979faf0b070", "post_id": "bb942606-8c69-46ae-9537-f0544831703e", "post_title": "Работа в крупной компании или Работа в стартапе", "reply_to_id": null, "title": "Стабильнее в кризисы", "text": "В ситуациях типа как сейчас у крупных компаний обычно есть запасы денег для выживания, в то время как стартап живёт от раунда до раунда. \r\nВ крупных компаниях, конечно, тоже не без сокращений, но не в таких масштабах.", "url": null, "metadata": {"battle": {"side": "a"}}, "created_at": "2020-04-24T17:18:16.558558", "updated_at": "2020-05-03T08:15:51.812863", "upvotes": 26, "is_visible": true, "is_deleted": false, "is_pinned": false}, {"id": "4722c519-afec-48be-922c-d945a7a63aee", "author_id": "c8d3b239-202c-44b5-828f-43aece991b1d", "post_id": "bb942606-8c69-46ae-9537-f0544831703e", "post_title": "Работа в крупной компании или Работа в стартапе", "reply_to_id": null, "title": "С т а б и л ь н о с т ь", "text": "Намного меньше вероятность, что завтра компанию купят, а тебя или уволят или заставят вместо обработки данных со спутников писать убийцу тик-тока.", "url": null, "metadata": {"battle": {"side": "a"}}, "created_at": "2020-04-24T17:19:43.782170", "updated_at": "2020-05-03T08:15:52.424063", "upvotes": 8, "is_visible": true, "is_deleted": false, "is_pinned": false}, {"id": "ae3dff80-0bbc-4050-bc4d-0bc4d539d45e", "author_id": "c8d3b239-202c-44b5-828f-43aece991b1d", "post_id": "bb942606-8c69-46ae-9537-f0544831703e", "post_title": "Работа в крупной компании или Работа в стартапе", "reply_to_id": "619c6719-cbf3-447a-be16-24705afbd960", "title": null, "text": "лид_в_23.jpg", "url": null, "metadata": null, "created_at": "2020-04-24T17:22:42.176504", "updated_at": "2020-05-03T08:15:52.586399", "upvotes": 12, "is_visible": true, "is_deleted": false, "is_pinned": false}, {"id": "d99a26bc-0e49-40ae-bae7-1a979b21cfd2", "author_id": "c8d3b239-202c-44b5-828f-43aece991b1d", "post_id": "bb942606-8c69-46ae-9537-f0544831703e", "post_title": "Работа в крупной компании или Работа в стартапе", "reply_to_id": "5b79d675-e117-4321-8671-c97bcec07d76", "title": null, "text": "Налаженные процессы и инфраструктура — это хорошо в случае, если они не двадцатилетней давности и тебе надо релиз записывать на болванку и класть в сейф для бэкапа.", "url": null, "metadata": null, "created_at": "2020-04-24T17:24:00.004846", "updated_at": "2020-05-03T08:15:51.680993", "upvotes": 15, "is_visible": true, "is_deleted": false, "is_pinned": false}, {"id": "0b02afe1-a19d-4176-8489-218f6874d7eb", "author_id": "a4667fa7-d4d0-4634-93c9-0cbfa2e75211", "post_id": "bb942606-8c69-46ae-9537-f0544831703e", "post_title": "Работа в крупной компании или Работа в стартапе", "reply_to_id": "92d727bb-8938-4bc2-b6ff-ecce752bcc75", "title": null, "text": "Как аргумент в вакууме, наверно, плохо работает. Больше, если честно, похоже на утешение.\r\nЕсли идти за деньгами, точно ли лучше в стартап? Так-то матожидание в крупной компании, наверно, больше. Ну и про дисперсию неочевидно, премии могут быть не особо чем-то ограничены.\r\nВот может в стартапе будет меньше шансов на несправедливость в случае выброса, но не уверен.", "url": null, "metadata": null, "created_at": "2020-04-24T17:24:46.962319", "updated_at": "2020-05-03T08:15:52.064425", "upvotes": 1, "is_visible": true, "is_deleted": false, "is_pinned": false}, {"id": "36224561-3e62-4e23-87f9-fa0e45440fe6", "author_id": "a123203a-3006-415f-a167-25171e6752c4", "post_id": "bb942606-8c69-46ae-9537-f0544831703e", "post_title": "Работа в крупной компании или Работа в стартапе", "reply_to_id": null, "title": "Лычка в резюме", "text": "«Работал в FAANG» в резюме выглядит круче, чем «работал в хипста стартапе» о котором никто не слышал.", "url": null, "metadata": {"battle": {"side": "a"}}, "created_at": "2020-04-24T17:27:35.118534", "updated_at": "2020-05-03T08:15:51.732479", "upvotes": 27, "is_visible": true, "is_deleted": false, "is_pinned": false}, {"id": "c7f84260-882a-4b81-9a0e-e8810dd4d406", "author_id": "66c9988b-c08d-4edb-9553-58bc9647eb1a", "post_id": "bb942606-8c69-46ae-9537-f0544831703e", "post_title": "Работа в крупной компании или Работа в стартапе", "reply_to_id": "92d727bb-8938-4bc2-b6ff-ecce752bcc75", "title": null, "text": "Нихуя не понял, если честно. Но это все же не единственный плюс.", "url": null, "metadata": null, "created_at": "2020-04-24T17:28:50.122564", "updated_at": "2020-05-03T08:15:52.087598", "upvotes": 0, "is_visible": true, "is_deleted": false, "is_pinned": false}, {"id": "4640ee41-c96f-4b85-bd2d-cfdd5b5dd913", "author_id": "c8d3b239-202c-44b5-828f-43aece991b1d", "post_id": "bb942606-8c69-46ae-9537-f0544831703e", "post_title": "Работа в крупной компании или Работа в стартапе", "reply_to_id": null, "title": "Make world a better place", "text": "Можно оказаться у истоков чего-то, что кардинально изменит мир, хотя сейчас ты (и фаундеры) это не понимают.", "url": null, "metadata": {"battle": {"side": "b"}}, "created_at": "2020-04-24T17:40:34.816801", "updated_at": "2020-05-03T08:15:51.900007", "upvotes": 15, "is_visible": true, "is_deleted": false, "is_pinned": false}, {"id": "8264e4b3-cdb5-42b1-ad3b-1880e6f31801", "author_id": "8f34d85c-cd71-4cc0-8c5d-5cb3cce208d6", "post_id": "bb942606-8c69-46ae-9537-f0544831703e", "post_title": "Работа в крупной компании или Работа в стартапе", "reply_to_id": null, "title": "Работа с людьми у которых есть драйв", "text": "В стартапе или небольшой компании можно поработать с действительно крутыми чувакам с драйвом и горящими глазами, которые хотят что-то менять и делать и, у которых можно чему-то научиться либо самому научить. В отличии от большой стабильной компании, среди дедов, которые туда как раз пришли за стабильностью, а не за драйвом", "url": null, "metadata": {"battle": {"side": "b"}}, "created_at": "2020-04-24T17:58:16.932320", "updated_at": "2020-05-03T08:15:52.388321", "upvotes": 9, "is_visible": true, "is_deleted": false, "is_pinned": false}, {"id": "6a675a82-ac01-4c4e-80d4-6669eda26993", "author_id": "8bfaf7c8-feb8-4af6-b76c-d9c074b88c25", "post_id": "bb942606-8c69-46ae-9537-f0544831703e", "post_title": "Работа в крупной компании или Работа в стартапе", "reply_to_id": "2f95d5d4-0145-4ecb-aad9-b55cadeac3f0", "title": null, "text": "+1 за этот аргумент. При том, что моя задача в команде разводить нудную бюрократию, когда процесс запущен и отлажен, лично я начинаю тухнуть. Меня спасает только проектный подход в нашей галере, поэтому каждый новый проект требует каких-то новых решений. Двух одинаковых проектов до сих пор не было.", "url": null, "metadata": null, "created_at": "2020-04-24T17:58:31.015114", "updated_at": "2020-05-03T08:15:51.635469", "upvotes": 0, "is_visible": true, "is_deleted": false, "is_pinned": false}, {"id": "bc1ede63-eac8-4237-afe8-b37a019066da", "author_id": "353dde02-d2c4-4f8c-8a21-5e149321f956", "post_id": "bb942606-8c69-46ae-9537-f0544831703e", "post_title": "Работа в крупной компании или Работа в стартапе", "reply_to_id": null, "title": "Возможность зарыться в свое дело с головой", "text": "Только работая в крупной компании я смог по настоящему узко закопаться в своем направлении.\r\nСпокойно работаешь над одним большим проектом: \r\n* находишь баги в твоих любимых библиотеках\r\n* пишешь гневные issue в github\r\n* находишь недокументированный api либ\r\n* реально следишь за обновлением правил линтеров и анализируешь под какие новые правила подиливать проект будет очень больно 😀", "url": null, "metadata": {"battle": {"side": "a"}}, "created_at": "2020-04-24T19:15:02.717916", "updated_at": "2020-05-03T08:15:51.930787", "upvotes": 11, "is_visible": true, "is_deleted": false, "is_pinned": false}, {"id": "e650fc7a-9ee2-468a-95c1-de1b5ac96fc1", "author_id": "e180b91f-4e37-464e-bd8e-db52826526ec", "post_id": "bb942606-8c69-46ae-9537-f0544831703e", "post_title": "Работа в крупной компании или Работа в стартапе", "reply_to_id": "5b79d675-e117-4321-8671-c97bcec07d76", "title": null, "text": "Ох...\r\nСкажу лишь, что в некоторых \"русских Гуглах\" это все в такой жопе и инерции, что я даже не знаю. \r\n\r\nДавно хотел написать некоторое эссе по мотивам рефлексии о трех годах там, но все никак не соберусь.", "url": null, "metadata": null, "created_at": "2020-04-24T19:48:54.162917", "updated_at": "2020-05-03T08:15:51.697742", "upvotes": 5, "is_visible": true, "is_deleted": false, "is_pinned": false}, {"id": "32506f2b-ace2-4238-9b10-827f7c8200bb", "author_id": "e180b91f-4e37-464e-bd8e-db52826526ec", "post_id": "bb942606-8c69-46ae-9537-f0544831703e", "post_title": "Работа в крупной компании или Работа в стартапе", "reply_to_id": null, "title": "Много деняк", "text": "Можно не особо напрягаясь работать за 200-300к бейз в Долине, получать еще столько же опционов и ездить на горящего человека закидываться кислотой.\r\nНикакой ответственности, только качественное перекладывание джисонов из одной базы в другую.\r\n\r\nRelated: https://danluu.com/startup-tradeoffs/", "url": null, "metadata": {"battle": {"side": "a"}}, "created_at": "2020-04-24T19:50:19.829437", "updated_at": "2020-05-03T08:15:51.972152", "upvotes": 13, "is_visible": true, "is_deleted": false, "is_pinned": false}, {"id": "83c75787-4fdf-4ae7-9912-790d17af6395", "author_id": "e180b91f-4e37-464e-bd8e-db52826526ec", "post_id": "bb942606-8c69-46ae-9537-f0544831703e", "post_title": "Работа в крупной компании или Работа в стартапе", "reply_to_id": null, "title": "(сравнительно) Нет легаси", "text": "Я видел такое, во что вы, люди, просто не поверите. Тактический sed в параллельном ssh-клиенте как метод деплоя на подступах к продакшену. Я смотрел, как несобирающиеся deb-пакеты мерцают во тьме близ врат деплой-системы, последний разработчик которой уволился два года назад, а большинство все еще ее используют. Все эти мгновения исчезнут во времени, как слёзы под дождём. Пора уходить в стартап.", "url": null, "metadata": {"battle": {"side": "b"}}, "created_at": "2020-04-24T19:55:32.127084", "updated_at": "2020-05-03T08:15:52.340608", "upvotes": 9, "is_visible": true, "is_deleted": false, "is_pinned": false}, {"id": "bb615def-8223-4d14-ac8d-ab850e17a753", "author_id": "8adf8759-0978-4725-b7b3-93f9c1f613d8", "post_id": "bb942606-8c69-46ae-9537-f0544831703e", "post_title": "Работа в крупной компании или Работа в стартапе", "reply_to_id": null, "title": "Лучшее из двух миров", "text": "Вариант: Крупная компания покупает стартап, но не закрывает его продукт (убирает конкурента), а собирается развивать его дальше (нужно было, например, зайти на рынок который уже захватывал этот стартап). \"Бывшему стартапу\" вполне могут дать вдоволь автономии и даже оставить на местах (почти) все прежнее руководство.\r\n\r\nНеминуемо, крупная компания полностью интегрирует в себя и поглотит \"стартап\", навяжет свои процессы и т.д., и его команда рано или поздно окажется на том же этапе где в этот момент будет находится купившая его крупная компания согласно жизненному циклу компаний Вастрика, но...\r\n\r\nЕсли попасть именно в такую автономную команду в составе крупной компании, можно получить 2-3 года работы \"как в стартапе\", но с компенсацией купившей его корпорации.", "url": null, "metadata": {"battle": {"side": "a"}}, "created_at": "2020-04-24T19:59:51.365864", "updated_at": "2020-05-03T08:15:52.502196", "upvotes": 6, "is_visible": true, "is_deleted": false, "is_pinned": false}, {"id": "cb8f4691-685e-469c-b868-8efbb07c25c0", "author_id": "089e0f1d-c0ee-4ded-b72d-da5158b3030c", "post_id": "bb942606-8c69-46ae-9537-f0544831703e", "post_title": "Работа в крупной компании или Работа в стартапе", "reply_to_id": "83c75787-4fdf-4ae7-9912-790d17af6395", "title": null, "text": "хаха, в стартапе код без костылей, даааа точно :)", "url": null, "metadata": null, "created_at": "2020-04-25T05:54:43.809855", "updated_at": "2020-05-03T08:15:52.354465", "upvotes": 3, "is_visible": true, "is_deleted": false, "is_pinned": false}, {"id": "8d7555f7-7f37-494f-92ae-db58bb010905", "author_id": "5a6def8c-687e-487b-b4af-def006d15fbf", "post_id": "bb942606-8c69-46ae-9537-f0544831703e", "post_title": "Работа в крупной компании или Работа в стартапе", "reply_to_id": null, "title": "Работа в исследовательской группе", "text": "В большой компании можно попасть в команду, которая пилит пилотики и пруф-оф-концепт проекты. Тогда тебе и коллеги с горящими глазами, и есть, где развернуться,  и дорогие технологии,  и нет давления \"мы теряем рынок\" - компания уже на рынке и привыкла к долгим процессам разработки.", "url": null, "metadata": {"battle": {"side": "a"}}, "created_at": "2020-04-25T06:56:46.663846", "updated_at": "2020-05-03T08:15:51.873314", "upvotes": 24, "is_visible": true, "is_deleted": false, "is_pinned": false}, {"id": "9ad243e3-c1d6-4412-91a1-4b28e8e24e9e", "author_id": "3ef20ac0-06b7-4881-b304-85c1b94bb1d7", "post_id": "bb942606-8c69-46ae-9537-f0544831703e", "post_title": "Работа в крупной компании или Работа в стартапе", "reply_to_id": "83c75787-4fdf-4ae7-9912-790d17af6395", "title": null, "text": "ну так легаси и костыли не одно и то же :)", "url": null, "metadata": null, "created_at": "2020-04-25T07:12:37.267662", "updated_at": "2020-05-03T08:15:52.370816", "upvotes": 3, "is_visible": true, "is_deleted": false, "is_pinned": false}, {"id": "6cd788aa-5460-4b94-bcbb-f6fea03929b1", "author_id": "01b4f102-aa4e-43b3-85c4-4abdc359d801", "post_id": "bb942606-8c69-46ae-9537-f0544831703e", "post_title": "Работа в крупной компании или Работа в стартапе", "reply_to_id": "36224561-3e62-4e23-87f9-fa0e45440fe6", "title": null, "text": "Это смотря где и для кого. \r\nАргумент, что ты много лет эффектино мел упавший лист в Токио важен, если ты и дальше хочешь этот лист мести, но уже в Нью-Йорке.\r\nА мне, например, важнее чел, который рухнул со своим стартапом, но не выгорел. От него толку будет на порядок больше. Бюрократа с умением пиздеть в тему я найду на раз, а (в терминах Вастрика) хуятора с идеями надо копать. Найдя, его только поливать вовремя и стричь аккуратно - и будет полный крекс-пекс-фекс, на каждый гудьден - куст зелененького.", "url": null, "metadata": null, "created_at": "2020-04-25T07:46:02.595711", "updated_at": "2020-05-03T08:15:51.745822", "upvotes": 5, "is_visible": true, "is_deleted": false, "is_pinned": false}, {"id": "389efc75-1899-4055-9df9-53088b30ef93", "author_id": "5a6def8c-687e-487b-b4af-def006d15fbf", "post_id": "bb942606-8c69-46ae-9537-f0544831703e", "post_title": "Работа в крупной компании или Работа в стартапе", "reply_to_id": null, "title": "Внутривидовая конкуренция как-то честнее", "text": "И вообще, в стартапах меньше политики.\r\n\r\nВсе на виду, поэтому в конкуренции бОльшую роль играют профессиональные навыки, чем умение плести интрижки .", "url": null, "metadata": {"battle": {"side": "b"}}, "created_at": "2020-04-25T07:48:27.280111", "updated_at": "2020-05-03T08:15:52.441054", "upvotes": 7, "is_visible": true, "is_deleted": false, "is_pinned": false}, {"id": "0020b042-4d42-4306-8861-0acfb0a01cbb", "author_id": "01b4f102-aa4e-43b3-85c4-4abdc359d801", "post_id": "bb942606-8c69-46ae-9537-f0544831703e", "post_title": "Работа в крупной компании или Работа в стартапе", "reply_to_id": "6d8f78e4-cb90-4601-9599-02d493df1966", "title": null, "text": "Спорно.\r\nВот авиакомпании - огромны и успешны. Были. Рухнули об корону как стеклянные. \r\nА мелочь типа \"дома писал и через сетку сливал\" так и срижет свое. Не Куча, под которую теперь аж правительства напрягают все эти Мегакоты Базилио, - подайте бывшему монстру такого-то прома вот столько биллиардов на красивые похороны бизнеса, а Пригорок, которому тот же банк под корону легко отпиливает несущественную в общем объеме его оборота, но вполне достаточную для наваристого супчика с бокалом италийского для просителя.", "url": null, "metadata": null, "created_at": "2020-04-25T07:54:41.219768", "updated_at": "2020-05-03T08:15:51.836189", "upvotes": 3, "is_visible": true, "is_deleted": false, "is_pinned": false}, {"id": "f2985c2d-87c3-4976-81e6-d952c0913b69", "author_id": "01b4f102-aa4e-43b3-85c4-4abdc359d801", "post_id": "bb942606-8c69-46ae-9537-f0544831703e", "post_title": "Работа в крупной компании или Работа в стартапе", "reply_to_id": null, "title": "Лично я - генератор. Но не постоянного тока.", "text": "В крупной компании слишком дофига резисторов всяких, сопротивляющихся всему, что ново или нестабильно. Там рулят бюрократы. Надо пилить одну и ту же железяку одним и тем же напильником.\r\n\r\nА в стартапе и железки либо новые, либо разные и напильники почти всегда самому надо сделать. Кайф.\r\n\r\nА когда старап поднят и пошел, - отдать бюрократам и запилить новый.", "url": null, "metadata": {"battle": {"side": "b"}}, "created_at": "2020-04-25T08:07:57.075718", "updated_at": "2020-05-03T08:15:52.614336", "upvotes": 3, "is_visible": true, "is_deleted": false, "is_pinned": false}, {"id": "9d000d4a-07ea-4d15-a249-38c9e4e9ce2d", "author_id": "66c9988b-c08d-4edb-9553-58bc9647eb1a", "post_id": "bb942606-8c69-46ae-9537-f0544831703e", "post_title": "Работа в крупной компании или Работа в стартапе", "reply_to_id": "32506f2b-ace2-4238-9b10-827f7c8200bb", "title": null, "text": "Захотелось кислоты.", "url": null, "metadata": null, "created_at": "2020-04-25T13:42:23.923535", "updated_at": "2020-05-03T08:15:51.992509", "upvotes": 4, "is_visible": true, "is_deleted": false, "is_pinned": false}, {"id": "47d2f99e-a4e2-43e0-b7af-0fd1783267bc", "author_id": "61214d7d-5861-4162-9183-91d32bef4bc1", "post_id": "bb942606-8c69-46ae-9537-f0544831703e", "post_title": "Работа в крупной компании или Работа в стартапе", "reply_to_id": "6d8f78e4-cb90-4601-9599-02d493df1966", "title": null, "text": "Не нужно путать стабильность компании и стабильность рядового сотрудника в ней. Крупная компания уволит 20-30% людей в кризис и будет дальше стабильна, а уволенные будут судорожно искать работу, если нет денежной подушки.\r\n\r\nВ кризис наиболее стабильно себя чувствуют стартапы, которые подняли до этого хороший раунд инвестиций.", "url": null, "metadata": null, "created_at": "2020-04-25T22:26:48.562582", "updated_at": "2020-05-03T08:15:51.852630", "upvotes": 6, "is_visible": true, "is_deleted": false, "is_pinned": false}, {"id": "4556682c-c985-4723-9bd7-181885dbde2f", "author_id": "aba730bb-530c-4897-9b71-e0045b8e3e4a", "post_id": "bb942606-8c69-46ae-9537-f0544831703e", "post_title": "Работа в крупной компании или Работа в стартапе", "reply_to_id": "92d727bb-8938-4bc2-b6ff-ecce752bcc75", "title": null, "text": "@SergeyBankevich, полтора месяца назад я как раз получил выбор между двумя этими стульями: получил оффер от стартапа с опционами и оффер от ВК. Разница в деньгах была только до испыталки, после испыталки стартап будет платить больше. Конечно, ВК предложил ещё всякие плюшки типа оплаты спорта, да и обеды обещали оплачить чуть более активно, но в целом я большой разницы в деньгах не увидел (может, конечно, потому что я ещё маленький, но хз)", "url": null, "metadata": null, "created_at": "2020-04-27T10:51:51.865853", "updated_at": "2020-05-03T08:15:52.123083", "upvotes": 0, "is_visible": true, "is_deleted": false, "is_pinned": false}, {"id": "9939fdaa-1333-4cb1-8ad1-52f23ccf843d", "author_id": "3d96701f-bbf6-4b34-b3f5-8ad4b5bead30", "post_id": "bb942606-8c69-46ae-9537-f0544831703e", "post_title": "Работа в крупной компании или Работа в стартапе", "reply_to_id": "2f95d5d4-0145-4ecb-aad9-b55cadeac3f0", "title": null, "text": "-1 за этот аргумент. Почти всю свою рабочую жизнь я работаю в корпорациях, и нигде у меня не было больше одной встречи в неделю. Пожалуйста, не шутите, что я никому не нужен, и поэтому меня не зовут на встречи :(", "url": null, "metadata": null, "created_at": "2020-04-27T10:55:02.121057", "updated_at": "2020-05-03T08:15:51.644800", "upvotes": 2, "is_visible": true, "is_deleted": false, "is_pinned": false}, {"id": "da1cd779-fec5-40c5-b0b2-1cf228622d5e", "author_id": "aba730bb-530c-4897-9b71-e0045b8e3e4a", "post_id": "bb942606-8c69-46ae-9537-f0544831703e", "post_title": "Работа в крупной компании или Работа в стартапе", "reply_to_id": null, "title": "Нет дедов, все на равных", "text": "(Говорю с позиции 25-летнего пиздюка)\r\n\r\nПоработал и в молодом, и в старом коллективе. В стартапах все общаются на равных, вы вместе ходите бухать, играете в настолки друг у друга. \r\n\r\nВ крупной компании же ты очередной пиздюк, который через год пойдёт на мороз получать +50к к зп. Все смотрят на тебя снисходительно, в целом готовы поболтать, но особо близко не подпустят — у них там своя тусовка.", "url": null, "metadata": {"battle": {"side": "b"}}, "created_at": "2020-04-27T10:57:36.741329", "updated_at": "2020-05-03T08:15:52.516767", "upvotes": 5, "is_visible": true, "is_deleted": false, "is_pinned": false}, {"id": "3d8dd221-59de-422d-80a8-98fed9350c4b", "author_id": "aba730bb-530c-4897-9b71-e0045b8e3e4a", "post_id": "bb942606-8c69-46ae-9537-f0544831703e", "post_title": "Работа в крупной компании или Работа в стартапе", "reply_to_id": null, "title": "Плюшки", "text": "Массажное кресло.\r\nПсихотерапевт раз в неделю принимает.\r\nПолдники в 17:00.\r\nКомпенсация обедов.\r\nБюджет на тимбилдинг.\r\nОплата спорта.\r\nДМС с первого дня.\r\n(Список можно продолжать долго.)\r\n\r\nСтартап чаще всего предлагает только котлету и более-менее богатый кофепойнт, но более приятных плюх не всегда получить.", "url": null, "metadata": {"battle": {"side": "a"}}, "created_at": "2020-04-27T10:59:53.807943", "updated_at": "2020-05-03T08:15:52.707516", "upvotes": 3, "is_visible": true, "is_deleted": false, "is_pinned": false}, {"id": "40e12f04-a9a6-45e5-adda-99ffa3c83dfd", "author_id": "3d96701f-bbf6-4b34-b3f5-8ad4b5bead30", "post_id": "bb942606-8c69-46ae-9537-f0544831703e", "post_title": "Работа в крупной компании или Работа в стартапе", "reply_to_id": "92d727bb-8938-4bc2-b6ff-ecce752bcc75", "title": null, "text": "В корпорациях тоже часто опционов насыпают, особенно если это не российская корпорация", "url": null, "metadata": null, "created_at": "2020-04-27T11:03:48.779648", "updated_at": "2020-05-03T08:15:52.168965", "upvotes": 0, "is_visible": true, "is_deleted": false, "is_pinned": false}, {"id": "edbc373c-d7b5-49f6-9a53-3a429aa9408c", "author_id": "66c9988b-c08d-4edb-9553-58bc9647eb1a", "post_id": "bb942606-8c69-46ae-9537-f0544831703e", "post_title": "Работа в крупной компании или Работа в стартапе", "reply_to_id": "92d727bb-8938-4bc2-b6ff-ecce752bcc75", "title": null, "text": "@emocoder, да но мультиплаер там поменьше)", "url": null, "metadata": null, "created_at": "2020-04-27T13:01:36.878779", "updated_at": "2020-05-03T08:15:52.201232", "upvotes": 0, "is_visible": true, "is_deleted": false, "is_pinned": false}, {"id": "81e80cbd-a504-44a9-8046-a07579109ac5", "author_id": "57b01fe4-cfcc-4558-a6ed-55127c958242", "post_id": "bb942606-8c69-46ae-9537-f0544831703e", "post_title": "Работа в крупной компании или Работа в стартапе", "reply_to_id": null, "title": "Расширение кругозора", "text": "Можно увидеть много хороших и плохих решений, как в разработке, так и в менеджменте, которые компания уже применяла, намотать на ус и класть в свою копилку знаний, в отличие от стартапов, которые могут стоять на развилке с риском провалиться: делать так или эдак", "url": null, "metadata": {"battle": {"side": "a"}}, "created_at": "2020-04-27T13:08:01.670463", "updated_at": "2020-05-03T08:15:52.476579", "upvotes": 7, "is_visible": true, "is_deleted": false, "is_pinned": false}, {"id": "58b0e2f6-dc2c-4642-99dd-eda9ab7c95f5", "author_id": "3d96701f-bbf6-4b34-b3f5-8ad4b5bead30", "post_id": "bb942606-8c69-46ae-9537-f0544831703e", "post_title": "Работа в крупной компании или Работа в стартапе", "reply_to_id": "92d727bb-8938-4bc2-b6ff-ecce752bcc75", "title": null, "text": "@stepan, ну это и от стартапа, и от корпорации зависит. Мы же не будем вспоминать, что большинство стартапов проваливаются?", "url": null, "metadata": null, "created_at": "2020-04-27T13:10:51.040151", "updated_at": "2020-05-03T08:15:52.241785", "upvotes": 0, "is_visible": true, "is_deleted": false, "is_pinned": false}, {"id": "05296b5d-2c0f-4d4e-90ee-e7105900b537", "author_id": "c8d3b239-202c-44b5-828f-43aece991b1d", "post_id": "bb942606-8c69-46ae-9537-f0544831703e", "post_title": "Работа в крупной компании или Работа в стартапе", "reply_to_id": "92d727bb-8938-4bc2-b6ff-ecce752bcc75", "title": null, "text": "Так ты и не иди работать в те, что провалятся, ты же себя не на помойке нашел.", "url": null, "metadata": {"telegram": {"message": {"chat": {"id": -1001168227240, "type": "supergroup", "title": "Вастрик.Клуб: Админка"}, "date": 1587993222, "from": {"id": 109239379, "is_bot": false, "username": "APilosian", "last_name": "Pilosian", "first_name": "Ashot", "language_code": "en"}, "text": "Так ты и не иди работать в те, что провалятся, ты же себя не на помойке нашел.", "photo": [], "entities": [], "message_id": 2584, "new_chat_photo": [], "caption_entities": [], "new_chat_members": [], "reply_to_message": {"chat": {"id": -1001168227240, "type": "supergroup", "title": "Вастрик.Клуб: Админка"}, "date": 1587993051, "from": {"id": 921354081, "is_bot": true, "username": "vas3k_club_bot", "first_name": "THE A.I."}, "text": "💬 Новый реплай к посту «Работа в крупной компании или Работа в стартапе»\n\nАвтор: emocoder\n\n@stepan, ну это и от стартапа, и от корпорации зависит. Мы же не будем вспоминать, что большинство стартапов проваливаются?\n\nПосмотреть ➜", "photo": [], "entities": [{"type": "bold", "length": 22, "offset": 3}, {"url": "https://vas3k.club/battle/258/", "type": "text_link", "length": 47, "offset": 25}, {"type": "bold", "length": 47, "offset": 25}, {"type": "bold", "length": 1, "offset": 72}, {"type": "bold", "length": 6, "offset": 75}, {"type": "mention", "length": 7, "offset": 92}, {"url": "https://vas3k.club/post/258/comment/58b0e2f6-dc2c-4642-99dd-eda9ab7c95f5/", "type": "text_link", "length": 12, "offset": 217}], "message_id": 2582, "new_chat_photo": [], "caption_entities": [], "new_chat_members": [], "delete_chat_photo": false, "group_chat_created": false, "channel_chat_created": false, "supergroup_chat_created": false}, "delete_chat_photo": false, "group_chat_created": false, "channel_chat_created": false, "supergroup_chat_created": false}, "update_id": 126025730, "_effective_chat": {"id": -1001168227240, "type": "supergroup", "title": "Вастрик.Клуб: Админка"}, "_effective_user": {"id": 109239379, "is_bot": false, "username": "APilosian", "last_name": "Pilosian", "first_name": "Ashot", "language_code": "en"}}}, "created_at": "2020-04-27T13:13:42.513565", "updated_at": "2020-05-03T08:15:52.281786", "upvotes": 1, "is_visible": true, "is_deleted": false, "is_pinned": false}, {"id": "bee73f2f-a8f1-4234-97a2-3fa5d760f816", "author_id": "e180b91f-4e37-464e-bd8e-db52826526ec", "post_id": "bb942606-8c69-46ae-9537-f0544831703e", "post_title": "Работа в крупной компании или Работа в стартапе", "reply_to_id": null, "title": "Можно уйти CTO в стартап", "text": "Ребят с высоких грейдов (L5+, E5+, 18+) охотно берут в ранние стартапы CTO, чтобы радостно об этом написать на сайте и в питче. \r\nДля этого, правда, нужно жить в месте, где ранние стартапы это частая история.", "url": null, "metadata": {"battle": {"side": "a"}}, "created_at": "2020-04-27T14:14:00.679787", "updated_at": "2020-05-03T08:15:52.455492", "upvotes": 8, "is_visible": true, "is_deleted": false, "is_pinned": false}, {"id": "dbf3384c-e751-439b-859d-2b8076ef2ab2", "author_id": "3d96701f-bbf6-4b34-b3f5-8ad4b5bead30", "post_id": "bb942606-8c69-46ae-9537-f0544831703e", "post_title": "Работа в крупной компании или Работа в стартапе", "reply_to_id": "92d727bb-8938-4bc2-b6ff-ecce752bcc75", "title": null, "text": "@APilosian, я себя на карантине нашёл :(", "url": null, "metadata": null, "created_at": "2020-04-27T14:16:12.866171", "updated_at": "2020-05-03T08:15:52.305665", "upvotes": 0, "is_visible": true, "is_deleted": false, "is_pinned": false}, {"id": "e9276ef3-e91d-46d2-9bc3-cea7a146834a", "author_id": "5a6def8c-687e-487b-b4af-def006d15fbf", "post_id": "bb942606-8c69-46ae-9537-f0544831703e", "post_title": "Работа в крупной компании или Работа в стартапе", "reply_to_id": "81e80cbd-a504-44a9-8046-a07579109ac5", "title": null, "text": "Вот точно. Нигде не увидишь столько lessons learned в долгосрочной перспективе, как в хорошем энтерпрайзе.\r\n\r\nА еще там удобно эмприрически наблюдать период полураспада разных приложений.", "url": null, "metadata": null, "created_at": "2020-04-27T18:39:02.308215", "updated_at": "2020-05-03T08:15:52.491042", "upvotes": 1, "is_visible": true, "is_deleted": false, "is_pinned": false}, {"id": "4c537fdf-7292-4954-8f7b-a3236e21b1cd", "author_id": "57b01fe4-cfcc-4558-a6ed-55127c958242", "post_id": "bb942606-8c69-46ae-9537-f0544831703e", "post_title": "Работа в крупной компании или Работа в стартапе", "reply_to_id": null, "title": "Корпоративы на все бабло!", "text": "Многие компании устраивают не только новогодний корпорат в ресторане напротив офиса с бухлом, закусочками и выступлением местной кавер-группы, но еще и летние выезды, так сказать, на шашлыки, с тимбилдингом и прочим развлечением. Ты ведь за этим пришел работать сюда, дружок, ради жрачки за счет работодателя?  А если возьмешь с собой контейнеры, можешь жене и детям унести пару салатиков, smekalochka", "url": null, "metadata": {"battle": {"side": "a"}}, "created_at": "2020-04-27T20:07:08.073885", "updated_at": "2020-05-03T08:15:52.722179", "upvotes": 3, "is_visible": true, "is_deleted": false, "is_pinned": false}, {"id": "b943a3fb-d886-46f3-abe6-48c6aa2c94b8", "author_id": "15e1d955-11f8-4e71-8693-3b63976898e0", "post_id": "bb942606-8c69-46ae-9537-f0544831703e", "post_title": "Работа в крупной компании или Работа в стартапе", "reply_to_id": null, "title": "Работал и там и там", "text": "Минусы большой компании\r\n- Все долго\r\n- Твое влияние часто ограничено бюрократией и политическими играми. \r\n- Нельзя просто взять и починить или просто сделать нормально, надо обязательно задокументировать преодоление. \r\n- Часто нельзя напрямую мимо начальства идти в другой отдел\r\n\r\nПлюс большой компании\r\n- Все долго, можно весьма долго пинать вола. Но это и жирный минус, начинаешь деградировать.\r\n- Соцпакет (ДМС и т.п.)\r\n- Часто зарплата выше чем в целом в городе\r\n\r\nПлюсы малой компании\r\n- Реально можешь что-то сделать не через 100500 лет\r\n- Меньше бюрократии, сильно меньше\r\n- Тимлид хороший и задачи интересные (с)\r\n\r\nМинусы малой компании\r\n- Халявить не получится, нужно ебошить. После долгой работы в большой компании тяжело\r\n- Могут меньше платить\r\n- Скорее всего нет соц. пакета.\r\n\r\nМой выбор малые компании, мне легче работать в них.", "url": null, "metadata": {"battle": {"side": "b"}}, "created_at": "2020-04-28T11:46:15.191910", "updated_at": "2020-05-03T08:15:52.635335", "upvotes": 3, "is_visible": true, "is_deleted": false, "is_pinned": false}, {"id": "db4b5e69-a840-4e1e-bbae-cdc5ffcc0729", "author_id": "c3a85cf3-17b8-40c4-b2d2-25d11581898b", "post_id": "bb942606-8c69-46ae-9537-f0544831703e", "post_title": "Работа в крупной компании или Работа в стартапе", "reply_to_id": null, "title": "Больше делаешь, больше знаешь", "text": "Чувствуешь что что-то делаешь, и имеешь влияние на продукт. Можно запилить новую фичу вечером, а утром уже залить на прод, что чувствуется очень странно после рабоыт в большой компании.\r\nМожешь провести полностью свою идею без сотни митингов и согласований с сотней менеджеров.\r\n\r\nМинусы:\r\nНужно много работать.\r\n\r\nНо ближе к старости лучше все-таки работать(ничего не делать) в большой компании", "url": null, "metadata": {"battle": {"side": "b"}}, "created_at": "2020-04-28T11:54:37.289612", "updated_at": "2020-05-03T08:15:52.744822", "upvotes": 0, "is_visible": true, "is_deleted": false, "is_pinned": false}, {"id": "5e23e97f-a538-4dff-b66d-6ab194620b7e", "author_id": "68e66e94-35f8-4db1-a40d-0deaf28708d7", "post_id": "bb942606-8c69-46ae-9537-f0544831703e", "post_title": "Работа в крупной компании или Работа в стартапе", "reply_to_id": "5b79d675-e117-4321-8671-c97bcec07d76", "title": null, "text": "Бывают большие компании, с минусами стартапов. Причем проект огромный, на рынке давно, а организация страдает.", "url": null, "metadata": null, "created_at": "2020-04-28T13:40:04.403687", "updated_at": "2020-05-03T08:15:51.711338", "upvotes": 0, "is_visible": true, "is_deleted": false, "is_pinned": false}, {"id": "47e10cee-3265-4a7a-a8e9-817b18c96d19", "author_id": "aa04f19f-9d95-46f0-83c7-7063a6543bbf", "post_id": "bb942606-8c69-46ae-9537-f0544831703e", "post_title": "Работа в крупной компании или Работа в стартапе", "reply_to_id": "5b79d675-e117-4321-8671-c97bcec07d76", "title": null, "text": "Ага, от того где-то рядом болтается аргумент про 10 минут работы в день.", "url": null, "metadata": null, "created_at": "2020-04-28T14:29:01.986126", "updated_at": "2020-05-03T08:15:51.721921", "upvotes": 0, "is_visible": true, "is_deleted": false, "is_pinned": false}, {"id": "f275b2ea-0352-44aa-9773-6543ece52fde", "author_id": "8add6072-986d-457d-99e1-922c4cf17fce", "post_id": "bb942606-8c69-46ae-9537-f0544831703e", "post_title": "Работа в крупной компании или Работа в стартапе", "reply_to_id": "36224561-3e62-4e23-87f9-fa0e45440fe6", "title": null, "text": "Зашкварят за это тоже будь здоров. Я вообще работал во многих «типа больших» компаниях (Российские ЦФТ, Инмарко), международный Accenture и латвийский Airbaltic. Пожалуй, с таким послужным списком уже никуда не возьмут))", "url": null, "metadata": null, "created_at": "2020-04-28T16:36:56.087076", "updated_at": "2020-05-03T08:15:51.763255", "upvotes": 0, "is_visible": true, "is_deleted": false, "is_pinned": false}, {"id": "50b72f6f-841b-4288-9266-e271a89776a5", "author_id": "8add6072-986d-457d-99e1-922c4cf17fce", "post_id": "bb942606-8c69-46ae-9537-f0544831703e", "post_title": "Работа в крупной компании или Работа в стартапе", "reply_to_id": "bc1ede63-eac8-4237-afe8-b37a019066da", "title": null, "text": "Очень сомнительный плюс, но это от склада характера зависит. Я бы это назвал скорее рай для задрота.", "url": null, "metadata": null, "created_at": "2020-04-28T16:38:13.368769", "updated_at": "2020-05-03T08:15:51.952693", "upvotes": 0, "is_visible": true, "is_deleted": false, "is_pinned": false}, {"id": "b5b0c8bf-022e-4be3-9777-18a4bf70c984", "author_id": "8add6072-986d-457d-99e1-922c4cf17fce", "post_id": "bb942606-8c69-46ae-9537-f0544831703e", "post_title": "Работа в крупной компании или Работа в стартапе", "reply_to_id": "32506f2b-ace2-4238-9b10-827f7c8200bb", "title": null, "text": "Проблема в том, что хорошо платят только в Долине", "url": null, "metadata": null, "created_at": "2020-04-28T16:39:04.690507", "updated_at": "2020-05-03T08:15:52.003643", "upvotes": 0, "is_visible": true, "is_deleted": false, "is_pinned": false}, {"id": "626d6546-51a2-4452-998d-d0b4a16c1835", "author_id": "8add6072-986d-457d-99e1-922c4cf17fce", "post_id": "bb942606-8c69-46ae-9537-f0544831703e", "post_title": "Работа в крупной компании или Работа в стартапе", "reply_to_id": "b943a3fb-d886-46f3-abe6-48c6aa2c94b8", "title": null, "text": "Не знаю насчет халявить не получится. Меня ничто так не демотивировало в большой компании, как то, что я получу зарплату независимо от того, буду что-то делать или нет. А у себя в нано-компанейке мне надо писать инвойсы, в которые трекать часы — это значит, что кто-то филонит, то он не заработает ничего. И мне сразу хочется работать.", "url": null, "metadata": null, "created_at": "2020-04-28T16:42:23.138903", "updated_at": "2020-05-03T08:15:52.657850", "upvotes": 1, "is_visible": true, "is_deleted": false, "is_pinned": false}, {"id": "ba871bab-37ad-4249-9afb-ac0ba3c0170a", "author_id": "8add6072-986d-457d-99e1-922c4cf17fce", "post_id": "bb942606-8c69-46ae-9537-f0544831703e", "post_title": "Работа в крупной компании или Работа в стартапе", "reply_to_id": null, "title": "Да все уже вроде выше перечислили", "text": "Работал и там и там, и для меня это было очень тяжело знать, что зарплату тебе начислят независимо от того, работал ты или нет, тогда как в стартапах нужно трекать часики и выставлять их клиентам. Сейчас уже часы трекают и выставляют мне, а я по-прежнему считаю, что это лучше, чем просто сидеть на жопе ровно. Я просто чувствую, как мой бизнес растет и развивается вместе со мной.", "url": null, "metadata": {"battle": {"side": "b"}}, "created_at": "2020-04-28T16:44:06.368728", "updated_at": "2020-05-03T08:15:52.761745", "upvotes": 0, "is_visible": true, "is_deleted": false, "is_pinned": false}, {"id": "725d3bc3-17cb-4125-8d52-f93ad42a6a02", "author_id": "e180b91f-4e37-464e-bd8e-db52826526ec", "post_id": "bb942606-8c69-46ae-9537-f0544831703e", "post_title": "Работа в крупной компании или Работа в стартапе", "reply_to_id": "32506f2b-ace2-4238-9b10-827f7c8200bb", "title": null, "text": "@hanggard, в Цюрихе/НЙ/Cиэттле и местами в Лондоне платят тоже хорошо.", "url": null, "metadata": null, "created_at": "2020-04-28T16:46:37.453213", "updated_at": "2020-05-03T08:15:52.026398", "upvotes": 1, "is_visible": true, "is_deleted": false, "is_pinned": false}, {"id": "656d1b4d-30cd-4aa2-bbb5-fc96b65a3525", "author_id": "8add6072-986d-457d-99e1-922c4cf17fce", "post_id": "bb942606-8c69-46ae-9537-f0544831703e", "post_title": "Работа в крупной компании или Работа в стартапе", "reply_to_id": "32506f2b-ace2-4238-9b10-827f7c8200bb", "title": null, "text": "@begor, дотуда не все достреляют)", "url": null, "metadata": null, "created_at": "2020-04-28T16:47:51.572579", "updated_at": "2020-05-03T08:15:52.041273", "upvotes": 0, "is_visible": true, "is_deleted": false, "is_pinned": false}, {"id": "4f27b8c8-1062-4e3c-a1e7-5f98a168e4a3", "author_id": "15e1d955-11f8-4e71-8693-3b63976898e0", "post_id": "bb942606-8c69-46ae-9537-f0544831703e", "post_title": "Работа в крупной компании или Работа в стартапе", "reply_to_id": "b943a3fb-d886-46f3-abe6-48c6aa2c94b8", "title": null, "text": "@hanggard, тут именно момент, что и халявинг быстрее выявляется и что мотивации работать больше. В большой компании можно весьма долго заниматься имитацией бурной деятельности и тебя никто не уволит, а даже может ставить в пример как надо.", "url": null, "metadata": null, "created_at": "2020-04-28T17:19:08.586842", "updated_at": "2020-05-03T08:15:52.668945", "upvotes": 0, "is_visible": true, "is_deleted": false, "is_pinned": false}, {"id": "9ca3901c-0341-4727-8e38-3c9edf0d170f", "author_id": "1aabf49e-62bf-439d-906a-94da483c83ed", "post_id": "bb942606-8c69-46ae-9537-f0544831703e", "post_title": "Работа в крупной компании или Работа в стартапе", "reply_to_id": null, "title": "Я за стартап в рамках крупной кампании", "text": "Я уже 6 лет пилю приложуху для крупного инвестиционного банка, начинали в режиме стартапа. Смузей не было, зато была возможность делать все как попало, сегодня придумал - сегодня и сделал. Первые два года было очень стартапно. )))", "url": null, "metadata": {"battle": {"side": "a"}}, "created_at": "2020-04-28T17:38:45.013270", "updated_at": "2020-05-03T08:15:52.775732", "upvotes": 1, "is_visible": true, "is_deleted": false, "is_pinned": false}, {"id": "671cc891-9edd-45e5-aa1e-9984fc5b7f2f", "author_id": "968eb268-f799-4f8b-8a43-be3387546df5", "post_id": "bb942606-8c69-46ae-9537-f0544831703e", "post_title": "Работа в крупной компании или Работа в стартапе", "reply_to_id": null, "title": "Можно примерить на себя разные роли", "text": "В стартапе намного легче стать вовлеченным в процессы связанные не только с программированием - дизайн, продажи, развитие продукта. Это помогает получить новые навыки и в общем лучше понимать как это все функционирует.\r\n\r\nЕще работа в стартапе неплохо развивает софт скилс и ответственность.", "url": null, "metadata": {"battle": {"side": "b"}}, "created_at": "2020-04-28T19:34:48.073253", "updated_at": "2020-05-03T08:15:52.682574", "upvotes": 5, "is_visible": true, "is_deleted": false, "is_pinned": false}, {"id": "6c2d378c-16df-4cdb-8baa-d7ee1f728a88", "author_id": "669c636f-f45a-46ba-8ae9-588c4a7b54dd", "post_id": "bb942606-8c69-46ae-9537-f0544831703e", "post_title": "Работа в крупной компании или Работа в стартапе", "reply_to_id": "2f95d5d4-0145-4ecb-aad9-b55cadeac3f0", "title": null, "text": "Аргумент вообще невалиден. \"Обычно в стартапе ебашат все\" — что значит обычно? Откуда эта статистика? Не является ли это заявление ошибкой выжившего?\r\n\"В крупной компании бла-бла\" — аналогично. Я менеджер — и даже у меня максимум 1-2 встречи в день.", "url": null, "metadata": null, "created_at": "2020-04-29T08:43:37.174447", "updated_at": "2020-05-03T08:15:51.654280", "upvotes": 2, "is_visible": true, "is_deleted": false, "is_pinned": false}, {"id": "54e7484e-4b17-4cd8-99c5-c425716d86f6", "author_id": "669c636f-f45a-46ba-8ae9-588c4a7b54dd", "post_id": "bb942606-8c69-46ae-9537-f0544831703e", "post_title": "Работа в крупной компании или Работа в стартапе", "reply_to_id": "713745bd-4b80-45fa-bb8a-9c1ad4da61d7", "title": null, "text": "Это скорее проблема размера продукта, а не компании. Есть мелкие компании, разрабатывающие одного огромного легаси-монстра, есть крупные, в которых делается множество небольших продуктов.\r\n\r\nУ нас, в частности, чувствуется импакт абсолютно каждого из 300+ фронтенд-разработчиков — потому что все поделены на небольшие команды, каждая из которых работает либо над своим продуктом, либо над своей частью большого продукта.", "url": null, "metadata": null, "created_at": "2020-04-29T08:51:42.724806", "updated_at": "2020-05-03T08:15:51.792254", "upvotes": 0, "is_visible": true, "is_deleted": false, "is_pinned": false}, {"id": "95ce2927-072a-4cf0-8e8d-6393b249ce4b", "author_id": "669c636f-f45a-46ba-8ae9-588c4a7b54dd", "post_id": "bb942606-8c69-46ae-9537-f0544831703e", "post_title": "Работа в крупной компании или Работа в стартапе", "reply_to_id": "92d727bb-8938-4bc2-b6ff-ecce752bcc75", "title": null, "text": "@emocoder, в российских тоже насыпают. Говорю, как человек, которому насыпано)", "url": null, "metadata": null, "created_at": "2020-04-29T08:54:46.750103", "updated_at": "2020-05-03T08:15:52.321808", "upvotes": 0, "is_visible": true, "is_deleted": false, "is_pinned": false}, {"id": "28c227b9-e7f8-47b8-ac6c-a3584a5af354", "author_id": "669c636f-f45a-46ba-8ae9-588c4a7b54dd", "post_id": "bb942606-8c69-46ae-9537-f0544831703e", "post_title": "Работа в крупной компании или Работа в стартапе", "reply_to_id": "8264e4b3-cdb5-42b1-ad3b-1880e6f31801", "title": null, "text": "У нас средний возраст фронтендера — 26 лет. Самому младшему — 20. Драйва хватает.", "url": null, "metadata": null, "created_at": "2020-04-29T09:03:05.899265", "updated_at": "2020-05-03T08:15:52.406238", "upvotes": 0, "is_visible": true, "is_deleted": false, "is_pinned": false}, {"id": "1580e036-8ee9-4e1c-8f9a-36a9fc8486da", "author_id": "669c636f-f45a-46ba-8ae9-588c4a7b54dd", "post_id": "bb942606-8c69-46ae-9537-f0544831703e", "post_title": "Работа в крупной компании или Работа в стартапе", "reply_to_id": "da1cd779-fec5-40c5-b0b2-1cf228622d5e", "title": null, "text": "> очередной пиздюк, который через год пойдёт на мороз получать +50к к зп\r\n\r\nНу так а смысл сближаться с чуваком, который заранее настроен на уход?", "url": null, "metadata": null, "created_at": "2020-04-29T09:05:28.082403", "updated_at": "2020-05-03T08:15:52.539787", "upvotes": 1, "is_visible": true, "is_deleted": false, "is_pinned": false}, {"id": "67beaf1c-f1a8-4521-8d22-9dbf672dd602", "author_id": "aba730bb-530c-4897-9b71-e0045b8e3e4a", "post_id": "bb942606-8c69-46ae-9537-f0544831703e", "post_title": "Работа в крупной компании или Работа в стартапе", "reply_to_id": "da1cd779-fec5-40c5-b0b2-1cf228622d5e", "title": null, "text": "Во-первых, с ним можно сблизиться, чтобы хотя бы этот год с ним классно провести и кайфануть.\n\nВо-вторых, откуда они вообще знают, что чел собирается уходить или что-то?", "url": null, "metadata": {"telegram": {"message": {"chat": {"id": 91717534, "type": "private", "username": "tolord", "last_name": "Maximov", "first_name": "Anatoliy"}, "date": 1588151303, "from": {"id": 91717534, "is_bot": false, "username": "tolord", "last_name": "Maximov", "first_name": "Anatoliy", "language_code": "en"}, "text": "Во-первых, с ним можно сблизиться, чтобы хотя бы этот год с ним классно провести и кайфануть.\n\nВо-вторых, откуда они вообще знают, что чел собирается уходить или что-то?", "photo": [], "entities": [], "message_id": 2013, "new_chat_photo": [], "caption_entities": [], "new_chat_members": [], "reply_to_message": {"chat": {"id": 91717534, "type": "private", "username": "tolord", "last_name": "Maximov", "first_name": "Anatoliy"}, "date": 1588151128, "from": {"id": 921354081, "is_bot": true, "username": "vas3k_club_bot", "first_name": "ВСРАТЫЙ A.I."}, "text": "💬 Новый реплай к вашему комментарию под постом «Работа в крупной компании или Работа в стартапе»\n\nDmitryKorolev: очередной пиздюк, который через год пойдёт на мороз получать +50к к зп\n\n\nНу так а смысл сближаться с чуваком, который заранее настроен на уход?\n\nПосмотреть ➜", "photo": [], "entities": [{"type": "bold", "length": 46, "offset": 3}, {"url": "https://vas3k.club/battle/258/", "type": "text_link", "length": 47, "offset": 49}, {"type": "bold", "length": 47, "offset": 49}, {"type": "bold", "length": 1, "offset": 96}, {"type": "bold", "length": 14, "offset": 99}, {"url": "https://vas3k.club/post/258/comment/1580e036-8ee9-4e1c-8f9a-36a9fc8486da/", "type": "text_link", "length": 12, "offset": 259}], "message_id": 2004, "new_chat_photo": [], "caption_entities": [], "new_chat_members": [], "delete_chat_photo": false, "group_chat_created": false, "channel_chat_created": false, "supergroup_chat_created": false}, "delete_chat_photo": false, "group_chat_created": false, "channel_chat_created": false, "supergroup_chat_created": false}, "update_id": 126029806, "_effective_chat": {"id": 91717534, "type": "private", "username": "tolord", "last_name": "Maximov", "first_name": "Anatoliy"}, "_effective_user": {"id": 91717534, "is_bot": false, "username": "tolord", "last_name": "Maximov", "first_name": "Anatoliy", "language_code": "en"}}}, "created_at": "2020-04-29T09:08:23.618812", "updated_at": "2020-05-03T08:15:52.553145", "upvotes": 0, "is_visible": true, "is_deleted": false, "is_pinned": false}, {"id": "536a358a-88da-406c-950f-677c9d3fe8bc", "author_id": "669c636f-f45a-46ba-8ae9-588c4a7b54dd", "post_id": "bb942606-8c69-46ae-9537-f0544831703e", "post_title": "Работа в крупной компании или Работа в стартапе", "reply_to_id": "619c6719-cbf3-447a-be16-24705afbd960", "title": null, "text": "Рыночек решает. Двадцатилетние сениор-формошлёп-девелоперы сейчас реальность и в крупных компаниях.\r\n\r\nОффтопик: лид, который раздает тикеты — это днище днищенское.", "url": null, "metadata": null, "created_at": "2020-04-29T09:09:27.393943", "updated_at": "2020-05-03T08:15:52.595793", "upvotes": 0, "is_visible": true, "is_deleted": false, "is_pinned": false}, {"id": "48c1e208-4146-4040-b0a8-75862bbaf82f", "author_id": "7cf213ae-613e-40d7-926a-ac976e92a598", "post_id": "bb942606-8c69-46ae-9537-f0544831703e", "post_title": "Работа в крупной компании или Работа в стартапе", "reply_to_id": null, "title": "Тебя задолбала культура плюшек", "text": "Я считаю, что перки в tech-корпорациях это ни что более, чем пыль в глаза, противоречащая здравому смыслу.\r\n\r\nВ корпорациях рекрутеры на первом интервью с голливудской освещают перки, однако никто не освещает возможности платить больше среднего по рынку. Даже когда такая возможность есть. Даже когда ребята действительно так платят. Но ведь в этом и заключался изначальный смысл работы при капитализме – зарабатывать деньги! Чем больше человек имеет возможностей проапгрейдить доход, тем больше у него мотивации что-то делать в альтернативу челночным прогулкам между митинг-комнатами, кофе-поинтами и столом с макбуком.\r\n\r\nРанее я посчитал, что перки обходятся компании в районе 800-1000 Ойро в месяц на одного сотрудника. Кому-то не нравится обедать в 12:30 и прерывать найденное состояние потока, кто-то не может заниматься спортом по клубной карте, кто-то не планирует жить до 80 лет – зачем делать выбор за других?\r\n\r\nКонечно, есть плюшки, которые очень важны для сотрудника. Работа из дома раз в неделю позволяет выдавать потрясающий индивидуальный перформанс вместо митингов. Гибкий рабочий график очень важен, потому что даже разработка – достаточно творческая ниша, которые бессмысленно заключать в 40-часовой интервал [если ты не галера/аутсорс]. Больничные можно даже не обсуждать.\r\n\r\nНо все остальное лучше бы действительно деньгами. А в стартапе просто не заморачиваются насчет перков – либо все кэшем дадут, если инвестор жирный, либо опционов насыпят. Бери кэш чистыми и уже решай сам, что потреблять и когда.", "url": null, "metadata": {"battle": {"side": "b"}}, "created_at": "2020-04-30T13:57:13.268988", "updated_at": "2020-05-03T08:15:52.800894", "upvotes": 0, "is_visible": true, "is_deleted": false, "is_pinned": false}, {"id": "03b9690b-7bc5-4a87-92b9-12d180aee54a", "author_id": "f7fa5b41-d379-47d7-9bd8-2538f520f1a8", "post_id": "bb942606-8c69-46ae-9537-f0544831703e", "post_title": "Работа в крупной компании или Работа в стартапе", "reply_to_id": null, "title": "Скорость стартапа", "text": "Как говорил заказчик, на моем прошлом проекте: \r\n\r\n\"Сначала стреляй, потом целься\", \r\n\"Не стреляйте в пианиста, он играет как может\", \"Чем больше деплоев, тем лучше работаем\"\r\n\r\nТам их больше конечно было, все уже не вспомнишь :D \r\n\r\nА по факту, работа в стартапе мне нравится больше. \r\nТакая разминка для головы, когда у тебя нет времени думать, оценивать задачи. Нужно быстро сделать, понять через какое-то время что ты написал хуйню,  и после - никогда не натыкаться на эти грабли.\r\n\r\nps \r\nГлавное чтоб стартап стал продуктом, за условный год. Если работать в скорости стартапа продолжительное количество времени, выгореть очень легко, что со мной и случилось", "url": null, "metadata": {"battle": {"side": "b"}}, "created_at": "2020-04-30T14:01:32.646079", "updated_at": "2020-05-03T08:15:52.848990", "upvotes": 1, "is_visible": true, "is_deleted": false, "is_pinned": false}, {"id": "59366199-05a6-448b-bedf-a9fbf43b5280", "author_id": "12ccdd05-dbec-4f47-824b-5988853bb5aa", "post_id": "bb942606-8c69-46ae-9537-f0544831703e", "post_title": "Работа в крупной компании или Работа в стартапе", "reply_to_id": null, "title": "Плоская структура", "text": "Ты легко сможешь подойти к сео/другому человеку и сказать \"Петя, мне не нравятся эти печеньки, давай покупать другие. Олег, а давай в этом месте использовать % новая_библиотека_475%. Мистер заказчик, я подумал что тут хорошо смотрелась бы кнопочка 'сделай мне хорошо', подумай об этом\"", "url": null, "metadata": {"battle": {"side": "b"}}, "created_at": "2020-04-30T22:47:19.005738", "updated_at": "2020-05-02T21:25:27.048016", "upvotes": 1, "is_visible": true, "is_deleted": false, "is_pinned": false}, {"id": "6a7e4745-680b-4ad6-9fdf-6f21437ed119", "author_id": "d2cc2d58-f0f9-488f-a0f8-01454a858a35", "post_id": "bb942606-8c69-46ae-9537-f0544831703e", "post_title": "Работа в крупной компании или Работа в стартапе", "reply_to_id": null, "title": "Набиваем шишки, становимся умнее", "text": "На старте: \r\nНичто не протрезвляет тебя так, как факап на проде, на который вы только что выкатили новую \"вау\" штуку. \r\nТут в голову и приходят мысли \"а как сделать чтобы не ломалось?\". Начинаешь задумываться про инфраструктуру, тесты, надёжность. Как раз то чём говорят бородатые дяди из крупных компаний.", "url": null, "metadata": {"battle": {"side": "b"}}, "created_at": "2020-04-30T23:32:16.015609", "updated_at": "2020-05-03T08:15:52.883294", "upvotes": 0, "is_visible": true, "is_deleted": false, "is_pinned": false}, {"id": "5131f790-3480-4f81-a943-9b7e44de3d1e", "author_id": "de64321e-7880-41ab-8178-bc55d56d1b55", "post_id": "bb942606-8c69-46ae-9537-f0544831703e", "post_title": "Работа в крупной компании или Работа в стартапе", "reply_to_id": "3f32accc-5c2a-419d-a0b9-8c9b5e4a94e9", "title": null, "text": "+1 но хочу добавить, что это касается не только стартапов, но и просто небольших компаний", "url": null, "metadata": null, "created_at": "2020-05-01T18:02:19.152821", "updated_at": "2020-05-03T08:15:51.611259", "upvotes": 0, "is_visible": true, "is_deleted": false, "is_pinned": false}, {"id": "a1390965-e223-4fab-ad0d-d242408a709b", "author_id": "de64321e-7880-41ab-8178-bc55d56d1b55", "post_id": "bb942606-8c69-46ae-9537-f0544831703e", "post_title": "Работа в крупной компании или Работа в стартапе", "reply_to_id": "671cc891-9edd-45e5-aa1e-9984fc5b7f2f", "title": null, "text": "прям жирный плюс", "url": null, "metadata": null, "created_at": "2020-05-01T18:07:24.895760", "updated_at": "2020-05-03T08:15:52.698171", "upvotes": 0, "is_visible": true, "is_deleted": false, "is_pinned": false}, {"id": "baa1247e-c1b3-411d-afcb-8d7e4aca32ab", "author_id": "367235f7-0711-4843-afd1-1b0d0ae36081", "post_id": "bb942606-8c69-46ae-9537-f0544831703e", "post_title": "Работа в крупной компании или Работа в стартапе", "reply_to_id": "48c1e208-4146-4040-b0a8-75862bbaf82f", "title": null, "text": "Я всегда все перки перевожу в бабки, убираю из них те, что использовать точно не буду, расспрашиваю про дополнительные перки. Чо с конфами? Чо с изучением языка? Какой бюджет на тренинги, сертификаты? А саббатикал у вас бывает? Шой-то деняк мало даете, может быть, я на пару неделек больше оплачиваемого отпуска буду иметь в год? Смотришь, а норм набежало.", "url": null, "metadata": null, "created_at": "2020-05-02T00:57:10.340504", "updated_at": "2020-05-03T08:15:52.826687", "upvotes": 0, "is_visible": true, "is_deleted": false, "is_pinned": false}]}