{"id": "dd6db878-3a87-4fda-9495-4fd850dc5b5c", "author_id": "a5cfe720-3b53-41fd-b49c-b18e8abceb8a", "post_id": "b8388131-abb4-4547-bc4e-01fdaf89351f", "post_title": "Раздаём друг другу игрушки в стиме", "reply_to_id": null, "title": null, "text": "Пусть тогда это будет тред раздачи игрушек. Переименовал постик чтобы было более инклюзивно кек. @Kirk, можешь добавить в описании чтобы все приходили делились", "url": null, "metadata": null, "created_at": "2020-04-29T08:21:55.933525", "updated_at": "2020-05-02T21:54:30.135762", "upvotes": 2, "is_visible": true, "is_deleted": false, "is_pinned": false}