{"id": "2a435368-0161-4a07-813d-bbe97ffaafce", "author_id": "a5cfe720-3b53-41fd-b49c-b18e8abceb8a", "post_id": "41f36d40-d5e4-47b9-b49e-2db4936aba9d", "post_title": "Отдельные кабинеты для разработчиков?", "reply_to_id": "ac3b1d17-7dc0-4f3e-af36-9dd9bda7a7f0", "title": null, "text": "@rostbond, @begor, так, нука не сраться на пустом месте. Он вроде сказал, что это не анекдот, а личный опыт, а ты как раз ответил крылатой фразой. Тут надо выяснять откуда именно такой опыт и задавать наводящие вопросы.\r\n\r\nНапример: какие имеются в виду кабинеты? На 1-2 человек или на команду? Если на 1-2, то как это вообще возможно в айти и что за компания? Как в ней были построены процессы?", "url": null, "metadata": null, "created_at": "2020-04-29T11:36:04.564570", "updated_at": "2020-05-03T07:18:42.501603", "upvotes": 1, "is_visible": true, "is_deleted": false, "is_pinned": false}