{"id": "66e51aa4-a345-43ff-a9c4-35a4084db1dc", "author_id": "a5cfe720-3b53-41fd-b49c-b18e8abceb8a", "post_id": "6ce563fe-8721-4711-b1a4-64b57c5b845b", "post_title": "SCP Foundation", "reply_to_id": null, "title": null, "text": "Хах, помню. Мой самый любимый объект был [SCP-087 Лестница](http://scpfoundation.net/scp-087).\r\n\r\nВроде как по нему игру и сделали, да. SCP топ. Один из самых охуенных проектов в интернете.\r\n\r\nПомню, когда впервые узнал про них много лет назад, я просидел прям несколько вечеров, листая страницы и слушая аудиозаписи. Местами кайфовал до мурашек как от хорошей книги. Только куда более атмосферной и интерактивной.", "url": null, "metadata": null, "created_at": "2020-04-25T06:48:55.023482", "updated_at": "2020-05-02T21:38:45.443129", "upvotes": 1, "is_visible": true, "is_deleted": false, "is_pinned": false}