{"comments": [{"id": "91b67481-4d15-4728-af8f-d549e32b4f08", "author_id": "c8d3b239-202c-44b5-828f-43aece991b1d", "post_id": "6ce563fe-8721-4711-b1a4-64b57c5b845b", "post_title": "SCP Foundation", "reply_to_id": "66e51aa4-a345-43ff-a9c4-35a4084db1dc", "title": null, "text": "Там было несколько игр по SCP, одна по лестнице была, но еще была с кучей объектов, там начинаешь с SCP173 или как там, штука, которая двигается, когда не смотришь на нее, тебя заводят в комнату к нему, чтоб эксперимент делать, а он внезапно ломает ебучки охранникам и вырывается и тебе надо выбраться из центра этого. Там куча этих сцп, штук 10 разных точно есть.\r\n\r\nЯ дико кайфовал с машины, которая из двух предметов делает одну, там были гайды целые по тому, что туда засунуть, чтоб получить всякую хуйню.", "url": null, "metadata": null, "created_at": "2020-04-25T06:56:11.227381", "updated_at": "2020-05-02T21:38:45.465217", "upvotes": 0, "is_visible": true, "is_deleted": false, "is_pinned": false}, {"id": "37362c72-a28c-4956-9aa4-7f3a885c61d0", "author_id": "eda431cb-2a2a-4f46-ad0b-597cce5d47ee", "post_id": "6ce563fe-8721-4711-b1a4-64b57c5b845b", "post_title": "SCP Foundation", "reply_to_id": "66e51aa4-a345-43ff-a9c4-35a4084db1dc", "title": null, "text": "Есть еще годная игра - симмулятор зоны по содержанию объектов, сделана несколько по мотивам SCP вселенной. Строишь камеры содержания, ловишь сбежавшие объекты\r\nhttps://store.steampowered.com/app/568220/Lobotomy_Corporation__Monster_Management_Simulation/", "url": null, "metadata": null, "created_at": "2020-04-28T21:15:54.990288", "updated_at": "2020-05-02T21:38:45.476623", "upvotes": 0, "is_visible": true, "is_deleted": false, "is_pinned": false}]}