{"id": "13357f68-5d45-420b-883f-8c274521d5e9", "author_id": "a5cfe720-3b53-41fd-b49c-b18e8abceb8a", "post_id": "288f7bf7-3097-40da-8439-0336128edb6c", "post_title": "github-changelog-generator", "reply_to_id": "88aca3c1-4651-4b16-b71e-e6733591b8a2", "title": null, "text": "@skywinder, вот теперь норм. Респекты!", "url": null, "metadata": null, "created_at": "2020-04-30T07:43:32.605557", "updated_at": "2020-05-02T21:19:39.775093", "upvotes": 1, "is_visible": true, "is_deleted": false, "is_pinned": false}