{"id": "ac90a641-1105-4440-9a20-e2d464f8493c", "author_id": "a5cfe720-3b53-41fd-b49c-b18e8abceb8a", "post_id": "7126b10c-b837-4328-ba04-f85d0c844a23", "post_title": "COVID-19 What Happens Next?", "reply_to_id": null, "title": null, "text": "Это прямо какой-то запредельный уровень интерактивности лонгрида. Нравится, даже несмотря на то, что все давно устали читать про ковид. \r\n\r\nКажется, скоро нужно будет нанимать специальных программистов для программирования интерактива на лонгридах. Интересно, в каких-нибудь Т—Ж уже есть такие? \\cc @MarinaSafonova", "url": null, "metadata": null, "created_at": "2020-05-19T11:19:15.337990", "updated_at": "2020-05-19T11:19:15.781096", "upvotes": 3, "is_visible": true, "is_deleted": false, "is_pinned": false}