{"comments": [{"id": "c644a33d-318b-4ede-96af-b31565f3bb26", "author_id": "5d7bb567-f509-4993-962e-48342174e2c2", "post_id": "7126b10c-b837-4328-ba04-f85d0c844a23", "post_title": "COVID-19 What Happens Next?", "reply_to_id": "ac90a641-1105-4440-9a20-e2d464f8493c", "title": null, "text": "Не настолько заморочено, но такие ребята точно есть в штате у Bloomberg (кстати, у них есть просто чумовой лонгрид про [программирование](https://www.bloomberg.com/graphics/2015-paul-ford-what-is-code/)) и, из отечественных, например, были у w-o-s.ru", "url": null, "metadata": null, "created_at": "2020-05-19T23:10:12.399906", "updated_at": "2020-05-19T23:10:13.059036", "upvotes": 0, "is_visible": true, "is_deleted": false, "is_pinned": false}, {"id": "e5e0ace0-942d-4a7a-813b-4190a1748f8b", "author_id": "687aab22-9095-4eac-a33d-2d106a776fe7", "post_id": "7126b10c-b837-4328-ba04-f85d0c844a23", "post_title": "COVID-19 What Happens Next?", "reply_to_id": "ac90a641-1105-4440-9a20-e2d464f8493c", "title": null, "text": "Я видел в продаже редактор, который сделали The village\r\nhttps://setka.io/\r\nНа демке выглядит прям вообще здорово\r\n\r\nКонечно, до такого уровня интерактива не дошло, но инструменты есть.", "url": null, "metadata": null, "created_at": "2020-05-20T04:36:49.164958", "updated_at": "2020-05-20T04:39:45.158867", "upvotes": 1, "is_visible": true, "is_deleted": false, "is_pinned": false}, {"id": "3f05c6ef-001a-48e0-a0c3-60ca82ef97aa", "author_id": "d39d4caa-22fe-40bc-b265-f0075109887b", "post_id": "7126b10c-b837-4328-ba04-f85d0c844a23", "post_title": "COVID-19 What Happens Next?", "reply_to_id": "ac90a641-1105-4440-9a20-e2d464f8493c", "title": null, "text": "у [Pudding](https://pudding.cool/) много ПРОГРОММИРОВАНИЯ в лонгридах.", "url": null, "metadata": null, "created_at": "2020-05-20T07:25:07.172661", "updated_at": "2020-05-20T07:25:07.840350", "upvotes": 0, "is_visible": true, "is_deleted": false, "is_pinned": false}]}