{"id": "14048dce-8cbb-4157-9cf2-c21c5e9da12d", "author_id": "a5cfe720-3b53-41fd-b49c-b18e8abceb8a", "post_id": "86c8ab29-344e-4243-a398-375796800cc5", "post_title": "Айти все-таки пузырь или нет?", "reply_to_id": null, "title": null, "text": "Отличный вопрос. Сам часто думаю об этом.\r\n\r\n**С одной стороны: пузырь — хуйня.** Ведь если отбросить всю холиварную шелуху, суть айти по сути в автоматизации того, что не автоматизировано, а потом автоматизации и этой автоматизации.\r\n\r\nРаньше мы автоматизировали ручной труд с помощью машин, теперь автоматизируем интеллектуальный труд с помощью кумплюктеров.\r\n\r\nПо ходу дела, айтишечка рождает из себя кучу побочных бизнесов, которые раньше были невозможны, и тоже их автоматизирует. По сути сама себя кормит. Такой процесс имеет свои волны хайпа и разочарования, но пока причин для его остановки я не вижу.\r\n\r\n> Айтишечка — это не одна область. Она связывает собой все имеющиеся у нас области науки и техники, так что погибнуть может только вместе с ними. \r\n\r\nРазве что все люди в мире внезапно не смогут позволить себе автоматизацию и вернутся к ручному труду, а это возможно разве что в условиях краха мировой экономики и пандемии, которая вряд ли вообще случится когда-нибудь, да? Пффф. Глупость какая.\r\n\r\n\r\n**С другой стороны: существует явный пузырь зарплат.** Лет 10 назад все шли в айтишечку «делоть игры», а на профильных коммьюнити обсуждали как патчить KDE и у кого домашний сервер мощнее, а сегодня 99% разговоров о бабле и сопутствующих ему «неудобствах». Всем в целом насрать что они делают.\r\n\r\nКаждый школьник мечтает войти вайти. Мне на почту пишет с этим вопросом чуть ли не каждый второй. Вангую, что жирно намазанное баблом место не может быть долго им настолько жирно намазано. Сожрут. Вопрос кто.\r\n\r\nА по поводу NoCode я уже давно хочу сделать отдельный пост. Не думаю, что NoCode станет массовым, но я бы, честно, хотел на это посмотреть. \r\n\r\nСчитаю его логическим продолжением всего происходящего — айтишники стали слишком дороги, так давайте всех научим делать базовые CRUD'ы самим, а программисты пусть занимаются более важными вещами.\r\n\r\nВот только это слишком хорошо чтобы стать правдой. А в мире редко побеждают хорошие идеи :D", "url": null, "metadata": null, "created_at": "2020-04-17T17:47:36.599772", "updated_at": "2020-05-03T06:50:58.619365", "upvotes": 11, "is_visible": true, "is_deleted": false, "is_pinned": false}