{"id": "b9f4f23b-27a7-428b-b628-a454320b9c4a", "author_id": "a5cfe720-3b53-41fd-b49c-b18e8abceb8a", "post_id": "2abcabee-afaf-4123-a218-01282aab84a8", "post_title": "Вастрик.Клуб: запускаем бету", "reply_to_id": "c6f4207c-1ef9-4098-88b6-43d12e0d320f", "title": null, "text": "Он сказал, что запомнил тебя", "url": null, "metadata": null, "created_at": "2020-04-29T12:26:16.064923", "updated_at": "2020-05-25T14:55:32.915975", "upvotes": 5, "is_visible": true, "is_deleted": false, "is_pinned": false}