{"id": "69d3dd53-92d9-451d-a811-2841c76e261c", "author_id": "a5cfe720-3b53-41fd-b49c-b18e8abceb8a", "post_id": "a09dd99e-1726-45f7-b86e-5d246371f7de", "post_title": "«Secret iPad» — история чуваков, делавших приложение для iPad до его релиза", "reply_to_id": "22025846-922e-4909-86dc-f3f4d9d85393", "title": null, "text": "Вот жеж как быстро теперь в интернете всё протухает =\\", "url": null, "metadata": null, "created_at": "2020-04-16T05:53:47.133152", "updated_at": "2020-05-02T21:14:12.818878", "upvotes": 0, "is_visible": true, "is_deleted": false, "is_pinned": false}