{"id": "43c36a31-e125-4ec0-b05e-cca9eb174097", "author_id": "a5cfe720-3b53-41fd-b49c-b18e8abceb8a", "post_id": "86c8ab29-344e-4243-a398-375796800cc5", "post_title": "Айти все-таки пузырь или нет?", "reply_to_id": "8c67f1d0-4683-4c38-b6ca-df416a5e3760", "title": null, "text": "Ну ты же понимаешь почему людям и дальше будет поебать на килобайты С-структур и они будут всё больше делать npm install sdelay-mne-horosho? \r\n\r\nБизнесу поебать, хоть там гигабайт докеров с одним баш-скриптом, главное чтобы вот эта проблема прямо сейчас была решена. Даже я сам, умея программировать, всё чаще предпочитаю накликать сценарий мышкой в какой-нить тулзе за $9.99 и забыть про него на годы.\r\n\r\nNoCode он как раз про то, чтобы дать им этим самым бизнесам не нанимать программистов, которые охуеть как дороги и будут ковырять одну С-структуру три месяца, а нахуячить сценарий прямо сейчас. Хоть он по два часа будет числа складывать, да насрать. Клиенту ушел инвойс, в CRMку добавилась запись, налоговая не выебет тебя в жопу в конце года.\r\n\r\nПрограммисты же так и будут байтоёбить в свое удовольствие. Им даже лучше — меньше лендингов писать.", "url": null, "metadata": null, "created_at": "2020-04-18T08:43:33.462468", "updated_at": "2020-05-03T06:50:58.670929", "upvotes": 3, "is_visible": true, "is_deleted": false, "is_pinned": false}