{"id": "e6ee4dec-5169-407b-8a8d-fb3bde6adfa9", "slug": "102", "author_id": "a5cfe720-3b53-41fd-b49c-b18e8abceb8a", "type": "post", "topic": "Кумовство", "label": null, "title": "Дарю две лицензии на Luminar 4 [ушли]", "text": "[Luminar](https://skylum.com/luminar) — это такой украинский фоторедактор с AI-фичами. Стоит €89.\r\n\r\nНа одной фотовыставке нам подарили два промокода, по которым вроде как можно получить лицензию бесплатно. Мне не особо нужен очередной пиксельматор. Боюсь, протухнут.\r\n\r\nЗабирайте, если оно вам реально надо. Для «просто поиграться» там есть триал на 30 дней.\r\n\r\nОтпишитесь в комментах кто какой взял.\r\n\r\nХештег кумовство. Хештег привилегии. Хештег илита.\r\n\r\n![](https://i.vas3k.club/3a.jpeg)\r\n\r\n![](https://i.vas3k.club/3b.jpeg)", "url": null, "image": null, "metadata": null, "created_at": "2020-04-22T08:11:43.242228", "updated_at": "2020-04-29T10:34:16.797815", "last_activity_at": "2020-04-22T12:05:27.873311", "comment_count": 3, "view_count": 184, "upvotes": 5}