{"comments": [{"id": "9e3e7844-7648-44cf-b56f-de484a7e4db8", "author_id": "63e39705-1e5f-4951-bd17-23ccbcf98449", "post_id": "e6ee4dec-5169-407b-8a8d-fb3bde6adfa9", "post_title": "Дарю две лицензии на Luminar 4 [ушли]", "reply_to_id": null, "title": null, "text": "Забрал верхний, спасибо <3", "url": null, "metadata": null, "created_at": "2020-04-22T11:41:49.764313", "updated_at": "2020-05-02T23:07:08.983222", "upvotes": 0, "is_visible": true, "is_deleted": false, "is_pinned": false}, {"id": "a2d25c16-473c-4bf7-8099-4b1122964634", "author_id": "7c8386a7-28bb-43ae-9eb1-6da1613fc8f3", "post_id": "e6ee4dec-5169-407b-8a8d-fb3bde6adfa9", "post_title": "Дарю две лицензии на Luminar 4 [ушли]", "reply_to_id": null, "title": null, "text": "Забрал нижний, спасибо!", "url": null, "metadata": null, "created_at": "2020-04-22T11:57:17.695664", "updated_at": "2020-05-02T23:07:09.000061", "upvotes": 0, "is_visible": true, "is_deleted": false, "is_pinned": false}, {"id": "0316939a-b0f5-4b18-9ee0-1513058c8114", "author_id": "a5cfe720-3b53-41fd-b49c-b18e8abceb8a", "post_id": "e6ee4dec-5169-407b-8a8d-fb3bde6adfa9", "post_title": "Дарю две лицензии на Luminar 4 [ушли]", "reply_to_id": null, "title": null, "text": "Окей, обе лицензии ушли. Теперь ваша очередь разводить кумовство. Тащите тоже у кого что есть.", "url": null, "metadata": null, "created_at": "2020-04-22T12:05:27.859180", "updated_at": "2020-05-02T23:07:08.956664", "upvotes": 1, "is_visible": true, "is_deleted": false, "is_pinned": false}]}