{"id": "144aaeed-7c9b-45c2-9c78-e7af246cf365", "author_id": "a5cfe720-3b53-41fd-b49c-b18e8abceb8a", "post_id": "4cad0f8c-6fc1-4368-9ed9-43120c19b595", "post_title": "Четкий гайд по эспрессо кофемашинам", "reply_to_id": "dd223051-f36b-425d-8615-463ef97903d1", "title": null, "text": "О, у меня такая кофемолка прямо сейчас. Максимально доволен. Уже даже разбирал жернова чтобы почистить, выглядит надёжно и ремонтопригодно. Лучшая покупка в области кофеманства за этот год :)", "url": null, "metadata": null, "created_at": "2020-05-21T15:20:22.543779", "updated_at": "2020-05-21T15:20:22.798709", "upvotes": 1, "is_visible": true, "is_deleted": false, "is_pinned": false}