{"id": "87704147-be80-4131-8892-b3264c04dacc", "author_id": "a5cfe720-3b53-41fd-b49c-b18e8abceb8a", "post_id": "cd9cb80c-6f8b-46a6-a0bb-63d981bd3a96", "post_title": "В раздел «о себе»", "reply_to_id": null, "title": null, "text": "Велкам. Лучше вот здесь отредактировать интро-пост, тогда он будет виден и в профиле: https://vas3k.club/post/zed/edit/\r\n\r\nА этот пост я пока унесу в черновики пока никто не увидел :)", "url": null, "metadata": null, "created_at": "2020-04-23T07:50:37.181066", "updated_at": "2020-04-23T07:50:37.435912", "upvotes": 0, "is_visible": true, "is_deleted": false, "is_pinned": false}