{"id": "d0163f10-b101-4a3c-9656-34f589179efc", "slug": "2229", "author_id": "a5cfe720-3b53-41fd-b49c-b18e8abceb8a", "type": "post", "topic": null, "label": null, "title": "Тестовый пост для шоткатов", "text": "**Hehehhehe**\r\n\r\nПривет `allo` jejeje\r\n\r\n```\r\nHello1\r\n```", "url": null, "image": null, "metadata": null, "created_at": "2020-05-25T07:39:29.728224", "updated_at": "2020-07-20T13:53:46.971860", "last_activity_at": "2020-07-20T13:53:46.971690", "comment_count": 2, "view_count": 7, "upvotes": 0}