{"comments": [{"id": "e9d54f76-38b8-4f9c-a4ab-aebaaad67a89", "author_id": "a5cfe720-3b53-41fd-b49c-b18e8abceb8a", "post_id": "d0163f10-b101-4a3c-9656-34f589179efc", "post_title": "Тестовый пост для шоткатов", "reply_to_id": null, "title": null, "text": "Ого, **приветики!**", "url": null, "metadata": null, "created_at": "2020-05-26T09:21:41.431534", "updated_at": "2020-05-26T09:21:42.187843", "upvotes": 0, "is_visible": true, "is_deleted": false, "is_pinned": false}, {"id": "18fcd4f3-28fe-409d-a6e0-a523104a6994", "author_id": "a5cfe720-3b53-41fd-b49c-b18e8abceb8a", "post_id": "d0163f10-b101-4a3c-9656-34f589179efc", "post_title": "Тестовый пост для шоткатов", "reply_to_id": null, "title": null, "text": "### Отдам Amazon Echo Dot\r\n\r\n- Город: Москва\r\n- 💰 Самовывоз бесплатно, отправка за ваш счёт\r\n\r\nКомментарий к товару в свободной форме.\r\n\r\n![](https://фотка-или-картинка-из-гугла)", "url": null, "metadata": null, "created_at": "2020-07-20T13:53:46.882778", "updated_at": "2020-07-20T13:57:45.951043", "upvotes": 0, "is_visible": true, "is_deleted": false, "is_pinned": false}]}