{"id": "974731d8-d30e-476d-ade4-5e6e6eabf19a", "author_id": "a5cfe720-3b53-41fd-b49c-b18e8abceb8a", "post_id": "3b4ca11b-8788-4118-b697-b9205f37f10c", "post_title": "Давайте вместе готовиться к гугловым собеседованиям", "reply_to_id": "270749b5-863c-4691-b606-bf5569fe29b4", "title": null, "text": "@ganqqwerty, и ты хочешь их коучить/менторить до самого трудоустройства в Google или как? Я намекаю, что возможно стоит более четко обозначить свои цели в этом посте (и его заголовке особенно).", "url": null, "metadata": null, "created_at": "2020-05-07T15:51:23.265411", "updated_at": "2020-05-07T15:51:23.880047", "upvotes": 0, "is_visible": true, "is_deleted": false, "is_pinned": false}