{"id": "93e86830-397f-434e-a527-12c61d4399fc", "author_id": "a5cfe720-3b53-41fd-b49c-b18e8abceb8a", "post_id": "c5e60b4d-02ef-43ef-863d-b5e247ce3c69", "post_title": "Почему я уехала из Лондона", "reply_to_id": null, "title": null, "text": "Офигенно, спасибо! Я еще в последних итогах года писал, что Лондон для меня — это Москва для Европы. Там охуенно, движово, денежно, но если можешь там не жить — лучше не жить. А вот приезжать туда в гости и по бизнесу — идеально.\r\n\r\n(и вот опять захотелось)", "url": null, "metadata": null, "created_at": "2020-05-04T18:16:11.552590", "updated_at": "2020-05-04T18:31:59.242123", "upvotes": 23, "is_visible": true, "is_deleted": false, "is_pinned": false}