{"id": "6812fb71-26fe-47a1-bcfa-ae854a65fa0c", "author_id": "a5cfe720-3b53-41fd-b49c-b18e8abceb8a", "post_id": "72871aaa-7556-46a8-9fe1-7d9d6aed60b3", "post_title": "Поясню за JS фреймворки", "reply_to_id": null, "title": null, "text": "Взял на себя смелось причесать вёрстку поста, чтобы избавиться от эффекта стены текста. Теперь как-то более уважительно к читателю.", "url": null, "metadata": null, "created_at": "2020-05-03T07:42:37.103539", "updated_at": "2020-05-03T07:42:37.397564", "upvotes": 20, "is_visible": true, "is_deleted": false, "is_pinned": false}