{"id": "a1ccbbf1-cec4-4793-8aa7-d69caffd462c", "author_id": "a5cfe720-3b53-41fd-b49c-b18e8abceb8a", "post_id": "dc1e64f5-be59-4731-a5bd-5bb77c5f3f41", "post_title": "Полезные в работе концепции", "reply_to_id": null, "title": null, "text": "Чот я ничего не понял. Может сначала напишешь об этом пост? Тут явно нужны какие-то вводные", "url": null, "metadata": null, "created_at": "2020-05-14T20:05:44.360800", "updated_at": "2020-05-14T20:05:45.216013", "upvotes": 0, "is_visible": true, "is_deleted": false, "is_pinned": false}