{"id": "06030350-4515-4993-968a-67e73f1570b9", "author_id": "a5cfe720-3b53-41fd-b49c-b18e8abceb8a", "post_id": "24e2b9da-d007-41e4-b114-765649f9dae0", "post_title": "#intro от @Pavel9609", "reply_to_id": "ea6e999e-a7b6-4dd5-9d58-d383d18105a9", "title": null, "text": "@Pavel9609, просто оно куда-то пропадало (превращалось в одну строчку) и мы пытаемся понять почему. Это наш баг или твой? :D", "url": null, "metadata": null, "created_at": "2020-04-29T10:02:24.020377", "updated_at": "2020-05-03T16:00:00.753171", "upvotes": 0, "is_visible": true, "is_deleted": false, "is_pinned": false}