{"id": "37796130-20ac-4328-a81e-33d1e2d344ae", "slug": "2020_17", "author_id": "a5cfe720-3b53-41fd-b49c-b18e8abceb8a", "type": "weekly_digest", "topic": null, "label": null, "title": "Клубный журнал. Итоги недели. Выпуск #2", "text": "<!DOCTYPE html>\n<html lang=\"ru\">\n  <head>\n    <!-- The title is useful for screenreaders reading a document. Use your sender name or subject line. -->\n    <title>Вастрик.Клуб</title>\n    <meta http-equiv=\"Content-Type\" content=\"text/html; charset=utf-8\" />\n    <!-- Never disable zoom behavior! Fine to set the initial width and scale, but allow users to set their own zoom preferences. -->\n    <meta name=\"viewport\" content=\"width=device-width, initial-scale=1\">\n    <meta http-equiv=\"X-UA-Compatible\" content=\"IE=edge\" />\n    <link href=\"https://fonts.googleapis.com/css?family=Ubuntu:400,500,700&display=swap&subset=cyrillic-ext\" rel=\"stylesheet\">\n    <style type=\"text/css\">\n        /* CLIENT-SPECIFIC STYLES */\n        body, table, td, a { -webkit-text-size-adjust: 100%; -ms-text-size-adjust: 100%; }\n        table, td { mso-table-lspace: 0pt; mso-table-rspace: 0pt; }\n        img { -ms-interpolation-mode: bicubic; }\n\n        /* RESET STYLES */\n        img { border: 0; height: auto; line-height: 100%; outline: none; text-decoration: none; }\n        table { border-collapse: collapse !important; }\n        body {\n            font-family: Ubuntu, serif;\n            margin: 0 !important;\n            padding: 0 !important;\n            width: 100% !important;\n            font-size: 17px;\n            background-color: #FFF;\n        }\n\n        a {\n            color: #000000; font-weight: 600; text-decoration: underline;\n        }\n\n        a:hover {\n            color: #B92B27 !important; text-decoration: none !important;\n        }\n\n        p {\n            font-weight: 400; line-height: 1.5em; margin-bottom: 24px;\n        }\n\n            footer p {\n                font-size: 16px; font-weight: 400; line-height: 1.5em; margin-top: 48px;\n            }\n\n        img {\n            border-radius: 4px; display: block; max-width: 100%; min-width: 100px; width: 100%;\n        }\n\n        h1 {\n            color: #000000; font-size: 32px; font-weight: 700; line-height: 1.4em; margin: 48px 0;\n        }\n\n        h2 {\n            color: #000000; font-size: 30px; font-weight: 500; line-height: 1.4em; margin: 150px 0 35px 0;\n        }\n\n        h3 {\n            color: #000000; font-size: 24px; font-weight: 500; line-height: 1.3em; margin: 24px 0 24px 0;\n        }\n\n        small {\n            color: #999; font-size: 14px; font-weight: 300;\n        }\n\n        /* iOS BLUE LINKS */\n        a[x-apple-data-detectors] {\n            color: inherit !important;\n            text-decoration: none !important;\n            font-size: inherit !important;\n            font-family: inherit !important;\n            font-weight: inherit !important;\n            line-height: inherit !important;\n        }\n\n        /* GMAIL BLUE LINKS */\n        u + #body a {\n            color: inherit;\n            text-decoration: none;\n            font-size: inherit;\n            font-family: inherit;\n            font-weight: inherit;\n            line-height: inherit;\n        }\n\n        /* SAMSUNG MAIL BLUE LINKS */\n        #MessageViewBody a {\n            color: inherit;\n            text-decoration: none;\n            font-size: inherit;\n            font-family: inherit;\n            font-weight: inherit;\n            line-height: inherit;\n        }\n\n        article {\n            margin: 0 0 48px 0;\n        }\n\n        figure {\n            margin: 20px 0 30px 0;\n        }\n\n        .block {\n            padding: 30px;\n            margin-bottom: 30px;\n            box-sizing: border-box;\n            box-shadow: 10px 15px 40px rgba(83, 91, 110, 0.11);\n            background-color: #FFF;\n            border-radius: 15px;\n        }\n\n        .ratio-16-9 {\n            display: block;\n            width: 100%;\n            padding-top: 56.25%;\n            position: relative;\n        }\n\n            .ratio-16-9 > * {\n                position: absolute;\n                top: 0;\n                left: 0;\n                bottom: 0;\n                right: 0;\n                width: 100%;\n                height: 100%;\n            }\n\n        .video-preview {\n            background-size: cover;\n            background-position: 50% 50%;\n            position: relative;\n            background-color: #000;\n        }\n\n            .video-preview::before {\n                content: \"▶︎\";\n                font-size: 100px;\n                color: #FFF;\n                position: absolute;\n                top: 50%;\n                left: 50%;\n                line-height: 100px;\n                height: 100px;\n                width: 100px;\n                margin-left: -50px;\n                margin-top: -40px;\n            }\n\n        /* These rules adjust styles for desktop devices, keeping the email responsive for users. */\n        /* Some email clients don't properly apply media query-based styles, which is why we go mobile-first. */\n        @media screen and (min-width:600px) {\n            h1 { font-size: 48px !important; line-height: 48px !important; }\n        }\n    </style>\n    \n<style>\n    h1, h2, header {\n        text-align: center;\n    }\n\n    .issue {\n        font-size: 24px;\n        font-weight: 600;\n    }\n\n    .post {\n    }\n\n        .post-upvotes {\n            display: block;\n            float: right;\n            background-color: #1B1B1C;\n            color: #FFF;\n            border-radius: 10px;\n            padding: 15px 20px 14px;\n            font-size: 24px;\n            font-weight: bold;\n            line-height: 1em;\n            margin-left: 10px;\n            margin-top: 13px;\n        }\n\n    .label {\n        display: inline-block;\n        vertical-align: middle;\n        background-color: #000000;\n        height: 1.6em;\n        line-height: 1.5em;\n        overflow: hidden;\n        font-size: 75%;\n        border-radius: 5px;\n    }\n\n        .label-title {\n            display: inline-block;\n            color: #FFFFFF;\n            font-weight: normal;\n            padding: 0 0.6em 0;\n            font-size: 90%;\n        }\n\n    .user {\n        display: block;\n        width: 100%;\n        line-height: 1.4em;\n        text-decoration: none;\n        font-weight: 400;\n        margin: 70px 0 100px;\n    }\n\n        .user-avatar {\n            width: 75px;\n            height: 75px;\n            min-width: 75px;\n            min-height: 75px;\n            vertical-align: middle;\n            display: inline-block;\n            margin: 0;\n            border-radius: 50%;\n        }\n\n    .avatar-small {\n        width: 24px;\n        height: 24px;\n        min-width: 24px;\n        border-radius: 50%;\n        display: inline-block;\n        vertical-align: middle;\n        margin: 0;\n        position: relative;\n        top: -2px;\n    }\n\n    .comment {\n    }\n\n        .comment-upvotes {\n            display: block;\n            float: right;\n            background-color: #1B1B1C;\n            color: #FFF;\n            border-radius: 10px;\n            padding: 10px 15px 8px;\n            font-size: 20px;\n            font-weight: bold;\n            line-height: 1em;\n            margin-left: 10px;\n            margin-top: 0;\n        }\n\n    .editorial-text {\n        font-size: 20px;\n        line-height: 1.4em;\n        margin: 0 auto 100px;\n        max-width: 700px;\n    }\n\n    @media only screen and (max-width : 570px) {\n        .issue {\n            display: block;\n            font-size: 20px;\n            padding-top: 15px;\n        }\n\n        h2 {\n            font-size: 24px;\n        }\n\n        h3 {\n            font-size: 22px;\n        }\n\n        p {\n            font-size: 14px;\n        }\n\n            .editorial-text p {\n                font-size: 17px;\n            }\n    }\n</style>\n\n  </head>\n  <body style=\"margin: 0 !important; padding: 0 !important;\">\n    <!-- This ghost table is used to constrain the width in Outlook. The role attribute is set to presentation to prevent it from being read by screenreaders. -->\n    <!--[if (gte mso 9)|(IE)]>\n    <table cellspacing=\"0\" cellpadding=\"0\" border=\"0\" width=\"720\" align=\"center\" role=\"presentation\"><tr><td>\n    <![endif]-->\n    <!-- The role and aria-label attributes are added to wrap the email content as an article for screen readers. Some of them will read out the aria-label as the title of the document, so use something like \"An email from Your Brand Name\" to make it recognizable. -->\n    <!-- Default styling of text is applied to the wrapper div. Be sure to use text that is large enough and has a high contrast with the background color for people with visual impairments. -->\n    <div role=\"article\" lang=\"en\" style=\"background-color: white; color: #2b2b2b; font-family: 'Ubuntu', -apple-system, BlinkMacSystemFont, Roboto, Helvetica, Arial, sans-serif, 'Apple Color Emoji', 'Segoe UI Emoji', 'Segoe UI Symbol'; font-size: 18px; font-weight: 400; line-height: 28px; margin: 0 auto; max-width: 720px; padding: 40px 20px 40px 20px;\">\n\n        <header>\n            \n    <a href=\"https://vas3k.club\">\n        <center><img src=\"https://vas3k.club/static/images/logo/logo-256.png\" alt=\"\" height=\"80\" width=\"80\" style=\"display:inline-block;width: 80px;height: 80px;min-width: 80px; margin-top: 30px;\"></center>\n    </a>\n\n            <h1>\n                \n    Журнал Вастрик.Клуба<br>\n    <span class=\"issue\">Итоги недели. Выпуск #2</span>\n\n            </h1>\n        </header>\n\n        <main>\n            \n    \n        <article class=\"editorial-text\">\n            <p>Привет, Олимпийский!</p>\n<p>Неделька началась с анонса клуба для $3 патронов. Мы всей модеркой весь вечет ревьювили новые профили. Было жестко. Правила вырабатывали тоже по ходу. Мои пальцы, как обычно, устали отвечать на имейлы «почему миня нипутил слыш».</p>\n<p>А ведь это всего полторы сотни человек, представляю что будет на следующей неделе, когда анонсируем на тысячи.</p>\n<p>Хотя теперь мы автоматизировали некоторые процессы. Я запилил email-оповещения, а модераторы обкатали админского бота.</p>\n<p>Вообще, я сразу решил не делать классическую админку в Вастрик.Клубе, а запилить всё через бота и секретные телеграмы. Модераторы сидят в обычном чате, а робот приносит им на ревью новые аккаунты, посты и комменты. Почти киберпанк. Потом он должен восстать.</p>\n<p>Напишу потом об этом пост, назову модным словом NoCode.</p>\n<p>А пока расскажу о главном за неделю.</p>\n<h2>Новый формат: Батлы 🤜🤛</h2>\n<p>Батлы — это схватка двух крайностей. Да, я надеюсь, моя аудитория достаточно умна, и понимает, что черного и белого не бывает. Но как я рассказывал в посте <a href=\"https://vas3k.ru/notes/in_the_middle/\">Оставайся Посередине</a> четкое обозначение этих крайностей так же важно, ведь помогает составить картину мира и нащупать свой локальный минимум.</p>\n<p>Вот три батла, которые запустили за эту неделю.</p>\n<ul>\n<li><a href=\"https://vas3k.club/battle/258/\">Где лучше — в крупной компании или стартапе?</a></li>\n<li><a href=\"https://vas3k.club/battle/260/\">Валить vs Остаться</a> — нестареющая тема</li>\n<li><a href=\"https://vas3k.club/battle/280/\">Классическая дилемма вагонетки</a></li>\n</ul>\n<p>Я специально просил народ не запускать все батлы сразу, а растянуть идеи хотя бы на следующую неделю. Многие согласились, так что тем еще будет много.</p>\n<h2>👩‍💻 Открыли исходный код</h2>\n<p>Держите гитхаб: <a href=\"https://github.com/vas3k/vas3k.club\"><a href=\"https://github.com/vas3k/vas3k.club\">https://github.com/vas3k/vas3k.club</a></a></p>\n<p>Новые баги, фичи и идеи присылайте в <a href=\"https://github.com/vas3k/vas3k.club/issues\">issues</a> и отмечайте лейблом. Так наши боты распарсят их в правильные места.</p>\n<p>Ну и наблюдайте за разработкой в Trello, чтобы понимать какие задачи уже в TODO, а какие даже в In Progress: <a href=\"https://trello.com/b/SAbS5JiI/%D0%B2%D0%B0%D1%81%D1%82%D1%80%D0%B8%D0%BA%D0%BA%D0%BB%D1%83%D0%B1\"><a href=\"https://trello.com/b/SAbS5JiI/\">https://trello.com/b/SAbS5JiI/</a></a></p>\n<p>Это настоящий живой продакшен, разве что без ключей. Несколько человек уже успели закоммитить, хотя у нас даже README нет. Вот это мотивация!</p>\n<h2>🤖 Телеграм-бот делает всё в два раза удобнее</h2>\n<p>Главное разочарование недели: лишь треть юзеров привязала к аккаунту телеграм-бота.</p>\n<p>Отчасти в этом виноват Роскомнадзор, но отчасти и я, потому что не рассказал как это важно. Расскажу.</p>\n<p>Бот задумывался как продолжение сайта. Он как сырный соус к картошечке в KFC — без него вообще никуда. Потому изначально я даже завязал все оповещения именно на бота, а не e-mail. Дальше на него будет завязано всё больше и больше фич Клуба.</p>\n<p><strong>Пока бот умеет:</strong></p>\n<p>🔥 Оповещать о новых ответах на комменты и ваши посты</p>\n<p>🔥 Отвечать на эти самые комменты, реплая прямо из телеграма, не открывая сайт. Топ-фича, когда привыкаешь</p>\n<p>🔥 Постить новые посты и ссылки на сайт, если ему их форварднуть или прислать сообщением. Нашли охуенчик — поделитесь с ботом</p>\n<p>🔥Связывать все клубные чаты в единую систему, постя туда новые посты и тематические комментарии</p>\n<p>Так что кто еще не привязал бота, но теперь захотел — зайдите в свой профиль, там будет кнопочка «редактировать профиль» и внутри можно сделать это еще раз.</p>\n<p>Ну и про <a href=\"https://t.me/1352698254\">клубный канал</a> не забывайте. Там все публичные анонсы.</p>\n<p><figure><img src=\"https://i.vas3k.club/86.png\" alt=\"\"></figure></p>\n<h2>😎 Pro Tip: авторы постов имеют практически власть модераторов у себя в комментах</h2>\n<p>Я решил, что раз у нас Клуб, у его участников должны быть какие-то привилегии по сравнению с обычными площадками.</p>\n<p><strong>Одна из таких секретных фич: вы можете пинить и удалять чужие комментарии под своими постами. Официально.</strong></p>\n<p>Редактировать чужое нельзя, по понятным причинам.</p>\n<p>Если кто-то душнит или пишет фигню под вашим постом — не стесняйтесь говорить об этом или даже выпиливать их. Только так можно создать здоровое коммьюнити.</p>\n<p>Процитирую умных людей:</p>\n<p><figure><img src=\"https://i.vas3k.club/85.png\" alt=\"\"></figure></p>\n        </article>\n    \n\n    \n        <h2>🤘 Новенькие</h2>\n\n        <p style=\"font-size: 19px; line-height: 1.4em; text-align: center; margin-top: 35px; margin-bottom: 90px;\">\n            На этой неделе у нас <strong>+179 новых членов Клуба</strong>.\n            Вот самые интересные из них, набравшие больше всего плюсиков за своё #intro.\n            Не стесняйтесь писать им комменты и расспрашивать за жизнь. Для того мы здесь и собрались!\n        </p>\n\n        \n            <article class=\"block user\">\n                <div style=\"display: block;float: left;margin-right: 30px;\">\n                    <img src=\"https://i.vas3k.club/6s.jpg\" alt=\"\" width=\"80\" height=\"80\" class=\"user-avatar\">\n                </div>\n\n                <div>\n                    <span style=\"display: block; font-size: 21px; line-height: 1.5em;\">\n                        <a href=\"https://vas3k.club/user/VBodrov/\" style=\"text-decoration: underline; font-size: 25px;\">Vladimir Bodrov</a> &nbsp;&nbsp;✏️ 🏗 ⏰ ✈️ 🎮<br>\n                        Руководитель проектов — ОКБ Пятое Поколение\n                    </span>\n\n                    <p>Работаю в частной космической компании.</p><p>В отрасли с 14 лет. Начиная эникейщиком на крупном аэрокосмичесом предприятии, и продолжаю до сих пор руководителем московского филиала той самой частной космической компании, на правах младшего партнера.</p><p>Как частная компания в 2020 году запускаем свой первый спутник в формате Cubesat.</p><p>До этого участвовал в …</p>\n\n                    <span>\n                        <a href=\"https://vas3k.club/intro/VBodrov/\">Читать всё #intro или задать вопрос &rarr;</a>\n                    </span>\n                </div>\n            </article>\n        \n            <article class=\"block user\">\n                <div style=\"display: block;float: left;margin-right: 30px;\">\n                    <img src=\"https://i.vas3k.club/2i.jpg\" alt=\"\" width=\"80\" height=\"80\" class=\"user-avatar\">\n                </div>\n\n                <div>\n                    <span style=\"display: block; font-size: 21px; line-height: 1.5em;\">\n                        <a href=\"https://vas3k.club/user/LizaVorobyova/\" style=\"text-decoration: underline; font-size: 25px;\">Liza Vorobyova</a> &nbsp;&nbsp;🛣 🌆 🏃‍♂️ 🈵 🏋️‍️<br>\n                        Когнитивный ученый — Центральный Европейский Университет\n                    </span>\n\n                    <p>Привет, я Лиза, я девочка и живу в Будапеште. Изначально я из Питера, потом жила немного в Калифорнии, пару лет в Барселоне, последние пять - в Будапеште. В Питере заканчивала СПбГУ по клинической психологии. Занимаюсь когнитивной наукой, ставлю эксперименты на детях, чтобы понять откуда у нас берется мышление. Мы называем это developmental scienc…</p>\n\n                    <span>\n                        <a href=\"https://vas3k.club/intro/LizaVorobyova/\">Читать всё #intro или задать вопрос &rarr;</a>\n                    </span>\n                </div>\n            </article>\n        \n            <article class=\"block user\">\n                <div style=\"display: block;float: left;margin-right: 30px;\">\n                    <img src=\"https://i.vas3k.club/26.jpg\" alt=\"\" width=\"80\" height=\"80\" class=\"user-avatar\">\n                </div>\n\n                <div>\n                    <span style=\"display: block; font-size: 21px; line-height: 1.5em;\">\n                        <a href=\"https://vas3k.club/user/khabaroff/\" style=\"text-decoration: underline; font-size: 25px;\">Сергей Хабаров</a> &nbsp;&nbsp;🏗 ✏️ ⏰ 🎙<br>\n                        Учитель информатики в школе и бывший продакт в айти — Частная школа\n                    </span>\n\n                    <p>Год работаю учителем информатики в школе, а на фрилансе веду коммерческие проекты в диджитале в качестве проджекта и продюсера.</p><p>Опыт: продюсер спецпроектов в Афише-Рамблере, CTO в диджитал  агентстве, CDO в cети ресторанов по России, продакт в Setka. Работал на стороне заказчиков и исполнителей, сделал достаточно — от бессмысленных рекламных проек…</p>\n\n                    <span>\n                        <a href=\"https://vas3k.club/intro/khabaroff/\">Читать всё #intro или задать вопрос &rarr;</a>\n                    </span>\n                </div>\n            </article>\n        \n\n        \n            <p style=\"font-size: 19px; line-height: 1.4em;\">\n                Ну и не забываем про других тоже:\n                \n                    <a href=\"/user/pfrankov/\">pfrankov</a>, \n                \n                    <a href=\"/user/alice2k/\">alice2k</a>, \n                \n                    <a href=\"/user/RishadMustafaev/\">RishadMustafaev</a>, \n                \n                    <a href=\"/user/JetSerge/\">JetSerge</a>, \n                \n                    <a href=\"/user/sumerman/\">sumerman</a>, \n                \n                    <a href=\"/user/otsec/\">otsec</a>, \n                \n                    <a href=\"/user/pronskiy/\">pronskiy</a>, \n                \n                    <a href=\"/user/Vasily_sm/\">Vasily_sm</a>, \n                \n                    <a href=\"/user/jack/\">jack</a>, \n                \n                    <a href=\"/user/May/\">May</a>, \n                \n                    <a href=\"/user/vvzvlad/\">vvzvlad</a>, \n                \n                    <a href=\"/user/dsdolzhenko/\">dsdolzhenko</a>, \n                \n                    <a href=\"/user/Yar/\">Yar</a>, \n                \n                    <a href=\"/user/Maximus/\">Maximus</a>, \n                \n                    <a href=\"/user/NikitaPyos/\">NikitaPyos</a>, \n                \n                    <a href=\"/user/hgen/\">hgen</a>, \n                \n                    <a href=\"/user/dmytro/\">dmytro</a>, \n                \n                    <a href=\"/user/DaniilSkorinkin/\">DaniilSkorinkin</a>, \n                \n                    <a href=\"/user/AndrewLavrov/\">AndrewLavrov</a>, \n                \n                    <a href=\"/user/Nitrino/\">Nitrino</a>, \n                \n                    <a href=\"/user/skaplichniy/\">skaplichniy</a>, \n                \n                    <a href=\"/user/nurgalive/\">nurgalive</a>, \n                \n                    <a href=\"/user/pedorich_n/\">pedorich_n</a>, \n                \n                    <a href=\"/user/prawn-cake/\">prawn-cake</a>, \n                \n                    <a href=\"/user/husky/\">husky</a>, \n                \n                    <a href=\"/user/pecheny/\">pecheny</a>, \n                \n                    <a href=\"/user/lampapos/\">lampapos</a>, \n                \n                    <a href=\"/user/tonsky/\">tonsky</a>, \n                \n                    <a href=\"/user/drakulavich/\">drakulavich</a>, \n                \n                    <a href=\"/user/pbelov/\">pbelov</a>, \n                \n                    <a href=\"/user/Psyhister/\">Psyhister</a>, \n                \n                    <a href=\"/user/Alex/\">Alex</a>, \n                \n                    <a href=\"/user/dzirtbry/\">dzirtbry</a>, \n                \n                    <a href=\"/user/m0stik/\">m0stik</a>, \n                \n                    <a href=\"/user/d_o/\">d_o</a>, \n                \n                    <a href=\"/user/xefimx/\">xefimx</a>, \n                \n                    <a href=\"/user/pashtet/\">pashtet</a>, \n                \n                    <a href=\"/user/Shortsman/\">Shortsman</a>, \n                \n                    <a href=\"/user/kapustin/\">kapustin</a>, \n                \n                    <a href=\"/user/SSayfulin/\">SSayfulin</a>, \n                \n                    <a href=\"/user/Seigiard/\">Seigiard</a>, \n                \n                    <a href=\"/user/maxbobkov/\">maxbobkov</a>, \n                \n                    <a href=\"/user/vs192ef34/\">vs192ef34</a>, \n                \n                    <a href=\"/user/M/\">M</a>, \n                \n                    <a href=\"/user/sanchouses/\">sanchouses</a>, \n                \n                    <a href=\"/user/jdavydko/\">jdavydko</a>, \n                \n                    <a href=\"/user/missingthing/\">missingthing</a>, \n                \n                    <a href=\"/user/Egor_P/\">Egor_P</a>, \n                \n                    <a href=\"/user/wa-Nadoo/\">wa-Nadoo</a>, \n                \n                    <a href=\"/user/amd/\">amd</a>, \n                \n                    <a href=\"/user/Spirtel/\">Spirtel</a>, \n                \n                    <a href=\"/user/avrong/\">avrong</a>, \n                \n                    <a href=\"/user/shrimpsizemoose/\">shrimpsizemoose</a>, \n                \n                    <a href=\"/user/r_levkovych/\">r_levkovych</a>, \n                \n                    <a href=\"/user/vovin/\">vovin</a>, \n                \n                    <a href=\"/user/Atarity/\">Atarity</a>, \n                \n                    <a href=\"/user/Cheriant/\">Cheriant</a>, \n                \n                    <a href=\"/user/whoeverneedsnicknamein2020/\">whoeverneedsnicknamein2020</a>, \n                \n                    <a href=\"/user/latyshev/\">latyshev</a>, \n                \n                    <a href=\"/user/DenisGolendukhin/\">DenisGolendukhin</a>, \n                \n                    <a href=\"/user/EwgB/\">EwgB</a>, \n                \n                    <a href=\"/user/badorb/\">badorb</a>, \n                \n                    <a href=\"/user/lopin/\">lopin</a>, \n                \n                    <a href=\"/user/Volo/\">Volo</a>, \n                \n                    <a href=\"/user/Alexander/\">Alexander</a>, \n                \n                    <a href=\"/user/poctek/\">poctek</a>, \n                \n                    <a href=\"/user/verbaux/\">verbaux</a>, \n                \n                    <a href=\"/user/enchantner/\">enchantner</a>, \n                \n                    <a href=\"/user/DimaSuslov/\">DimaSuslov</a>, \n                \n                    <a href=\"/user/sanohin/\">sanohin</a>, \n                \n                    <a href=\"/user/defaultvoice/\">defaultvoice</a>, \n                \n                    <a href=\"/user/MikhailStralenia/\">MikhailStralenia</a>, \n                \n                    <a href=\"/user/Arthur/\">Arthur</a>, \n                \n                    <a href=\"/user/rx00/\">rx00</a>, \n                \n                    <a href=\"/user/eSender/\">eSender</a>, \n                \n                    <a href=\"/user/soniera/\">soniera</a>, \n                \n                    <a href=\"/user/Camargr/\">Camargr</a>, \n                \n                    <a href=\"/user/evprm/\">evprm</a>, \n                \n                    <a href=\"/user/vkashel/\">vkashel</a>, \n                \n                    <a href=\"/user/darkmoore/\">darkmoore</a>, \n                \n                    <a href=\"/user/deim/\">deim</a>, \n                \n                    <a href=\"/user/Yardy/\">Yardy</a>, \n                \n                    <a href=\"/user/ArtemPeskishev/\">ArtemPeskishev</a>, \n                \n                    <a href=\"/user/Michael/\">Michael</a>, \n                \n                    <a href=\"/user/artpetercom/\">artpetercom</a>, \n                \n                    <a href=\"/user/katella/\">katella</a>, \n                \n                    <a href=\"/user/filin_sergey/\">filin_sergey</a>, \n                \n                    <a href=\"/user/Liutas4x4/\">Liutas4x4</a>, \n                \n                    <a href=\"/user/dkuzmenkov17/\">dkuzmenkov17</a>, \n                \n                    <a href=\"/user/Mykola/\">Mykola</a>, \n                \n                    <a href=\"/user/2pizza/\">2pizza</a>, \n                \n                    <a href=\"/user/limpbrains/\">limpbrains</a>, \n                \n                    <a href=\"/user/ryaba/\">ryaba</a>, \n                \n                    <a href=\"/user/SvyatoslavMikhaylov/\">SvyatoslavMikhaylov</a>, \n                \n                    <a href=\"/user/AndreyGolovin/\">AndreyGolovin</a>, \n                \n                    <a href=\"/user/sevilium/\">sevilium</a>, \n                \n                    <a href=\"/user/VadimLobanov/\">VadimLobanov</a>, \n                \n                    <a href=\"/user/ldi/\">ldi</a>, \n                \n                    <a href=\"/user/konfuze/\">konfuze</a>, \n                \n                    <a href=\"/user/west_side/\">west_side</a>, \n                \n                    <a href=\"/user/SiGMan/\">SiGMan</a>, \n                \n                    <a href=\"/user/VladislavKopylov/\">VladislavKopylov</a>, \n                \n                    <a href=\"/user/Arut/\">Arut</a>, \n                \n                    <a href=\"/user/mind1m/\">mind1m</a>, \n                \n                    <a href=\"/user/AndrewIlin/\">AndrewIlin</a>, \n                \n                    <a href=\"/user/fmajesty/\">fmajesty</a>, \n                \n                    <a href=\"/user/IliaKarpov/\">IliaKarpov</a>, \n                \n                    <a href=\"/user/suhinini/\">suhinini</a>, \n                \n                    <a href=\"/user/Sazerland/\">Sazerland</a>, \n                \n                    <a href=\"/user/vetinary/\">vetinary</a>, \n                \n                    <a href=\"/user/Igor/\">Igor</a>, \n                \n                    <a href=\"/user/gregoryvit/\">gregoryvit</a>, \n                \n                    <a href=\"/user/Fjodor/\">Fjodor</a>, \n                \n                    <a href=\"/user/muscat/\">muscat</a>, \n                \n                    <a href=\"/user/MightySeal/\">MightySeal</a>, \n                \n                    <a href=\"/user/maxv/\">maxv</a>, \n                \n                    <a href=\"/user/ProstoAndrey/\">ProstoAndrey</a>, \n                \n                    <a href=\"/user/boreyko1/\">boreyko1</a>, \n                \n                    <a href=\"/user/mmyslyvyi/\">mmyslyvyi</a>, \n                \n                    <a href=\"/user/ignat_one/\">ignat_one</a>, \n                \n                    <a href=\"/user/IllanFed/\">IllanFed</a>, \n                \n                    <a href=\"/user/tomoki16/\">tomoki16</a>, \n                \n                    <a href=\"/user/tiulpin/\">tiulpin</a>, \n                \n                    <a href=\"/user/sumkin/\">sumkin</a>, \n                \n                    <a href=\"/user/inyutin/\">inyutin</a>, \n                \n                    <a href=\"/user/Nick/\">Nick</a>, \n                \n                    <a href=\"/user/diveup/\">diveup</a>, \n                \n                    <a href=\"/user/argz/\">argz</a>, \n                \n                    <a href=\"/user/Murka/\">Murka</a>, \n                \n                    <a href=\"/user/SergeyBankevich/\">SergeyBankevich</a>, \n                \n                    <a href=\"/user/andruher/\">andruher</a>, \n                \n                    <a href=\"/user/kurumpa/\">kurumpa</a>, \n                \n                    <a href=\"/user/StasOn/\">StasOn</a>, \n                \n                    <a href=\"/user/Misha/\">Misha</a>, \n                \n                    <a href=\"/user/mr_table/\">mr_table</a>, \n                \n                    <a href=\"/user/Hanst/\">Hanst</a>, \n                \n                    <a href=\"/user/lenazubareva/\">lenazubareva</a>, \n                \n                    <a href=\"/user/Tsomik/\">Tsomik</a>, \n                \n                    <a href=\"/user/Vogusar/\">Vogusar</a>, \n                \n                    <a href=\"/user/webdevkin/\">webdevkin</a>, \n                \n                    <a href=\"/user/zed/\">zed</a>, \n                \n                    <a href=\"/user/Andrii/\">Andrii</a>, \n                \n                    <a href=\"/user/Gideon/\">Gideon</a>, \n                \n                    <a href=\"/user/Loschev/\">Loschev</a>, \n                \n                    <a href=\"/user/madhead/\">madhead</a>, \n                \n                    <a href=\"/user/lleni/\">lleni</a>, \n                \n                    <a href=\"/user/zalivka/\">zalivka</a>, \n                \n                    <a href=\"/user/anfrlv/\">anfrlv</a>, \n                \n                    <a href=\"/user/DBAJVDEV/\">DBAJVDEV</a>, \n                \n                    <a href=\"/user/dmchr/\">dmchr</a>\n                \n            </p>\n        \n    \n\n    \n        <h2>🚀 Главная тема недели</h2>\n\n        <article class=\"block post\">\n            <h3>\n                Батл:\n                <a href=\"https://vas3k.club/battle/258/\" target=\"_blank\">Работа в крупной компании или Работа в стартапе</a>\n            </h3>\n\n            <p>\n                Надо запускать батлы с какой-то близкой и понятной каждому темы. Так что для разогрева давай вспомним наш старый добрый срач: где и почему круче работать — в крупной компании или в стартапе?</p><p>Смузи или медстраховка? Стабильность или гибкость? OKR или хуяк-хуяк-в-продакшен?</p><p>Один комментарий — один аргумент в пользу того или другого. Для удобства чтения у каждого аргумента есть заголовок, который по…\n            </p>\n\n            <span style=\"font-size: 16px; color: #999;\">\n                <a href=\"https://vas3k.club/user/vas3k/\" style=\"text-decoration: none; color: #999;\">\n                    <img src=\"https://i.vas3k.ru/lr0.jpg\" alt=\"\" width=\"24\" height=\"24\" class=\"avatar-small\">\n                    &nbsp;vas3k\n                </a>\n                | 97&nbsp;просмотров\n                | 30&nbsp;комментариев\n            </span>\n        </article>\n    \n\n    \n        <h2>😎 Лучшие посты</h2>\n\n        \n            <article class=\"block post\">\n                <span class=\"post-upvotes\">\n                    👍 13\n                </span>\n\n                <h3>\n                    \n\n                    \n\n                    <a href=\"https://vas3k.club/post/78/\" target=\"_blank\">Вы, конечно, шутите, мистер Фейнман!</a>\n\n                    \n                </h3>\n\n                \n                    <p>\n                        Книга от Ричарда Фейнмана. Легкая и довольно веселая книга про времена, когда физики были рокстар. Особенно интересно было читать о его участии в Манхэттенском проекте.</p><p>\n                    </p>\n                \n\n                <span style=\"font-size: 16px; color: #999;\">\n                    <a href=\"https://vas3k.club/user/MaxLipsky/\" style=\"text-decoration: none; color: #999;\">\n                        <img src=\"https://i.vas3k.club/1h.jpg\" alt=\"\" width=\"24\" height=\"24\" class=\"avatar-small\">\n                        &nbsp;MaxLipsky\n                    </a>\n                    | 95&nbsp;просмотров\n                    | 6&nbsp;комментариев\n                </span>\n            </article>\n        \n            <article class=\"block post\">\n                <span class=\"post-upvotes\">\n                    👍 12\n                </span>\n\n                <h3>\n                    \n                        🔗\n                    \n\n                    ➜\n\n                    <a href=\"https://vas3k.club/link/97/\" target=\"_blank\">Гарри Поттер и методы рационального мышления</a>\n\n                    \n                </h3>\n\n                \n                    <p>\n                        </p><p>Не спешите делать выводы исходя из названия.</p><p>Книга хоть и написана по вселенной Гарри Поттера, но несет под собой совершенно иной, самостоятельный продукт.</p><p>Изначальная идея книги весьма простая:</p><p></p><p>Что было бы, будь в вселенной Гарри Поттера умные и рациональные люди?</p><p></p><p>Книга вдохновлена научным подходом, трудами Фейнмана и другими основопологающими научными вещами.</p><p>Отрывок из главы Гипотеза эффект…\n                    </p>\n                \n\n                <span style=\"font-size: 16px; color: #999;\">\n                    <a href=\"https://vas3k.club/user/Kirk/\" style=\"text-decoration: none; color: #999;\">\n                        <img src=\"https://i.vas3k.club/14.jpg\" alt=\"\" width=\"24\" height=\"24\" class=\"avatar-small\">\n                        &nbsp;Kirk\n                    </a>\n                    | 84&nbsp;просмотра\n                    | 16&nbsp;комментариев\n                </span>\n            </article>\n        \n            <article class=\"block post\">\n                <span class=\"post-upvotes\">\n                    👍 12\n                </span>\n\n                <h3>\n                    \n                        🤜🤛\n                    \n\n                    Батл:\n\n                    <a href=\"https://vas3k.club/battle/260/\" target=\"_blank\">Валить или Остаться</a>\n\n                    \n                </h3>\n\n                \n                    <p>\n                        Важный и насущный для многих вопрос, давайте порассуждаем и подумаем над минусами &amp;quot;тут&amp;quot; и &amp;quot;там&amp;quot;.\n                    </p>\n                \n\n                <span style=\"font-size: 16px; color: #999;\">\n                    <a href=\"https://vas3k.club/user/Kirk/\" style=\"text-decoration: none; color: #999;\">\n                        <img src=\"https://i.vas3k.club/14.jpg\" alt=\"\" width=\"24\" height=\"24\" class=\"avatar-small\">\n                        &nbsp;Kirk\n                    </a>\n                    | 66&nbsp;просмотров\n                    | 17&nbsp;комментариев\n                </span>\n            </article>\n        \n            <article class=\"block post\">\n                <span class=\"post-upvotes\">\n                    👍 11\n                </span>\n\n                <h3>\n                    \n\n                    \n\n                    <a href=\"https://vas3k.club/post/101/\" target=\"_blank\">Ты ментор. Не обосрись.</a>\n\n                    \n                </h3>\n\n                \n\n                <span style=\"font-size: 16px; color: #999;\">\n                    <a href=\"https://vas3k.club/user/Kirk/\" style=\"text-decoration: none; color: #999;\">\n                        <img src=\"https://i.vas3k.club/14.jpg\" alt=\"\" width=\"24\" height=\"24\" class=\"avatar-small\">\n                        &nbsp;Kirk\n                    </a>\n                    | 70&nbsp;просмотров\n                    | 0&nbsp;комментариев\n                </span>\n            </article>\n        \n            <article class=\"block post\">\n                <span class=\"post-upvotes\">\n                    👍 11\n                </span>\n\n                <h3>\n                    \n\n                    \n\n                    <a href=\"https://vas3k.club/post/269/\" target=\"_blank\">&quot;Барный трюк&quot; как отличить пилотируемый пуск ракеты</a>\n\n                    \n                </h3>\n\n                \n\n                <span style=\"font-size: 16px; color: #999;\">\n                    <a href=\"https://vas3k.club/user/VBodrov/\" style=\"text-decoration: none; color: #999;\">\n                        <img src=\"https://i.vas3k.club/6s.jpg\" alt=\"\" width=\"24\" height=\"24\" class=\"avatar-small\">\n                        &nbsp;VBodrov\n                    </a>\n                    | 37&nbsp;просмотров\n                    | 10&nbsp;комментариев\n                </span>\n            </article>\n        \n            <article class=\"block post\">\n                <span class=\"post-upvotes\">\n                    👍 10\n                </span>\n\n                <h3>\n                    \n                        🏗\n                    \n\n                    Проект:\n\n                    <a href=\"https://vas3k.club/project/191/\" target=\"_blank\">Easysubs — учим языки по сериалам и фильмам</a>\n\n                    \n                        &nbsp;<span class=\"label\" style=\"background-color: #3498DB;\">\n    <span class=\"label-title\">\n        💎️&nbsp;Инсайды\n    </span>\n</span>\n\n                    \n                </h3>\n\n                \n\n                <span style=\"font-size: 16px; color: #999;\">\n                    <a href=\"https://vas3k.club/user/Nitrino/\" style=\"text-decoration: none; color: #999;\">\n                        <img src=\"https://i.vas3k.club/3s.jpg\" alt=\"\" width=\"24\" height=\"24\" class=\"avatar-small\">\n                        &nbsp;Nitrino\n                    </a>\n                    | 41&nbsp;просмотр\n                    | 0&nbsp;комментариев\n                </span>\n            </article>\n        \n            <article class=\"block post\">\n                <span class=\"post-upvotes\">\n                    👍 9\n                </span>\n\n                <h3>\n                    \n                        🏗\n                    \n\n                    Проект:\n\n                    <a href=\"https://vas3k.club/project/73/\" target=\"_blank\">Рассылка «Процессная целостность»</a>\n\n                    \n                        &nbsp;<span class=\"label\" style=\"background-color: #fe4a49;\">\n    <span class=\"label-title\">\n        👍&nbsp;Офигенно!\n    </span>\n</span>\n\n                    \n                </h3>\n\n                \n\n                <span style=\"font-size: 16px; color: #999;\">\n                    <a href=\"https://vas3k.club/user/khabaroff/\" style=\"text-decoration: none; color: #999;\">\n                        <img src=\"https://i.vas3k.club/26.jpg\" alt=\"\" width=\"24\" height=\"24\" class=\"avatar-small\">\n                        &nbsp;khabaroff\n                    </a>\n                    | 82&nbsp;просмотра\n                    | 1&nbsp;комментарий\n                </span>\n            </article>\n        \n            <article class=\"block post\">\n                <span class=\"post-upvotes\">\n                    👍 6\n                </span>\n\n                <h3>\n                    \n\n                    \n\n                    <a href=\"https://vas3k.club/post/246/\" target=\"_blank\">🚀 Ракеты и люди</a>\n\n                    \n                </h3>\n\n                \n\n                <span style=\"font-size: 16px; color: #999;\">\n                    <a href=\"https://vas3k.club/user/Atarity/\" style=\"text-decoration: none; color: #999;\">\n                        <img src=\"https://i.vas3k.club/77.jpg\" alt=\"\" width=\"24\" height=\"24\" class=\"avatar-small\">\n                        &nbsp;Atarity\n                    </a>\n                    | 44&nbsp;просмотра\n                    | 4&nbsp;комментария\n                </span>\n            </article>\n        \n            <article class=\"block post\">\n                <span class=\"post-upvotes\">\n                    👍 6\n                </span>\n\n                <h3>\n                    \n                        🔗\n                    \n\n                    ➜\n\n                    <a href=\"https://vas3k.club/link/267/\" target=\"_blank\">SCP Foundation</a>\n\n                    \n                </h3>\n\n                \n\n                <span style=\"font-size: 16px; color: #999;\">\n                    <a href=\"https://vas3k.club/user/Kirk/\" style=\"text-decoration: none; color: #999;\">\n                        <img src=\"https://i.vas3k.club/14.jpg\" alt=\"\" width=\"24\" height=\"24\" class=\"avatar-small\">\n                        &nbsp;Kirk\n                    </a>\n                    | 33&nbsp;просмотра\n                    | 6&nbsp;комментариев\n                </span>\n            </article>\n        \n            <article class=\"block post\">\n                <span class=\"post-upvotes\">\n                    👍 6\n                </span>\n\n                <h3>\n                    \n                        🔗\n                    \n\n                    ➜\n\n                    <a href=\"https://vas3k.club/link/95/\" target=\"_blank\">Мозг материален - Ася Казанцева</a>\n\n                    \n                </h3>\n\n                \n\n                <span style=\"font-size: 16px; color: #999;\">\n                    <a href=\"https://vas3k.club/user/husky/\" style=\"text-decoration: none; color: #999;\">\n                        <img src=\"https://i.vas3k.club/2h.jpg\" alt=\"\" width=\"24\" height=\"24\" class=\"avatar-small\">\n                        &nbsp;husky\n                    </a>\n                    | 52&nbsp;просмотра\n                    | 2&nbsp;комментария\n                </span>\n            </article>\n        \n            <article class=\"block post\">\n                <span class=\"post-upvotes\">\n                    👍 5\n                </span>\n\n                <h3>\n                    \n                        🔗\n                    \n\n                    ➜\n\n                    <a href=\"https://vas3k.club/link/284/\" target=\"_blank\">Хулиномика</a>\n\n                    \n                </h3>\n\n                \n\n                <span style=\"font-size: 16px; color: #999;\">\n                    <a href=\"https://vas3k.club/user/Psyhister/\" style=\"text-decoration: none; color: #999;\">\n                        <img src=\"https://i.vas3k.club/55.jpg\" alt=\"\" width=\"24\" height=\"24\" class=\"avatar-small\">\n                        &nbsp;Psyhister\n                    </a>\n                    | 24&nbsp;просмотра\n                    | 1&nbsp;комментарий\n                </span>\n            </article>\n        \n            <article class=\"block post\">\n                <span class=\"post-upvotes\">\n                    👍 5\n                </span>\n\n                <h3>\n                    \n                        😭\n                    \n\n                    Боль:\n\n                    <a href=\"https://vas3k.club/pain/99/\" target=\"_blank\">Фоторедакторы создаются для фотографов, а не для людей. Хотя хорошие фоточки любят и могут делать все</a>\n\n                    \n                </h3>\n\n                \n\n                <span style=\"font-size: 16px; color: #999;\">\n                    <a href=\"https://vas3k.club/user/gerudes/\" style=\"text-decoration: none; color: #999;\">\n                        <img src=\"https://i.vas3k.club/t.jpg\" alt=\"\" width=\"24\" height=\"24\" class=\"avatar-small\">\n                        &nbsp;gerudes\n                    </a>\n                    | 66&nbsp;просмотров\n                    | 6&nbsp;комментариев\n                </span>\n            </article>\n        \n    \n\n    \n        <h2>💭 Топ комментариев</h2>\n\n        \n            <article class=\"block comment\">\n                <span class=\"comment-upvotes\">\n                    👍15\n                </span>\n                <div>\n                    <a href=\"https://vas3k.club/user/vas3k/\" style=\"text-decoration: none;\">\n                        <img src=\"https://i.vas3k.ru/lr0.jpg\" alt=\"\" width=\"24\" height=\"24\" class=\"avatar-small\">\n                        &nbsp;vas3k\n                    </a>\n                    на батл:\n                    <a href=\"/battle/260/#comment-bc2c68cf-099b-41c3-9341-a756e12f4576\">Валить или Остаться</a>\n                </div>\n                <div>\n                    <p>Нашей культуре очень свойственны крайности и максимализм . Поэтому считается, мол, если уехал — обязательно навсегда. Вернулся — значит что-то не получилось, неудачник, позор.</p>\n<p>Это полная хуйня.</p>\n<p>Какие-нибудь Чехи спокойно едут после универа в Германию набираться мудрости в Siemens'ах, а потом так же возвращаются и делают Шкоды. Они никуда не «валят» и не пытаются судорожно «интегрироваться».</p>\n<p>Канадцы могут прожить в Европе 10 лет, обзавестись семьей, открыть бизнес и всё еще называть себя канадцами и даже праздновать канадские праздники.</p>\n<p>И только русские, блять, едут РАЗ И НАВСЕГДА.</p>\n<p>На самом деле, один раз вернувшись, понимаешь, что как будто побывал в петле времени, где за каждый год получил 3х опыта, охуительных историй и теперь ты не «федя из барнаула», а «Сеньор Федор с европейским опытом».</p>\n<p>И ты правда будешь «взрослее» чтоле большинства таких же как ты.</p>\n                </div>\n            </article>\n        \n            <article class=\"block comment\">\n                <span class=\"comment-upvotes\">\n                    👍13\n                </span>\n                <div>\n                    <a href=\"https://vas3k.club/user/khabaroff/\" style=\"text-decoration: none;\">\n                        <img src=\"https://i.vas3k.club/26.jpg\" alt=\"\" width=\"24\" height=\"24\" class=\"avatar-small\">\n                        &nbsp;khabaroff\n                    </a>\n                    на пост\n                    <a href=\"/post/beta/#comment-c9901597-fc6a-42b5-b638-638ed47f5b76\">Вастрик.Клуб: закрытая бета</a>\n                </div>\n                <div>\n                    <p>Вастрик, преклоняюсь перед энергией, рукастостью, инициативой, пользой и tone of voice всей этой машинерии. Респект!</p>\n                </div>\n            </article>\n        \n            <article class=\"block comment\">\n                <span class=\"comment-upvotes\">\n                    👍10\n                </span>\n                <div>\n                    <a href=\"https://vas3k.club/user/vas3k/\" style=\"text-decoration: none;\">\n                        <img src=\"https://i.vas3k.ru/lr0.jpg\" alt=\"\" width=\"24\" height=\"24\" class=\"avatar-small\">\n                        &nbsp;vas3k\n                    </a>\n                    на батл:\n                    <a href=\"/battle/258/#comment-3f32accc-5c2a-419d-a0b9-8c9b5e4a94e9\">Работа в крупной компании или Работа в стартапе</a>\n                </div>\n                <div>\n                    <p>Экспа за убитых монстров так и сыпется в твое резюме.</p>\n<p>Никаких согласований на 17 кросс-митингах с тупыми душнилами из других отделов. Рост для стартапа важнее всего, а на него может повлиять любая идея. Чаще всего запилить и проверить её ты можешь прям сегодня.</p>\n                </div>\n            </article>\n        \n    \n\n    \n\n    <br>\n\n    <h2>На этом всё 👋</h2>\n\n    <p style=\"font-size: 19px; line-height: 1.4em;\">\n        Услышимся в следующем выпуске через неделю. Приносите годные ссылочки, пишите посты и палите инсайды.\n        Вместе мы сделаем Клуб таким полезным и охуенным!\n    </p>\n\n    <br><br><br>\n\n        </main>\n\n        <footer>\n            \n    <p>\n        Напоминаем, что вы всегда можете <a href=\"https://vas3k.club/notifications/switch/nope/%user_id%/%secret_code%/\">отписаться от журнала</a> или наоборот <a href=\"https://vas3k.club/notifications/switch/daily/%user_id%/%secret_code%/\">подписаться на ежедневные дайджесты</a> чтобы получать самый свежий контент.\n    </p>\n\n            <p style=\"text-align: right;\">\n                Если вам больше не хочется никогда получать никаких писем от Клуба,<br> нажмите <a href=\"https://vas3k.club/notifications/unsubscribe/%user_id%/%secret_code%/\">отписаться вообще от всего</a>.\n            </p>\n        </footer>\n\n    </div>\n    <!--[if (gte mso 9)|(IE)]>\n    </td></tr></table>\n    <![endif]-->\n  </body>\n</html>\n", "url": null, "image": null, "metadata": null, "created_at": "2020-04-27T08:22:53.843514", "updated_at": "2020-04-27T08:22:53.843549", "last_activity_at": "2020-04-27T08:22:53.843563", "comment_count": 0, "view_count": 273, "upvotes": 0}