{"id": "b6e72079-2ab1-446a-b59c-e5b12f4da09b", "author_id": "a5cfe720-3b53-41fd-b49c-b18e8abceb8a", "post_id": "e8f46bf1-9b51-43db-b68c-9cf66037c2ec", "post_title": "Кто какими точилками ножей пользуется?", "reply_to_id": "bc640aae-995b-46f7-978a-1f867757c4a5", "title": null, "text": "@ephimoff, офигенно! Уже читаю <3", "url": null, "metadata": null, "created_at": "2020-05-01T19:37:39.250278", "updated_at": "2020-05-02T21:50:48.383125", "upvotes": 0, "is_visible": true, "is_deleted": false, "is_pinned": false}