{"id": "1414b88c-3f81-419f-b7f5-62520d53b6aa", "author_id": "a5cfe720-3b53-41fd-b49c-b18e8abceb8a", "post_id": "2abcabee-afaf-4123-a218-01282aab84a8", "post_title": "Вастрик.Клуб: запускаем бету", "reply_to_id": "68316553-97ac-4fad-a084-323718621cdf", "title": null, "text": "@norguhtar, интересно. То есть можно подумать сделать теги привязанными к комнате, например. Тогда надо лишь решить проблему с UI для их выбора. Я подумаю.", "url": null, "metadata": null, "created_at": "2020-05-15T07:22:07.119904", "updated_at": "2020-05-25T14:55:33.665947", "upvotes": 0, "is_visible": true, "is_deleted": false, "is_pinned": false}