{"id": "04648d10-cdaa-4498-962f-2d741c9b75e7", "author_id": "a5cfe720-3b53-41fd-b49c-b18e8abceb8a", "post_id": "2abcabee-afaf-4123-a218-01282aab84a8", "post_title": "Вастрик.Клуб: запускаем бету", "reply_to_id": "5c2328ad-fedb-40d8-a869-50d686ee3fdd", "title": null, "text": "@VBodrov, обращайся! Я же программист, я всегда готов помогать людям с проблемами с их компьютерами!))0))))", "url": null, "metadata": null, "created_at": "2020-04-23T21:27:28.096307", "updated_at": "2020-05-25T14:55:30.996738", "upvotes": 4, "is_visible": true, "is_deleted": false, "is_pinned": false}