{"id": "aae9c74b-3ec5-42a8-8d16-9eeb34844b01", "author_id": "a5cfe720-3b53-41fd-b49c-b18e8abceb8a", "post_id": "2e1957bf-68f6-47ba-8992-0d016921826e", "post_title": "Мозг материален - Ася Казанцева", "reply_to_id": null, "title": null, "text": "Крайне заебись оформлен пост. Вот бы все рекомендации книжек такие были. Спасибо!\r\n\r\nАнонсировал его в клубном канале чтобы все равнялись :)", "url": null, "metadata": null, "created_at": "2020-04-21T07:40:26.138437", "updated_at": "2020-05-03T05:50:53.631086", "upvotes": 5, "is_visible": true, "is_deleted": false, "is_pinned": false}