{"comments": [{"id": "816e1b73-2d74-4227-b4b5-e701eabc6bed", "author_id": "afbee1cf-664b-438e-9d02-7ca26fdae9f5", "post_id": "2e1957bf-68f6-47ba-8992-0d016921826e", "post_title": "Мозг материален - Ася Казанцева", "reply_to_id": "aae9c74b-3ec5-42a8-8d16-9eeb34844b01", "title": null, "text": "Спасибо! Буду плавно перетягивать свои ревью на книги сюда. Нахрен хипстерский Медиум", "url": null, "metadata": null, "created_at": "2020-04-21T07:42:56.403190", "updated_at": "2020-05-03T05:50:53.649479", "upvotes": 2, "is_visible": true, "is_deleted": false, "is_pinned": false}]}