{"id": "cbd94d61-0d33-472d-9542-0652a84a8acb", "author_id": "a5cfe720-3b53-41fd-b49c-b18e8abceb8a", "post_id": "2abcabee-afaf-4123-a218-01282aab84a8", "post_title": "Вастрик.Клуб: запускаем бету", "reply_to_id": "a912cbcc-83e6-4459-b247-fe7bbf74b220", "title": null, "text": "Пока saas не в планах, буду развивать только платформу, а дальше посмотрим по запросам", "url": null, "metadata": null, "created_at": "2020-04-29T05:22:28.674112", "updated_at": "2020-05-25T14:55:32.504681", "upvotes": 0, "is_visible": true, "is_deleted": false, "is_pinned": false}