{"id": "c8738cee-c77b-42a0-85ee-84fae89ed49e", "author_id": "a5cfe720-3b53-41fd-b49c-b18e8abceb8a", "post_id": "aa61b55a-ae85-4364-8c07-b192007322bd", "post_title": "Имеет ли значение твое текущее место работы для работодателя в Германии?", "reply_to_id": null, "title": null, "text": "По моему личному небольшому опыту — не особо. Я устраивался в классическую Крупную Компанию после NoName-стартапов, всем вообще насрать.\r\n\r\nКогда потом собеседовали новеньких, всем тоже было не так важно. Конечно, всегда было весело с коллегами покекать, что вот этот из Википедии пришел, а вот тот из индийской доставки еды, но на результат HIRE/NO HIRE это мало влияло.\r\n\r\nСпрашивают в основном то, что ты там делал. Чтобы понять релевантен ли твой опыт или нет. Всё.\r\n\r\nЕсли говорить конкретно про Германию, тут недостаток айтишников такой, что их уже без дипломов начали сюда пускать. Так что, как мне кажется, никто вообще уде ни к чему не придирается, и работает лишь твое умение себя продать, ну и Великий Немецкий Рандом (когда твое резюме просто теряют и не отвечают три месяца кек).", "url": null, "metadata": null, "created_at": "2020-04-27T13:50:34.128617", "updated_at": "2020-05-02T22:15:48.504921", "upvotes": 4, "is_visible": true, "is_deleted": false, "is_pinned": false}