{"id": "08a33e5c-7468-4559-9275-a55690f96c3f", "author_id": "a5cfe720-3b53-41fd-b49c-b18e8abceb8a", "post_id": "e8f46bf1-9b51-43db-b68c-9cf66037c2ec", "post_title": "Кто какими точилками ножей пользуется?", "reply_to_id": "bc640aae-995b-46f7-978a-1f867757c4a5", "title": null, "text": "Вот я бы тоже про ножи почитал. Чтобы прям четко и без занудства, что для каждого фрукта нужен свой нож :D", "url": null, "metadata": null, "created_at": "2020-05-01T12:32:24.861301", "updated_at": "2020-05-02T21:30:46.882249", "upvotes": 0, "is_visible": true, "is_deleted": false, "is_pinned": false}