{"id": "389defd1-51e9-454a-be39-ad9d55ad8f13", "author_id": "a5cfe720-3b53-41fd-b49c-b18e8abceb8a", "post_id": "46b9c3a9-7339-4b72-9225-0b4de5e362cb", "post_title": "Как вывезти деньги за бугор?", "reply_to_id": "d1bc28c8-2534-466a-bc0f-e814728e99b8", "title": null, "text": "@yaroslav_miroshnikov, а что за документы для этого потребуются? Я думал он прям регистрацию какого-нибудь ИП или бизнеса потребует, физику просто так не поверят.", "url": null, "metadata": null, "created_at": "2020-04-29T14:29:34.119698", "updated_at": "2020-05-02T21:13:19.944867", "upvotes": 0, "is_visible": true, "is_deleted": false, "is_pinned": false}