{"id": "09d78d9a-fc49-40fd-8b84-c3d6a2dfd4af", "slug": "2020_20", "author_id": "a5cfe720-3b53-41fd-b49c-b18e8abceb8a", "type": "weekly_digest", "topic": null, "label": null, "title": "Клубный журнал. Итоги недели. Выпуск #5", "text": "<!DOCTYPE html>\n<html lang=\"ru\">\n  <head>\n    <title>Вастрик.Клуб</title>\n    <meta http-equiv=\"Content-Type\" content=\"text/html; charset=utf-8\" />\n    <meta name=\"viewport\" content=\"width=device-width, initial-scale=1\">\n    <meta http-equiv=\"X-UA-Compatible\" content=\"IE=edge\" />\n    <link href=\"https://fonts.googleapis.com/css?family=Ubuntu:400,500,700&display=swap&subset=cyrillic-ext\" rel=\"stylesheet\">\n    <style type=\"text/css\">\n        body, table, td, a { -webkit-text-size-adjust: 100%; -ms-text-size-adjust: 100%; }\n        table, td { mso-table-lspace: 0pt; mso-table-rspace: 0pt; }\n        img { -ms-interpolation-mode: bicubic; }\n\n        img { border: 0; height: auto; line-height: 100%; outline: none; text-decoration: none; }\n        table { border-collapse: collapse !important; }\n        body {\n            color: #000000;\n            font-family: Ubuntu, serif;\n            margin: 0 !important;\n            padding: 0 !important;\n            width: 100% !important;\n            font-size: 17px;\n            background-color: #FFF;\n            -webkit-font-smoothing: antialiased;\n        }\n\n        .container {\n            background-color: white;\n            color: #2b2b2b;\n            font-family: 'Ubuntu', -apple-system, BlinkMacSystemFont, Roboto, Helvetica, Arial, sans-serif, 'Apple Color Emoji', 'Segoe UI Emoji', 'Segoe UI Symbol';\n            font-size: 18px;\n            font-weight: 400;\n            line-height: 28px;\n            margin: 0 auto;\n            max-width: 720px;\n            padding: 20px 10px 20px 10px;\n        }\n\n        a {\n            color: #000000;\n            font-weight: 600;\n            text-decoration: underline;\n        }\n\n        a:hover {\n            color: #B92B27 !important;\n            text-decoration: none !important;\n        }\n\n        p {\n            font-size: 16px;\n            font-weight: 400;\n            line-height: 1.5em;\n            margin-bottom: 24px;\n        }\n\n            p.center {\n                text-align: center;\n            }\n\n            p.editorial {\n                font-size: 18px;\n            }\n\n            footer p {\n                font-size: 16px;\n                font-weight: 400;\n                line-height: 1.5em;\n                margin-top: 48px;\n            }\n\n        img {\n            border-radius: 4px;\n            display: block;\n            max-width: 100%;\n            min-width: 100px;\n            width: 100%;\n        }\n\n        h1 {\n\n            font-size: 36px;\n            font-weight: 700;\n            line-height: 1.4em;\n            margin: 48px 0;\n        }\n\n        h2 {\n            font-size: 30px;\n            font-weight: 500;\n            line-height: 1.4em;\n            margin: 100px 0 35px 0;\n        }\n\n        h3 {\n            font-size: 22px;\n            font-weight: 500;\n            line-height: 1.3em;\n            margin: 24px 0 24px 0;\n        }\n\n        small {\n            color: #999; font-size: 14px; font-weight: 300;\n        }\n\n        /* iOS BLUE LINKS */\n        a[x-apple-data-detectors] {\n            color: inherit !important;\n            text-decoration: none !important;\n            font-size: inherit !important;\n            font-family: inherit !important;\n            font-weight: inherit !important;\n            line-height: inherit !important;\n        }\n\n        /* GMAIL BLUE LINKS */\n        u + #body a {\n            color: inherit;\n            text-decoration: none;\n            font-size: inherit;\n            font-family: inherit;\n            font-weight: inherit;\n            line-height: inherit;\n        }\n\n        /* SAMSUNG MAIL BLUE LINKS */\n        #MessageViewBody a {\n            color: inherit;\n            text-decoration: none;\n            font-size: inherit;\n            font-family: inherit;\n            font-weight: inherit;\n            line-height: inherit;\n        }\n\n        article {\n            margin: 0 0 48px 0;\n        }\n\n        figure {\n            margin: 20px 0 30px 0;\n        }\n\n        .block {\n            padding: 20px;\n            margin-bottom: 30px;\n            box-sizing: border-box;\n            box-shadow: 10px 15px 40px rgba(83, 91, 110, 0.11);\n            background-color: #FFF;\n            border-radius: 15px;\n        }\n\n        .ratio-16-9 {\n            display: block;\n            width: 100%;\n            padding-top: 56.25%;\n            position: relative;\n        }\n\n            .ratio-16-9 > * {\n                position: absolute;\n                top: 0;\n                left: 0;\n                bottom: 0;\n                right: 0;\n                width: 100%;\n                height: 100%;\n            }\n\n        .video-preview {\n            background-size: cover;\n            background-position: 50% 50%;\n            position: relative;\n            background-color: #000;\n        }\n\n            .video-preview::before {\n                content: \"▶︎\";\n                font-size: 100px;\n                color: #FFF;\n                position: absolute;\n                top: 50%;\n                left: 50%;\n                line-height: 100px;\n                height: 100px;\n                width: 100px;\n                margin-left: -50px;\n                margin-top: -40px;\n            }\n\n        .issue {\n            display: block;\n            font-size: 20px;\n            line-height: 24px;\n            padding-top: 15px;\n        }\n\n        .post {\n            font-size: 16px;\n        }\n\n            .post-footer {\n                font-size: 14px;\n                color: #999999;\n            }\n\n        .label {\n            display: inline-block;\n            vertical-align: middle;\n            background-color: #000000;\n            height: 1.6em;\n            line-height: 1.5em;\n            overflow: hidden;\n            font-size: 75%;\n            border-radius: 5px;\n        }\n\n            .label-title {\n                display: inline-block;\n                color: #FFFFFF;\n                font-weight: normal;\n                padding: 0 0.6em 0;\n                font-size: 90%;\n            }\n\n        .user {\n            display: block;\n            width: 100%;\n            font-size: 16px;\n            line-height: 1.4em;\n            text-decoration: none;\n            font-weight: 400;\n            margin: 70px 0 100px;\n        }\n\n            .user-avatar {\n                display: block;\n                float: left;\n            }\n\n                .user-avatar img {\n                    width: 50px;\n                    height: 50px;\n                    min-width: 50px;\n                    min-height: 50px;\n                    vertical-align: middle;\n                    display: inline-block;\n                    margin: 0;\n                    border-radius: 50%;\n                    margin-right: 10px;\n                }\n\n                .user-title-small {\n                    font-size: 17px;\n                }\n\n        .avatar-small {\n            width: 24px;\n            height: 24px;\n            min-width: 24px;\n            border-radius: 50%;\n            display: inline-block;\n            vertical-align: middle;\n            margin: 0;\n            position: relative;\n            top: -2px;\n        }\n\n        .comment {\n            font-size: 16px;\n        }\n\n        .upvotes {\n            display: block;\n            float: right;\n            background-color: #1B1B1C;\n            color: #FFF;\n            border-radius: 10px;\n            padding: 6px 10px 6px;\n            font-size: 16px;\n            font-weight: bold;\n            line-height: 1em;\n            margin-left: 10px;\n            margin-top: 0;\n        }\n\n        .comment h3,\n        .user h3,\n        .post h3 {\n            margin-top: 0;\n        }\n\n        /* Desktop styles */\n        @media screen and (min-width: 600px) {\n            h1 { font-size: 52px !important; }\n            h2 { font-size: 34px !important; }\n            h3 { font-size: 25px !important; }\n\n            .container {\n                padding-left: 25px;\n                padding-right: 25px;\n            }\n\n            .user-avatar img {\n                width: 70px;\n                height: 70px;\n                min-width: 70px;\n                min-height: 70px;\n                margin-right: 20px;\n            }\n            p, .comment, .user, .post {\n                font-size: 17px;\n            }\n            .upvotes {\n                font-size: 22px;\n                padding: 8px 18px 8px;\n            }\n        }\n    </style>\n    \n<style>\n    h1, h2, header {\n        text-align: center;\n    }\n</style>\n\n  </head>\n  <body style=\"margin: 0 !important; padding: 0 !important;\">\n    <!-- This ghost table is used to constrain the width in Outlook. The role attribute is set to presentation to prevent it from being read by screenreaders. -->\n    <!--[if (gte mso 9)|(IE)]>\n    <table cellspacing=\"0\" cellpadding=\"0\" border=\"0\" width=\"720\" align=\"center\" role=\"presentation\"><tr><td>\n    <![endif]-->\n    <!-- The role and aria-label attributes are added to wrap the email content as an article for screen readers. Some of them will read out the aria-label as the title of the document, so use something like \"An email from Your Brand Name\" to make it recognizable. -->\n    <!-- Default styling of text is applied to the wrapper div. Be sure to use text that is large enough and has a high contrast with the background color for people with visual impairments. -->\n    <div role=\"article\" lang=\"en\" class=\"container\">\n\n        <header>\n            \n    <a href=\"https://vas3k.club\">\n        <center><img src=\"https://vas3k.club/static/images/logo/logo-256.png\" alt=\"\" height=\"80\" width=\"80\" style=\"display:inline-block;width: 80px;height: 80px;min-width: 80px; margin-top: 30px;\"></center>\n    </a>\n\n            <h1>\n                \n    Журнал Вастрик.Клуба<br>\n    <span class=\"issue\">Итоги недели. Выпуск #5</span>\n\n            </h1>\n        </header>\n\n        <main>\n            \n    \n\n    \n        <h2>🤘 Новенькие</h2>\n\n        <p class=\"center editorial\">\n            На этой неделе у нас <strong>+164 новых члена Клуба</strong>.\n            Вот самые интересные из них, набравшие больше всего плюсиков за своё #intro.\n            Не стесняйтесь писать им комменты и расспрашивать за жизнь. Для того мы здесь и собрались!\n        </p>\n\n        \n            <article class=\"block user\">\n                <div class=\"user-avatar\">\n                    <img src=\"https://i.vas3k.club/1kb.jpg\" alt=\"\" width=\"50\" height=\"50\">\n                </div>\n\n                <div>\n                    <h3>\n                        <a href=\"https://vas3k.club/user/TimurZarudny/\" style=\"text-decoration: underline;\">Timur Zarudny</a> &nbsp;&nbsp;✏️ 🚶‍♂️ 🍸 🚴‍♀️ 🏃‍♂️<br>\n                        <span class=\"user-title-small\">редактор — сам на себя</span>\n                    </h3>\n\n                    <p>Я Тимур Зарудный, редактор и режиссер. Живу в Хабаровске, работаю где угодно, потому что умею. Люблю серийные проекты: веду рубрики и запускаю рассылки.</p><p>Написал три курса о внимании и наблюдении за собой: бесплатный, на 42 урока и про фильм года, как способ справиться с хтонью. Из второго курса скоро появится книга.</p><p>Пишу про медицинское, околомозговое и поведенческое, крафтовое пивко. Вместе с др…</p>\n\n                    <span>\n                        <a href=\"https://vas3k.club/intro/TimurZarudny/\">Читать всё #intro &rarr;</a>\n                    </span>\n                </div>\n            </article>\n        \n            <article class=\"block user\">\n                <div class=\"user-avatar\">\n                    <img src=\"https://i.vas3k.club/1kh.jpg\" alt=\"\" width=\"50\" height=\"50\">\n                </div>\n\n                <div>\n                    <h3>\n                        <a href=\"https://vas3k.club/user/EduardSurov/\" style=\"text-decoration: underline;\">Эдуард Суров</a> &nbsp;&nbsp;🌆 🏗 🍸 🈵<br>\n                        <span class=\"user-title-small\">Head of QA — TheSoul Publishing</span>\n                    </h3>\n\n                    <p>Привет, я Эд!</p><p>Большую часть жизни я программирую, начинал с Delphi/C++, с появлением интернетов в конце 90-х перешел на PHP и до сих пор пишу в основном на нем. Несколько лет назад занесло в QA, тема заинтересовала своей высокой востребованностью при слабой развитости; так в ней и тусуюсь. Живу сейчас на Кипре.</p><p>Из примечательных мест работы - вкусил геймдева в Destiny Development, был пожёван энт…</p>\n\n                    <span>\n                        <a href=\"https://vas3k.club/intro/EduardSurov/\">Читать всё #intro &rarr;</a>\n                    </span>\n                </div>\n            </article>\n        \n            <article class=\"block user\">\n                <div class=\"user-avatar\">\n                    <img src=\"https://i.vas3k.club/v.png\" alt=\"\" width=\"50\" height=\"50\">\n                </div>\n\n                <div>\n                    <h3>\n                        <a href=\"https://vas3k.club/user/antnraven/\" style=\"text-decoration: underline;\">Антон Милов</a> &nbsp;&nbsp;🚴‍♀️ 📚 🎙 ⌚️ 😻<br>\n                        <span class=\"user-title-small\">Аспирант — СибГУ им. М. Ф. Решетнева</span>\n                    </h3>\n\n                    <p>Всем привет!</p><p>По основному месту работы являюсь разработчиком ABAP, соответственно под SAP R/3. </p><p>Вторым направлением моей деятельности является наука. На текущий момент я аспирант третьего года обучения кафедры информационно-управляющих систем института информатики и телекоммуникаций Сибирского государственного университета науки и технологий имени М. Ф. Решетнева. Мои научные интересы сконцентрир…</p>\n\n                    <span>\n                        <a href=\"https://vas3k.club/intro/antnraven/\">Читать всё #intro &rarr;</a>\n                    </span>\n                </div>\n            </article>\n        \n\n\n\n\n\n\n\n\n\n\n    \n\n    \n\n    \n        <h2>😎 Лучшие посты недели</h2>\n\n        <p class=\"center editorial\">\n            Всего за неделю написали <strong><a href=\"/all/top_week/\">96 постов</a></strong>.\n            Вот самые популярные из них.\n        </p>\n\n        \n            <article class=\"block post\">\n                <span class=\"upvotes\">\n                    👍155\n                </span>\n\n                <h3>\n                    \n\n                    \n\n                    <a href=\"https://vas3k.club/post/1657/\" target=\"_blank\">Невероятно полезные, но неизвестные миру тулзы</a>\n\n                    \n                        &nbsp;<span class=\"label\" style=\"background-color: #fe4a49;\">\n    <span class=\"label-title\">\n        👍&nbsp;Офигенно!\n    </span>\n</span>\n\n                    \n                </h3>\n\n                \n                    <p>\n                        Расскажите про одну-три  приложеньки, которые почти нигде не засветились,  и про которые никто не слышал. Но они оказалались крайне полезны для вас.</p><p>Лучше с тегами типа [Макось] или [Андроид]</p><p>Я, пожалуй, начну:</p><p></p><p>[Макось]  Brisync — тулза с ровно одной функцией. Сидит в трее и синхронизирует яркость внешнего монитора с яркостью маковского дисплея.  В т.ч. используя датчик освещения мака. Незаменим…\n                    </p>\n                \n\n                <span class=\"post-footer\">\n                    <a href=\"https://vas3k.club/user/ArtemGolovin/\" style=\"text-decoration: none; color: #999;\">\n                        <img src=\"https://i.vas3k.club/na.jpg\" alt=\"\" width=\"24\" height=\"24\" class=\"avatar-small\">\n                        &nbsp;ArtemGolovin\n                    </a>\n                    | 1190&nbsp;просмотров\n                    | 134&nbsp;комментария\n                </span>\n            </article>\n        \n            <article class=\"block post\">\n                <span class=\"upvotes\">\n                    👍38\n                </span>\n\n                <h3>\n                    \n\n                    \n\n                    <a href=\"https://vas3k.club/post/1516/\" target=\"_blank\">Работа на Бали. Самоизоляция под пальмой 🌴</a>\n\n                    \n                </h3>\n\n                \n                    <p>\n                        Привет.</p><p>Этот пост хочется начать с того, что я только несколько дней как сюда вступил. Идея закрытого клуба для айтишников очень крутая, но еще круче, зайти сюда и увидеть как выделены интересные тебе темы, которые на первый взгляд не сильно пересекаются с айти.</p><p>Ну и вот одна из тем — миграция. На моем счету не так много стран, но лет с 16 очень хотел переехать в Америку. К сожалению по ворк-нэд-…\n                    </p>\n                \n\n                <span class=\"post-footer\">\n                    <a href=\"https://vas3k.club/user/Nrjwolf/\" style=\"text-decoration: none; color: #999;\">\n                        <img src=\"https://i.vas3k.club/1co.jpg\" alt=\"\" width=\"24\" height=\"24\" class=\"avatar-small\">\n                        &nbsp;Nrjwolf\n                    </a>\n                    | 265&nbsp;просмотров\n                    | 9&nbsp;комментариев\n                </span>\n            </article>\n        \n            <article class=\"block post\">\n                <span class=\"upvotes\">\n                    👍31\n                </span>\n\n                <h3>\n                    \n\n                    \n\n                    <a href=\"https://vas3k.club/post/1594/\" target=\"_blank\">Понаедем в Какнаду</a>\n\n                    \n                </h3>\n\n                \n                    <p>\n                        Сап Вастрик.Клуб! Это Никитка на связи. Я снова прокрастинирую, а значит, время написать пост про Канаду, какие тут впечатления от понаеха.</p><p>Танк в Даунтауне, все норм</p><p>Как я сюда переехал в 2012, зачем и сколько это стоило — все есть среди моих постов на Хабре. Сейчас скорее расскажу вам о своих впечатлениях за 8 лет жизни и работы в Ванкувере.</p><p>Да, рассказывать буду про Ванкувер — потому что где б…\n                    </p>\n                \n\n                <span class=\"post-footer\">\n                    <a href=\"https://vas3k.club/user/borodutch/\" style=\"text-decoration: none; color: #999;\">\n                        <img src=\"https://i.vas3k.club/1a8.jpg\" alt=\"\" width=\"24\" height=\"24\" class=\"avatar-small\">\n                        &nbsp;borodutch\n                    </a>\n                    | 213&nbsp;просмотров\n                    | 28&nbsp;комментариев\n                </span>\n            </article>\n        \n            <article class=\"block post\">\n                <span class=\"upvotes\">\n                    👍30\n                </span>\n\n                <h3>\n                    \n\n                    \n\n                    <a href=\"https://vas3k.club/post/1561/\" target=\"_blank\">Осознанное обучение: как я использую Notion для потребления контента</a>\n\n                    \n                </h3>\n\n                \n\n                <span class=\"post-footer\">\n                    <a href=\"https://vas3k.club/user/tonyfresher/\" style=\"text-decoration: none; color: #999;\">\n                        <img src=\"https://i.vas3k.club/y1.jpg\" alt=\"\" width=\"24\" height=\"24\" class=\"avatar-small\">\n                        &nbsp;tonyfresher\n                    </a>\n                    | 351&nbsp;просмотр\n                    | 23&nbsp;комментария\n                </span>\n            </article>\n        \n            <article class=\"block post\">\n                <span class=\"upvotes\">\n                    👍30\n                </span>\n\n                <h3>\n                    \n\n                    \n\n                    <a href=\"https://vas3k.club/post/1768/\" target=\"_blank\">Вышка в UK не вставая с дивана</a>\n\n                    \n                </h3>\n\n                \n\n                <span class=\"post-footer\">\n                    <a href=\"https://vas3k.club/user/Covectb_cobaka/\" style=\"text-decoration: none; color: #999;\">\n                        <img src=\"https://i.vas3k.club/mq.jpg\" alt=\"\" width=\"24\" height=\"24\" class=\"avatar-small\">\n                        &nbsp;Covectb_cobaka\n                    </a>\n                    | 245&nbsp;просмотров\n                    | 7&nbsp;комментариев\n                </span>\n            </article>\n        \n            <article class=\"block post\">\n                <span class=\"upvotes\">\n                    👍29\n                </span>\n\n                <h3>\n                    \n                        ❓\n                    \n\n                    Вопрос:\n\n                    <a href=\"https://vas3k.club/question/1648/\" target=\"_blank\">Как вы ведете учет личных финансов?</a>\n\n                    \n                </h3>\n\n                \n\n                <span class=\"post-footer\">\n                    <a href=\"https://vas3k.club/user/Aso/\" style=\"text-decoration: none; color: #999;\">\n                        <img src=\"https://i.vas3k.club/1id.jpg\" alt=\"\" width=\"24\" height=\"24\" class=\"avatar-small\">\n                        &nbsp;Aso\n                    </a>\n                    | 479&nbsp;просмотров\n                    | 81&nbsp;комментарий\n                </span>\n            </article>\n        \n            <article class=\"block post\">\n                <span class=\"upvotes\">\n                    👍24\n                </span>\n\n                <h3>\n                    \n                        🔗\n                    \n\n                    ➜\n\n                    <a href=\"https://vas3k.club/link/1853/\" target=\"_blank\">🧠 The Psychology of Design:101 Cognitive Biases &amp; Principles That Affect Your UX</a>\n\n                    \n                </h3>\n\n                \n\n                <span class=\"post-footer\">\n                    <a href=\"https://vas3k.club/user/vas3k/\" style=\"text-decoration: none; color: #999;\">\n                        <img src=\"https://i.vas3k.ru/lr0.jpg\" alt=\"\" width=\"24\" height=\"24\" class=\"avatar-small\">\n                        &nbsp;vas3k\n                    </a>\n                    | 295&nbsp;просмотров\n                    | 7&nbsp;комментариев\n                </span>\n            </article>\n        \n            <article class=\"block post\">\n                <span class=\"upvotes\">\n                    👍20\n                </span>\n\n                <h3>\n                    \n                        ❓\n                    \n\n                    Вопрос:\n\n                    <a href=\"https://vas3k.club/question/1739/\" target=\"_blank\">Как вы варите кофе?</a>\n\n                    \n                </h3>\n\n                \n\n                <span class=\"post-footer\">\n                    <a href=\"https://vas3k.club/user/cherya/\" style=\"text-decoration: none; color: #999;\">\n                        <img src=\"https://i.vas3k.club/im.jpg\" alt=\"\" width=\"24\" height=\"24\" class=\"avatar-small\">\n                        &nbsp;cherya\n                    </a>\n                    | 297&nbsp;просмотров\n                    | 58&nbsp;комментариев\n                </span>\n            </article>\n        \n            <article class=\"block post\">\n                <span class=\"upvotes\">\n                    👍17\n                </span>\n\n                <h3>\n                    \n\n                    \n\n                    <a href=\"https://vas3k.club/post/1548/\" target=\"_blank\">Вокруг Исландии за неделю (краткий гайд)</a>\n\n                    \n                </h3>\n\n                \n\n                <span class=\"post-footer\">\n                    <a href=\"https://vas3k.club/user/amstir/\" style=\"text-decoration: none; color: #999;\">\n                        <img src=\"https://i.vas3k.club/d.jpg\" alt=\"\" width=\"24\" height=\"24\" class=\"avatar-small\">\n                        &nbsp;amstir\n                    </a>\n                    | 147&nbsp;просмотров\n                    | 7&nbsp;комментариев\n                </span>\n            </article>\n        \n            <article class=\"block post\">\n                <span class=\"upvotes\">\n                    👍17\n                </span>\n\n                <h3>\n                    \n                        ❓\n                    \n\n                    Вопрос:\n\n                    <a href=\"https://vas3k.club/question/1586/\" target=\"_blank\">Какое облако для хранения данных используете?</a>\n\n                    \n                </h3>\n\n                \n\n                <span class=\"post-footer\">\n                    <a href=\"https://vas3k.club/user/borodutch/\" style=\"text-decoration: none; color: #999;\">\n                        <img src=\"https://i.vas3k.club/1a8.jpg\" alt=\"\" width=\"24\" height=\"24\" class=\"avatar-small\">\n                        &nbsp;borodutch\n                    </a>\n                    | 368&nbsp;просмотров\n                    | 62&nbsp;комментария\n                </span>\n            </article>\n        \n            <article class=\"block post\">\n                <span class=\"upvotes\">\n                    👍17\n                </span>\n\n                <h3>\n                    \n                        ❓\n                    \n\n                    Вопрос:\n\n                    <a href=\"https://vas3k.club/question/1650/\" target=\"_blank\">Какие расширения для браузера вы используте?</a>\n\n                    \n                </h3>\n\n                \n\n                <span class=\"post-footer\">\n                    <a href=\"https://vas3k.club/user/xamber/\" style=\"text-decoration: none; color: #999;\">\n                        <img src=\"https://i.vas3k.club/1ji.jpg\" alt=\"\" width=\"24\" height=\"24\" class=\"avatar-small\">\n                        &nbsp;xamber\n                    </a>\n                    | 214&nbsp;просмотров\n                    | 21&nbsp;комментарий\n                </span>\n            </article>\n        \n            <article class=\"block post\">\n                <span class=\"upvotes\">\n                    👍16\n                </span>\n\n                <h3>\n                    \n\n                    \n\n                    <a href=\"https://vas3k.club/post/1505/\" target=\"_blank\">Бьенвенидос а Барселона. Как живется в Испании</a>\n\n                    \n                </h3>\n\n                \n\n                <span class=\"post-footer\">\n                    <a href=\"https://vas3k.club/user/lopin/\" style=\"text-decoration: none; color: #999;\">\n                        <img src=\"https://i.vas3k.club/4g.jpg\" alt=\"\" width=\"24\" height=\"24\" class=\"avatar-small\">\n                        &nbsp;lopin\n                    </a>\n                    | 146&nbsp;просмотров\n                    | 8&nbsp;комментариев\n                </span>\n            </article>\n        \n    \n\n    \n        <h2>💭 Топ комментариев</h2>\n\n        \n            <article class=\"block comment\">\n                <span class=\"upvotes\">\n                    👍18\n                </span>\n                <div>\n                    <a href=\"https://vas3k.club/user/Stenopolz/\" style=\"text-decoration: none;\">\n                        <img src=\"https://i.vas3k.club/9f.jpg\" alt=\"\" width=\"24\" height=\"24\" class=\"avatar-small\">\n                        &nbsp;Stenopolz\n                    </a>\n                    на вопрос:\n                    <a href=\"/question/1648/#comment-6343ad5e-1c2f-401c-99fb-4791a12234e1\">Как вы ведете учет личных финансов?</a>\n                </div>\n                <div>\n                    <p>Я лениво использую Zenmoney. Она парсит мои смс из банка, умеет удобно в категории и различные счета. Запоминает категорию платежа и повторно его назначает тому же магазину. Основную трудность составляют наличные расходы - мне очень влом вбивать руками наличные траты, поэтому чаще всего в конце месяца некая сумма наличных списывается в категорию &quot;разное&quot;. Благо сейчас почти все платежи у меня безналичные. Там по идее есть много функционала для накоплений и сбережений, но я по сути использую только запись расходов и распределение по категориям, чтобы понять, куда сколько денег уходит.</p>\n                </div>\n            </article>\n        \n            <article class=\"block comment\">\n                <span class=\"upvotes\">\n                    👍18\n                </span>\n                <div>\n                    <a href=\"https://vas3k.club/user/ArtemGolovin/\" style=\"text-decoration: none;\">\n                        <img src=\"https://i.vas3k.club/na.jpg\" alt=\"\" width=\"24\" height=\"24\" class=\"avatar-small\">\n                        &nbsp;ArtemGolovin\n                    </a>\n                    на пост\n                    <a href=\"/post/1657/#comment-06d4ffbc-f650-49fe-9961-8aac17f1cb9f\">Невероятно полезные, но неизвестные миру тулзы</a>\n                </div>\n                <div>\n                    <p>Мне кажется, на этой неделе я попробовал-поставил больше прог чем за весь предыдущий год</p>\n                </div>\n            </article>\n        \n            <article class=\"block comment\">\n                <span class=\"upvotes\">\n                    👍17\n                </span>\n                <div>\n                    <a href=\"https://vas3k.club/user/enchantner/\" style=\"text-decoration: none;\">\n                        <img src=\"https://i.vas3k.club/47.jpg\" alt=\"\" width=\"24\" height=\"24\" class=\"avatar-small\">\n                        &nbsp;enchantner\n                    </a>\n                    на вопрос:\n                    <a href=\"/question/1816/#comment-fdfceeaf-30f1-4cae-af9c-d23211b7fbef\">Стоит ли MacBook того? 13 или 16?</a>\n                </div>\n                <div>\n                    <p>Я сейчас постараюсь упростить и поделить все на 4 группы. Итак:</p>\n<ul>\n<li>Рабочий Кейс 1: Ты используешь ноут в первую очередь, как тонкий клиент к корпоративным серверам. По сути, все, что тебе от него надо - это вменяемая IDE и гонять текстовые файлики с кодом туда-сюда, компиляция/сборка делается CI/CD системой, деплоится все в облаках. Если абсолютное большинство времени ты делаешь именно описанное, то макбук - оверкилл, вполне подойдет абсолютно любой простой дешевый ноут, даже хромбук, можно смотреть просто на то, чтобы железо было не совсем древнее.</li>\n<li>Рабочий Кейс 2: Ты профессионально занимаешься музыкой, анимацией и/или обработкой фото и видео. Твои инструменты, без которых никак - это фотошоп, какой-нить Reason и/или ZBrush. В этом случае действительно, макбук - отличный выбор.</li>\n<li>Рабочий Кейс 3: Ты используешь ноут, как рабочую инженерную станцию. Сервера серверами, но хочется иметь рабочее окружение с докером, питоном, возможность компилировать код с разными версиями библиотек, экспериментировать с различным железом потипу SDR, Arduino, Raspberry Pi, FPGA. Возможно, ты даже хочешь датасаенс и нейросетки (если повезет - то и на CUDA). В такой ситуации твой выбор - ультрабуки с линуксом (например, Manjaro). Из конкретных моделей вспоминается, скажем, Thinkpad Carbon X1 (скоро выходит 8 поколение, кстати, будет очень крутое).</li>\n<li>Рабочий кейс 4: Ты занимаешься маркетингом/продажами/поверпойнтом/управлением проектами. Довольно большая часть того, что ты делаешь - это работа с офисными документами, составление отчетов, пересылка презентаций, заполнение календаря в Outlook. Кроме этого, тебе хочется иметь возможность периодически поигрывать в игрушки из стима и редактировать PDF-документы, а также, возможно, использовать разный BI-софт потипу SAS/SPSS, клиенты SAP, 1С. В такой ситуации гораздо лучше взять магазинный ноут с виндой, например, тот же леново или делл.</li>\n</ul>\n<p>Описанные задачи (и рабочие, и досуг) решаемы на любой системе. Ты вполне можешь играть в игрушки из стима на линуксе или разрабатывать веб в докере под макосью. Но дьявол, как всегда, в деталях.</p>\n                </div>\n            </article>\n        \n    \n\n    \n        <br><br><br>\n\n        <h2>🎥 Видосик недели</h2>\n\n        \n            <article class=\"block comment\">\n                <div>\n                    <a href=\"https://vas3k.club/user/aantonenko/\" style=\"text-decoration: none;\">\n                        <img src=\"https://i.vas3k.club/s3.jpg\" alt=\"\" width=\"24\" height=\"24\" class=\"avatar-small\">\n                        &nbsp;aantonenko\n                    </a>\n                    на батл:\n                    <a href=\"/battle/1624/#comment-9e3a502f-32a7-4557-ae2c-91a2bb1e9c83\">Феминативы или Их отсутствие</a>\n                </div>\n                <div>\n                    <p>Просто оставлю ссылочку на подкаст по теме<br>\n<a href=\"https://www.youtube.com/watch?v=9arsAqNZ8tU\"><span class=\"ratio-16-9 video-preview\" style=\"background-image: url('https://img.youtube.com/vi/9arsAqNZ8tU/0.jpg');\"></span></a><br></p>\n<p>Если коротко, то язык - это инструмент коммуникации. Живой и активно развивающийся язык меняется вместе с людьми и их запросами.<br>\nПоэтому, если в обществе появляется запрос на феминитивы - они неизбежно появятся (уже появились) и распространятся независимо от того, нравится вам это или нет.</p>\n                </div>\n            </article>\n        \n    \n\n    <br>\n\n    <h2>На этом всё 👋</h2>\n\n    <p class=\"center editorial\">\n        Услышимся в журнале через неделю. Приносите годные ссылочки, пишите посты и палите инсайды.\n        Только вместе мы делаем Клуб таким полезным и охуенным!\n    </p>\n\n    <br><br><br>\n\n        </main>\n\n        <footer>\n            \n    <p>\n        Вы всегда можете <a href=\"https://vas3k.club/notifications/switch/nope/%user_id%/%secret_code%/\">отписаться от этого журнала</a> или, наоборот, <a href=\"https://vas3k.club/notifications/switch/daily/%user_id%/%secret_code%/\">подписаться на ежедневные дайджесты</a> чтобы получать самый свежий контент.\n    </p>\n\n            <p style=\"text-align: right;\">\n                Если вам больше не хочется никогда получать никаких писем от Клуба,<br> нажмите <a href=\"https://vas3k.club/notifications/unsubscribe/%user_id%/%secret_code%/\">отписаться вообще от всего</a>.\n            </p>\n        </footer>\n\n    </div>\n    <!--[if (gte mso 9)|(IE)]>\n    </td></tr></table>\n    <![endif]-->\n  </body>\n</html>\n", "url": null, "image": null, "metadata": null, "created_at": "2020-05-18T09:00:03.979994", "updated_at": "2020-05-18T09:00:03.980031", "last_activity_at": "2020-05-18T09:00:03.980045", "comment_count": 0, "view_count": 294, "upvotes": 0}