{"id": "46143ca3-2e3f-4283-94b6-eddfa7cdffcb", "author_id": "a5cfe720-3b53-41fd-b49c-b18e8abceb8a", "post_id": "d3b92267-4c0e-4a7d-bd11-a1fba2757ba1", "post_title": "Насколько растет зп после панаеха", "reply_to_id": null, "title": null, "text": "Берлин. Поменял компанию через год после переезда с увеличение з/п почти в 1,5 раза. Наверное, освоился, начал понимать как наглеть с местными и как себя ценить.\r\n\r\nПереезжать можно на кого угодно, если устраивает оффер. Забудь эти галерные СНГшные лычки, тут большинство получает должность \"разработчик\" и не парится. \r\n\r\nДжуном тебя вряд ли перевезут, а требовать чтобы тебя называли не иначе как \"сеньором\" — нахуя? Так ты только усложняешь себе путь к дальнейшему росту. Смотри на сумму и бенефиты, а не на модную лычку.", "url": null, "metadata": null, "created_at": "2020-05-20T20:07:17.736355", "updated_at": "2020-07-12T16:37:15.669742", "upvotes": 11, "is_visible": true, "is_deleted": false, "is_pinned": false}