{"id": "a680ed41-537a-4a57-af40-cb0d60e626d9", "author_id": "a5cfe720-3b53-41fd-b49c-b18e8abceb8a", "post_id": "581d36ab-74ee-48d3-b87b-2ded0c702486", "post_title": "#intro от @Yardy", "reply_to_id": null, "title": null, "text": "Нука давай заводи свой блог-подкаст про шизоидов и стартапы. Я бы послушал!", "url": null, "metadata": null, "created_at": "2020-04-22T21:12:04.430943", "updated_at": "2020-05-03T13:22:28.560046", "upvotes": 0, "is_visible": true, "is_deleted": false, "is_pinned": false}