{"id": "13f03bbc-8d2f-430e-a129-f7039106cd6d", "author_id": "a5cfe720-3b53-41fd-b49c-b18e8abceb8a", "post_id": "46b9c3a9-7339-4b72-9225-0b4de5e362cb", "post_title": "Как вывезти деньги за бугор?", "reply_to_id": "d1bc28c8-2534-466a-bc0f-e814728e99b8", "title": null, "text": "Ух, я бы побоялся пейпала, зная как он внезапно банит и требует документы, когда на него падает большая сумма ($1-2K уже достаточно)", "url": null, "metadata": null, "created_at": "2020-04-29T14:18:56.587802", "updated_at": "2020-05-02T21:13:19.909664", "upvotes": 0, "is_visible": true, "is_deleted": false, "is_pinned": false}