{"comments": [{"id": "31c7958a-7533-43fa-8a36-ff94f352750e", "author_id": "f652da42-5c47-40ec-8b49-d34386e1d0d1", "post_id": "8639811b-35eb-431b-8f7f-a02a3b396ef7", "post_title": "#intro от @MrFoxies", "reply_to_id": "0d4585fd-3b2b-465d-bd84-6178923b18da", "title": null, "text": "Сейчас в процессе подтягивания хардскиллов и языка, но вообще мечу в самый лучший город (оксимирона) - Лондон", "url": null, "metadata": null, "created_at": "2020-04-27T09:48:36.033085", "updated_at": "2020-05-03T13:46:35.175491", "upvotes": 0, "is_visible": true, "is_deleted": false, "is_pinned": false}, {"id": "64dd4766-5806-494a-8998-83c3bae2ebc7", "author_id": "a5cfe720-3b53-41fd-b49c-b18e8abceb8a", "post_id": "8639811b-35eb-431b-8f7f-a02a3b396ef7", "post_title": "#intro от @MrFoxies", "reply_to_id": "0d4585fd-3b2b-465d-bd84-6178923b18da", "title": null, "text": "@MrFoxies, Лондон охуенен, респект! (надеюсь не в бадуу)", "url": null, "metadata": null, "created_at": "2020-04-27T09:52:40.347008", "updated_at": "2020-05-03T13:46:35.185937", "upvotes": 0, "is_visible": true, "is_deleted": false, "is_pinned": false}, {"id": "e76b7357-58ed-42b8-9d1d-274948a0c79b", "author_id": "f652da42-5c47-40ec-8b49-d34386e1d0d1", "post_id": "8639811b-35eb-431b-8f7f-a02a3b396ef7", "post_title": "#intro от @MrFoxies", "reply_to_id": "0d4585fd-3b2b-465d-bd84-6178923b18da", "title": null, "text": "@vas3k, почему не в баду? это же отличная компания (пока не пришли СЖВ начальство) + отличные бабки и вливаться будет проще, половина русскоговорящие", "url": null, "metadata": null, "created_at": "2020-04-27T09:56:16.327934", "updated_at": "2020-05-03T13:46:35.202677", "upvotes": 0, "is_visible": true, "is_deleted": false, "is_pinned": false}, {"id": "795f97e8-2f2b-471b-8064-c102425b83e3", "author_id": "e180b91f-4e37-464e-bd8e-db52826526ec", "post_id": "8639811b-35eb-431b-8f7f-a02a3b396ef7", "post_title": "#intro от @MrFoxies", "reply_to_id": "0d4585fd-3b2b-465d-bd84-6178923b18da", "title": null, "text": "@MrFoxies, это дейтинг галера. Если хочешь именно \"половина русскоговорящие\", то лучше в Револют.", "url": null, "metadata": null, "created_at": "2020-04-27T12:28:18.985975", "updated_at": "2020-05-03T13:46:35.218622", "upvotes": 2, "is_visible": true, "is_deleted": false, "is_pinned": false}, {"id": "ee6531bb-ced8-48b3-a57e-32b5dbc598b3", "author_id": "f652da42-5c47-40ec-8b49-d34386e1d0d1", "post_id": "8639811b-35eb-431b-8f7f-a02a3b396ef7", "post_title": "#intro от @MrFoxies", "reply_to_id": "0d4585fd-3b2b-465d-bd84-6178923b18da", "title": null, "text": "@begor, почему это галера? по докладам и рассказам складывается ощущение, что это достаточно прокаченная компания в плане технологий и процессов и есть чему поучиться у более опытных людей", "url": null, "metadata": null, "created_at": "2020-04-27T12:39:24.543305", "updated_at": "2020-05-03T13:46:35.241588", "upvotes": 0, "is_visible": true, "is_deleted": false, "is_pinned": false}, {"id": "ce528a46-d76b-40d5-b583-e6dc6dc4cb66", "author_id": "a5cfe720-3b53-41fd-b49c-b18e8abceb8a", "post_id": "8639811b-35eb-431b-8f7f-a02a3b396ef7", "post_title": "#intro от @MrFoxies", "reply_to_id": "0d4585fd-3b2b-465d-bd84-6178923b18da", "title": null, "text": "@begor, да, всё так. От своих друзей лондонцев я слышу прям очень стыдные истории изнутри баду, когда людей прям на улицу вышвыривают и они домой летят визу новую получать. Просто не знаю можно ли о них рассказывать. Го в Револют, если хочется РУССКОСТИ, либо Гугл/Фейсбук, если хочется деняк, ничего не делать и двадцать видов блюд на обед.", "url": null, "metadata": null, "created_at": "2020-04-27T12:39:28.040136", "updated_at": "2020-05-03T13:46:35.264138", "upvotes": 1, "is_visible": true, "is_deleted": false, "is_pinned": false}, {"id": "9ad2f4a0-3fae-4f21-8af0-bf028e46a5ae", "author_id": "f652da42-5c47-40ec-8b49-d34386e1d0d1", "post_id": "8639811b-35eb-431b-8f7f-a02a3b396ef7", "post_title": "#intro от @MrFoxies", "reply_to_id": "0d4585fd-3b2b-465d-bd84-6178923b18da", "title": null, "text": "@vas3k, ну ты намекни что там, русскости не особо хочется, и револют вроде переехал куда-то", "url": null, "metadata": null, "created_at": "2020-04-27T12:41:12.888994", "updated_at": "2020-05-03T13:46:35.276584", "upvotes": 0, "is_visible": true, "is_deleted": false, "is_pinned": false}, {"id": "b16cb594-453e-42ae-aaa5-7e83db6d149a", "author_id": "a5cfe720-3b53-41fd-b49c-b18e8abceb8a", "post_id": "8639811b-35eb-431b-8f7f-a02a3b396ef7", "post_title": "#intro от @MrFoxies", "reply_to_id": "0d4585fd-3b2b-465d-bd84-6178923b18da", "title": null, "text": "@MrFoxies, никуда не переезжал, все там же на Канари Варфе вроде сидит с другими банками. Намек я в комменте выше дописал, сорян, не сразу.", "url": null, "metadata": null, "created_at": "2020-04-27T12:42:49.089134", "updated_at": "2020-05-03T13:46:35.287238", "upvotes": 0, "is_visible": true, "is_deleted": false, "is_pinned": false}, {"id": "f95d5e19-5bfa-4cb1-8ad5-a18ba6657052", "author_id": "e180b91f-4e37-464e-bd8e-db52826526ec", "post_id": "8639811b-35eb-431b-8f7f-a02a3b396ef7", "post_title": "#intro от @MrFoxies", "reply_to_id": "0d4585fd-3b2b-465d-bd84-6178923b18da", "title": null, "text": "@MrFoxies, это классическое \"на словах ты Лев Толстой, а на деле -- Баду\", нужно смотреть не на конференции, а на людей, кто там работал.", "url": null, "metadata": null, "created_at": "2020-04-27T12:48:24.493272", "updated_at": "2020-05-03T13:46:35.303434", "upvotes": 0, "is_visible": true, "is_deleted": false, "is_pinned": false}, {"id": "9603e7c5-9acc-494b-a66d-d7095237bab1", "author_id": "f652da42-5c47-40ec-8b49-d34386e1d0d1", "post_id": "8639811b-35eb-431b-8f7f-a02a3b396ef7", "post_title": "#intro от @MrFoxies", "reply_to_id": "0d4585fd-3b2b-465d-bd84-6178923b18da", "title": null, "text": "@vas3k, ну, к сожалению не так много знаю людей, а с вышвыриванием это да - жоско, а ну да, про револют ошибся, там какую то хуйню писали в тг канале, и я что-то не удосужился проверить это дело\r\n\r\n@begor, если есть инсайды - велкам, интересно послушать", "url": null, "metadata": null, "created_at": "2020-04-27T12:56:35.013267", "updated_at": "2020-05-02T21:47:11.657181", "upvotes": 0, "is_visible": true, "is_deleted": false, "is_pinned": false}]}