{"id": "e8ed1451-9b71-4e58-bae2-b8015ee4c12d", "author_id": "a5cfe720-3b53-41fd-b49c-b18e8abceb8a", "post_id": "4730807f-7947-47f2-9d81-457411527e64", "post_title": "Автодонат для Garry's Mod", "reply_to_id": "ebfd6083-55ce-4a98-82c5-eeeee53c9fde", "title": null, "text": "@Kirk, к сожалению, я не могу в Яндекс.Кассу. Я ИП в Германии и меня Яндекс просто с порога пошлёт нахуй. С налогами тоже. Немцам на такое похуй, лишь бы инвойсы показывал, а вот в российский налоговый бардак я даже лезть не хочу.\r\n\r\nВот и ищу что-то под свои требования. И да, надо с реккурентными платежами и мировой географией как Stripe, PayPal или Adyen. У последнего комиссии поменьше, но они требуют стопку документов. Вот думаю теперь.", "url": null, "metadata": null, "created_at": "2020-04-21T16:00:11.974332", "updated_at": "2020-05-03T11:42:41.800598", "upvotes": 0, "is_visible": true, "is_deleted": false, "is_pinned": false}