{"id": "538f2f25-dcba-4f91-b1d0-27b7846cf8e8", "author_id": "a5cfe720-3b53-41fd-b49c-b18e8abceb8a", "post_id": "cbeb517d-671b-44da-864c-27bf1dacf66e", "post_title": "Лестница в небо. Диалоги о власти, карьере и мировой элите", "reply_to_id": "eb6993cb-9439-4004-9cde-7c927f29b439", "title": null, "text": "@Camargr, не, думаю вообще не стоит. Даже на википедии на нее очень спорные отзывы. Я не читал, но тут прям все сигналы горят красным. Давай лучше что-нибудь еще :)", "url": null, "metadata": null, "created_at": "2020-05-09T18:25:04.384316", "updated_at": "2020-05-09T18:25:05.282412", "upvotes": 0, "is_visible": true, "is_deleted": false, "is_pinned": false}