{"id": "38e8d098-8fc4-4fb8-a52c-51f0785bf7e9", "author_id": "a5cfe720-3b53-41fd-b49c-b18e8abceb8a", "post_id": "64ab93d5-6028-4de6-81c8-daa0268865f6", "post_title": "Тред грязных столов!", "reply_to_id": "f4bccbe1-8c2d-4191-a43f-75e09fb6ca5e", "title": null, "text": "@borodutch, с мобилки никак :( У нас тут стартап, ниче не работает!\r\n\r\nНо можн куда-нибудь загрузить и положить ссылку, она магически распарсится в картинку.", "url": null, "metadata": null, "created_at": "2020-05-09T15:54:14.833453", "updated_at": "2020-05-09T15:55:17.465578", "upvotes": 6, "is_visible": true, "is_deleted": false, "is_pinned": false}