{"id": "031e0ccd-57c2-458d-a913-adba146d14ea", "author_id": "a5cfe720-3b53-41fd-b49c-b18e8abceb8a", "post_id": "2abcabee-afaf-4123-a218-01282aab84a8", "post_title": "Вастрик.Клуб: запускаем бету", "reply_to_id": "d07e9349-5b49-4b89-affa-fc9997fbacfb", "title": null, "text": "@verbaux, \r\n> А может не одиноки, а самодостаточны?\r\n\r\nБыло бы круто, если бы ты создал пост (точнее даже Вопрос Клубу) с этой темой. Я бы перепостил туда свой ответ и мы бы там нормально посидели :) Сделаешь?\r\n\r\n> Правда, твой комментарий пришел не полностью, поэтому все равно зашел на сайт\r\n\r\nЭто баг, ща пофикшу\r\n\r\n> Как думаешь, это не спровоцирует вал маленьких комментариев, вместо больших и обстоятельных. \r\n\r\nСпровоцирует, потому так нельзя отвечать на посты, только на уже имеющиеся комментарии. В текущей логике комменты — наше всё, а реплаи к ним — так, обсуждение, детали. Поживем, посмотрим.", "url": null, "metadata": null, "created_at": "2020-04-22T15:16:44.761285", "updated_at": "2020-05-25T14:55:30.399193", "upvotes": 0, "is_visible": true, "is_deleted": false, "is_pinned": false}