{"id": "507d5307-9735-4798-b605-e8e650eeef6a", "author_id": "a5cfe720-3b53-41fd-b49c-b18e8abceb8a", "post_id": "46b9c3a9-7339-4b72-9225-0b4de5e362cb", "post_title": "Как вывезти деньги за бугор?", "reply_to_id": "11bc9cc7-2a0d-408d-ab9d-8dfbea261a13", "title": null, "text": "@PavloPyrig, ах, только прочитал твой коммент ниже. Жестко у вас. Соболезную", "url": null, "metadata": null, "created_at": "2020-04-29T14:26:54.210641", "updated_at": "2020-05-02T21:13:19.309580", "upvotes": 1, "is_visible": true, "is_deleted": false, "is_pinned": false}