{"id": "508965a2-8f1d-4784-83eb-07f5f3d24b7b", "author_id": "a5cfe720-3b53-41fd-b49c-b18e8abceb8a", "post_id": "2abcabee-afaf-4123-a218-01282aab84a8", "post_title": "Вастрик.Клуб: запускаем бету", "reply_to_id": "a407a429-757d-49c4-a8f9-52e51a9ed0d6", "title": null, "text": "Эта фича уже в ближайшем TODO", "url": null, "metadata": {"telegram": {"message": {"chat": {"id": 5613595, "type": "private", "username": "vas3k", "first_name": "Вастрик"}, "date": 1587452456, "from": {"id": 5613595, "is_bot": false, "username": "vas3k", "first_name": "Вастрик", "language_code": "en"}, "text": "Эта фича уже в ближайшем TODO", "photo": [], "entities": [], "message_id": 263, "new_chat_photo": [], "caption_entities": [], "new_chat_members": [], "reply_to_message": {"chat": {"id": 5613595, "type": "private", "username": "vas3k", "first_name": "Вастрик"}, "date": 1587441057, "from": {"id": 921354081, "is_bot": true, "username": "vas3k_club_bot", "first_name": "THE A.I."}, "text": "💬 Новый коммент к вашему посту «Вастрик.Клуб: закрытая бета для илиты»\n\nMykola:  Идея супер, спасибо! А можно чтобы показывалось количество либо просто наличие новых непрочитанных ответов в &quot;Вопросах Клубу&quot;? \n\nПосмотреть ➜", "photo": [], "entities": [{"type": "bold", "length": 28, "offset": 3}, {"url": "https://vas3k.club/post/beta/", "type": "text_link", "length": 37, "offset": 33}, {"url": "https://vas3k.club/user/Mykola/", "type": "text_link", "length": 6, "offset": 73}, {"type": "pre", "length": 138, "offset": 81}, {"url": "https://vas3k.club/post/beta/comment/a407a429-757d-49c4-a8f9-52e51a9ed0d6/", "type": "text_link", "length": 12, "offset": 221}], "message_id": 262, "new_chat_photo": [], "caption_entities": [], "new_chat_members": [], "delete_chat_photo": false, "group_chat_created": false, "channel_chat_created": false, "supergroup_chat_created": false}, "delete_chat_photo": false, "group_chat_created": false, "channel_chat_created": false, "supergroup_chat_created": false}, "update_id": 126024321, "_effective_chat": {"id": 5613595, "type": "private", "username": "vas3k", "first_name": "Вастрик"}, "_effective_user": {"id": 5613595, "is_bot": false, "username": "vas3k", "first_name": "Вастрик", "language_code": "en"}}}, "created_at": "2020-04-21T07:00:57.083354", "updated_at": "2020-05-25T14:55:31.858144", "upvotes": 1, "is_visible": true, "is_deleted": false, "is_pinned": false}