{"id": "702c1a6b-70b6-48f7-98dc-77d9209b8aaf", "author_id": "a5cfe720-3b53-41fd-b49c-b18e8abceb8a", "post_id": "cbc6c362-7e70-4208-8386-dc1f2cbc8e5e", "post_title": "#intro от @Vasily_sm", "reply_to_id": "32eb89b9-4634-4747-a4a9-55f74a7e688e", "title": null, "text": "Проиграл с варить крокодила :D", "url": null, "metadata": {"telegram": {"message": {"chat": {"id": -1001168227240, "type": "supergroup", "title": "Вастрик.Клуб: Админка"}, "date": 1587557508, "from": {"id": 5613595, "is_bot": false, "username": "vas3k", "first_name": "Вастрик", "language_code": "en"}, "text": "Сук, проиграл с крокодила :D", "photo": [], "entities": [], "message_id": 893, "new_chat_photo": [], "caption_entities": [], "new_chat_members": [], "reply_to_message": {"chat": {"id": -1001168227240, "type": "supergroup", "title": "Вастрик.Клуб: Админка"}, "date": 1587557477, "from": {"id": 921354081, "is_bot": true, "username": "vas3k_club_bot", "first_name": "THE A.I."}, "text": "💬 Новый коммент к посту «#intro от @Vasily_sm»\n\nАвтор: APilosian\n\nЕсли найдется время, расскажи, пожалуйста в отдельном посте про виноделие, потому что я жил в Питере и у меня сейчас диссонанс случился, что человек дома в Петербурге варил вино, а не крокодила.\n\nКстати, почему решил уехать из Москвы в Петербург и чем так зацепило, что остался и больше никуда не хочется?\n\nПосмотреть ➜", "photo": [], "entities": [{"type": "bold", "length": 23, "offset": 3}, {"url": "https://vas3k.club/intro/Vasily_sm/", "type": "text_link", "length": 20, "offset": 26}, {"type": "bold", "length": 20, "offset": 26}, {"type": "bold", "length": 1, "offset": 46}, {"type": "bold", "length": 6, "offset": 49}, {"url": "https://vas3k.club/post/Vasily_sm/comment/32eb89b9-4634-4747-a4a9-55f74a7e688e/", "type": "text_link", "length": 12, "offset": 374}], "message_id": 891, "new_chat_photo": [], "caption_entities": [], "new_chat_members": [], "delete_chat_photo": false, "group_chat_created": false, "channel_chat_created": false, "supergroup_chat_created": false}, "delete_chat_photo": false, "group_chat_created": false, "channel_chat_created": false, "supergroup_chat_created": false}, "update_id": 126024444, "_effective_chat": {"id": -1001168227240, "type": "supergroup", "title": "Вастрик.Клуб: Админка"}, "_effective_user": {"id": 5613595, "is_bot": false, "username": "vas3k", "first_name": "Вастрик", "language_code": "en"}}}, "created_at": "2020-04-22T12:11:48.275844", "updated_at": "2020-05-03T12:53:16.377413", "upvotes": 3, "is_visible": true, "is_deleted": false, "is_pinned": false}