{"id": "3b207e13-afb1-45c3-a9d6-1748dc685b88", "author_id": "a5cfe720-3b53-41fd-b49c-b18e8abceb8a", "post_id": "7a0d1d11-69fa-4db1-99fb-e28c1184880a", "post_title": "Почему нам всё сложнее заводить друзей?", "reply_to_id": null, "title": null, "text": "Перепощу сюда ответ из соседнего треда, чтобы продолжать здесь.\r\n\r\nЭто взросление. Мы становимся сложнее. В детстве ты подходил к поцану в песочнице и говорил «у меня тоже красная куртка, давай дружить», а теперь у вас должны сойтись примерно 100 разных вкусов и взглядов на все просто чтобы вы друг другу глотки не перегрызли. Так и живем.\r\n\r\nЧем сложнее наши миры — тем более они одиноки.", "url": null, "metadata": null, "created_at": "2020-04-22T16:35:47.270956", "updated_at": "2020-05-03T13:27:45.172764", "upvotes": 14, "is_visible": true, "is_deleted": false, "is_pinned": false}