{"comments": [{"id": "996f4572-d120-4426-a61f-cf9801532f68", "author_id": "42a5b62b-0f63-48b3-ac17-b992ebe5fc96", "post_id": "7a0d1d11-69fa-4db1-99fb-e28c1184880a", "post_title": "Почему нам всё сложнее заводить друзей?", "reply_to_id": "3b207e13-afb1-45c3-a9d6-1748dc685b88", "title": null, "text": "И я повторюсь:\r\n\r\n>Чем сложнее наши миры — тем более они одиноки.\r\n\r\nА может не одиноки, а самодостаточны? И сближаешься ты только с теми, в ком видишь что-то, чего тебе нехватает?", "url": null, "metadata": null, "created_at": "2020-04-22T16:37:24.513290", "updated_at": "2020-05-03T13:27:45.188199", "upvotes": 1, "is_visible": true, "is_deleted": false, "is_pinned": false}, {"id": "bd7328ea-3f39-4755-b966-dd2373763690", "author_id": "72aeb798-55cf-4116-8843-cbed66848c83", "post_id": "7a0d1d11-69fa-4db1-99fb-e28c1184880a", "post_title": "Почему нам всё сложнее заводить друзей?", "reply_to_id": "3b207e13-afb1-45c3-a9d6-1748dc685b88", "title": null, "text": "Дело не в куртке, а в том, что следует за ней. Есть такая идея, что момент дружбы возникает когда твой напарник из одной деятельности переходит и в другую. Абсолютно естественно после куличиков идти бить лягушек палкой, а потом в футбол. \r\n\r\nВо взрослой жизни не так - у нас всё структурировано и целая пропасть лежит между тем, чтобы обсуждать в коллегой фреймворки и потом предложить ему покататься на великах или пойти нагибать рачьё в дотке. И у тебя и у него все расписано, а если и нет, то все равно лень.", "url": null, "metadata": null, "created_at": "2020-04-22T16:49:00.577237", "updated_at": "2020-05-03T13:27:45.199461", "upvotes": 3, "is_visible": true, "is_deleted": false, "is_pinned": false}]}