{"id": "953acbe8-0a98-4318-b3cf-d3693f3b0109", "slug": "2020_16", "author_id": "a5cfe720-3b53-41fd-b49c-b18e8abceb8a", "type": "weekly_digest", "topic": null, "label": null, "title": "Клубный журнал. Итоги недели. Выпуск #1", "text": "<!DOCTYPE html>\n<html lang=\"ru\">\n  <head>\n    <!-- The title is useful for screenreaders reading a document. Use your sender name or subject line. -->\n    <title>Вастрик.Клуб</title>\n    <meta http-equiv=\"Content-Type\" content=\"text/html; charset=utf-8\" />\n    <!-- Never disable zoom behavior! Fine to set the initial width and scale, but allow users to set their own zoom preferences. -->\n    <meta name=\"viewport\" content=\"width=device-width, initial-scale=1\">\n    <meta http-equiv=\"X-UA-Compatible\" content=\"IE=edge\" />\n    <link href=\"https://fonts.googleapis.com/css?family=Merriweather&display=swap&subset=cyrillic\" rel=\"stylesheet\">\n    <style type=\"text/css\">\n        /* CLIENT-SPECIFIC STYLES */\n        body, table, td, a { -webkit-text-size-adjust: 100%; -ms-text-size-adjust: 100%; }\n        table, td { mso-table-lspace: 0pt; mso-table-rspace: 0pt; }\n        img { -ms-interpolation-mode: bicubic; }\n\n        /* RESET STYLES */\n        img { border: 0; height: auto; line-height: 100%; outline: none; text-decoration: none; }\n        table { border-collapse: collapse !important; }\n        body {\n            margin: 0 !important;\n            padding: 0 !important;\n            width: 100% !important;\n            font-size: 17px;\n            background-color: #FFF;\n        }\n\n        a {\n            color: #000000; font-weight: 600; text-decoration: underline;\n        }\n\n        a:hover {\n            color: #B92B27 !important; text-decoration: none !important;\n        }\n\n        p {\n            font-weight: 400; line-height: 1.5em; margin-bottom: 24px;\n        }\n\n        img {\n            border-radius: 4px; display: block; max-width: 100%; min-width: 100px; width: 100%;\n        }\n\n        h1 {\n            color: #000000; font-size: 32px; font-weight: 800; line-height: 1.3em; margin: 48px 0; text-align: center;\n        }\n\n        h2 {\n            color: #000000; font-size: 30px; font-weight: 600; line-height: 1.3em; margin: 48px 0 24px 0; text-align: center;\n        }\n\n        h3 {\n            color: #000000; font-size: 24px; font-weight: 600; line-height: 1.3em; margin: 24px 0 24px 0; text-align: left;\n        }\n\n        small {\n            color: #999; font-size: 14px; font-weight: 300;\n        }\n\n        /* iOS BLUE LINKS */\n        a[x-apple-data-detectors] {\n            color: inherit !important;\n            text-decoration: none !important;\n            font-size: inherit !important;\n            font-family: inherit !important;\n            font-weight: inherit !important;\n            line-height: inherit !important;\n        }\n\n        /* GMAIL BLUE LINKS */\n        u + #body a {\n            color: inherit;\n            text-decoration: none;\n            font-size: inherit;\n            font-family: inherit;\n            font-weight: inherit;\n            line-height: inherit;\n        }\n\n        /* SAMSUNG MAIL BLUE LINKS */\n        #MessageViewBody a {\n            color: inherit;\n            text-decoration: none;\n            font-size: inherit;\n            font-family: inherit;\n            font-weight: inherit;\n            line-height: inherit;\n        }\n\n        article {\n            margin: 0 0 48px 0;\n        }\n\n        figure {\n            margin: 20px 0 30px 0;\n        }\n\n        .block {\n            padding: 30px;\n            margin-bottom: 30px;\n            box-sizing: border-box;\n            box-shadow: 10px 15px 40px rgba(83, 91, 110, 0.11);\n            background-color: #FFF;\n            border-radius: 15px;\n        }\n\n        .ratio-16-9 {\n            display: block;\n            width: 100%;\n            padding-top: 56.25%;\n            position: relative;\n        }\n\n            .ratio-16-9 > * {\n                position: absolute;\n                top: 0;\n                left: 0;\n                bottom: 0;\n                right: 0;\n                width: 100%;\n                height: 100%;\n            }\n\n        .video-preview {\n            background-size: cover;\n            background-position: 50% 50%;\n            position: relative;\n            background-color: #000;\n        }\n\n            .video-preview::before {\n                content: \"▶︎\";\n                font-size: 100px;\n                color: #FFF;\n                position: absolute;\n                top: 50%;\n                left: 50%;\n                line-height: 100px;\n                height: 100px;\n                width: 100px;\n                margin-left: -50px;\n                margin-top: -40px;\n            }\n\n        /* These rules adjust styles for desktop devices, keeping the email responsive for users. */\n        /* Some email clients don't properly apply media query-based styles, which is why we go mobile-first. */\n        @media screen and (min-width:600px) {\n            h1 { font-size: 48px !important; line-height: 48px !important; }\n        }\n    </style>\n    \n<style>\n    .issue {\n        font-size: 24px;\n        font-weight: 600;\n    }\n\n    .post {\n    }\n\n        .post-upvotes {\n            display: block;\n            float: right;\n            background-color: #1B1B1C;\n            color: #FFF;\n            border-radius: 10px;\n            padding: 15px 20px 14px;\n            font-size: 24px;\n            font-weight: bold;\n            line-height: 1em;\n            margin-left: 10px;\n            margin-top: 13px;\n        }\n\n    .label {\n        display: inline-block;\n        vertical-align: middle;\n        background-color: #000000;\n        height: 1.6em;\n        line-height: 1.5em;\n        overflow: hidden;\n        font-size: 75%;\n        border-radius: 5px;\n    }\n\n        .label-title {\n            display: inline-block;\n            color: #FFFFFF;\n            font-weight: normal;\n            padding: 0 0.6em 0;\n            font-size: 90%;\n        }\n\n    .user {\n        display: block;\n        width: 100%;\n        line-height: 1.4em;\n        text-decoration: none;\n        font-weight: 400;\n        margin: 70px 0 100px;\n    }\n        .user-avatar {\n            width: 80px;\n            height: 80px;\n            min-width: 80px;\n            min-height: 80px;\n            vertical-align: middle;\n            display: inline-block;\n            margin: 0;\n            border-radius: 50%;\n            margin-bottom: 10px;\n        }\n\n    .avatar-small {\n        width: 24px;\n        height: 24px;\n        min-width: 24px;\n        border-radius: 50%;\n        display: inline-block;\n        vertical-align: middle;\n        margin: 0;\n        position: relative;\n        top: -2px;\n    }\n\n    .comment {\n    }\n\n        .comment-upvotes {\n            display: block;\n            float: right;\n            background-color: #1B1B1C;\n            color: #FFF;\n            border-radius: 10px;\n            padding: 10px 15px 8px;\n            font-size: 20px;\n            font-weight: bold;\n            line-height: 1em;\n            margin-left: 10px;\n            margin-top: 0;\n        }\n\n    .editorial-text {\n        font-size: 20px;\n        line-height: 1.4em;\n        margin: 0 auto 100px;\n        max-width: 700px;\n    }\n\n    @media only screen and (max-width : 570px) {\n        .issue {\n            display: block;\n            font-size: 20px;\n            padding-top: 15px;\n        }\n\n        h2 {\n            font-size: 24px;\n        }\n\n        h3 {\n            font-size: 22px;\n        }\n\n        p {\n            font-size: 14px;\n        }\n\n            .editorial-text p {\n                font-size: 17px;\n            }\n    }\n</style>\n\n  </head>\n  <body style=\"margin: 0 !important; padding: 0 !important;\">\n    <!-- This ghost table is used to constrain the width in Outlook. The role attribute is set to presentation to prevent it from being read by screenreaders. -->\n    <!--[if (gte mso 9)|(IE)]>\n    <table cellspacing=\"0\" cellpadding=\"0\" border=\"0\" width=\"720\" align=\"center\" role=\"presentation\"><tr><td>\n    <![endif]-->\n    <!-- The role and aria-label attributes are added to wrap the email content as an article for screen readers. Some of them will read out the aria-label as the title of the document, so use something like \"An email from Your Brand Name\" to make it recognizable. -->\n    <!-- Default styling of text is applied to the wrapper div. Be sure to use text that is large enough and has a high contrast with the background color for people with visual impairments. -->\n    <div role=\"article\" lang=\"en\" style=\"background-color: white; color: #2b2b2b; font-family: 'Avenir Next', -apple-system, BlinkMacSystemFont, 'Segoe UI', Roboto, Helvetica, Arial, sans-serif, 'Apple Color Emoji', 'Segoe UI Emoji', 'Segoe UI Symbol'; font-size: 18px; font-weight: 400; line-height: 28px; margin: 0 auto; max-width: 720px; padding: 40px 20px 40px 20px;\">\n\n        <!-- Logo section and header. Headers are useful landmark elements. -->\n        <header>\n            <!-- Since this is a purely decorative image, we can leave the alternative text blank. -->\n            <!-- Linking images also helps with Gmail displaying download links next to them. -->\n            \n            <a href=\"https://vas3k.club\">\n                <center><img src=\"https://vas3k.club/static/images/logo/logo-256.png\" alt=\"\" height=\"80\" width=\"80\" style=\"display:inline-block;width: 80px;height: 80px;min-width: 80px; margin-top: 30px;\"></center>\n            </a>\n            \n            <!-- The h1 is the main heading of the document and should come first. -->\n            <!-- We can override the default styles inline. -->\n            <h1>\n                \n    Журнал Вастрик.Клуба<br>\n    <span class=\"issue\">Итоги недели. Выпуск #1</span>\n\n            </h1>\n        </header>\n\n        <!-- Main content section. Main is a useful landmark element. -->\n        <main>\n            \n    \n        <article class=\"editorial-text\">\n            <p>Привет, Олимпийский!</p>\n<p>Можно официально считать это возрождением Вастрик.Инсайда в версии 2.0. Теперь в децентрализованном и коллективном формате, где годноту вам приношу не только я со своим искаженным восприятием, но и все остальные.</p>\n<p><strong>Я буду отбирать контент и сам писать сюда</strong>, так что не думайте, что это просто бездушный топ за неделю.</p>\n<p>Теперь мне еще помогает Искусственный Интеллект, который я долго учил правильно составлять основу выпусков. Сначала я вообще хотел чтобы он и подводки эти сам писал, но после целой потраченной субботы на ковыряние всех возможных <a href=\"https://huggingface.co/transformers/\">трансформеров</a> и DeepPavlov'ых, я пришел к выводу, что для русского языка они пока работают отвратительно.</p>\n<p>Хотя иногда у них получается прям жизненно 👇</p>\n<p><figure><img src=\"https://i.vas3k.club/1s.jpg\" alt=\"\"></figure></p>\n<p>На английском, кстати, всё куда более офигенно. Прям киберпанк.</p>\n<p>Так что подводки решил писать я сам. Так даже лучше и душевнее. Как в старые добрые.</p>\n<h2>Первая неделя жизни 1️⃣</h2>\n<p>Я не хотел запускать Клуб громко, как другие проекты. Шумная толпа хороша для хайповых проектов, которые «выстреливают» на месяц-два, а потом про них все забывают. Здесь же надо было действовать хитрее и планировать долгосрочно.</p>\n<p>Потому я решил делать софт-лаунч.</p>\n<p>Сначала пригласил сюда людей, в которых уверен лично, что они смогут начать раскачивать всё это в правильном направлении. Они пригласили своих таких же, итого нас тут получилось 20+ гипермотивированных и активных человек.</p>\n<p>В целом, примерно на такое число я для начала и рассчитывал.</p>\n<p>Я всю неделю с мыльной жопой фиксил баги, раздавал права модератором и допиливал некритические фичи (типа вот этого дайджеста). Ребята же начали постить и общаться, за что им жирнейшее спасибо.</p>\n<p>На следующей неделе начнем звать еще народ с патреона, начиная с топ-донатеров.</p>\n<p>Старичкам же щас рекомендую особенно наблюдать новенькими. Пишите им комменты чтобы не расслаблялись и не начинали душнить. Будем потихоньку раскачивать свою площадку. Планов на неё дохера!</p>\n\n        </article>\n    \n\n    \n        <h2>🤘 Новенькие</h2>\n\n        <p style=\"font-size: 19px; line-height: 1.4em; text-align: center; margin-top: 35px; margin-bottom: 90px;\">\n            На этой неделе у нас <strong>+38 новых членов Клуба</strong>.\n            Вот самые популярные из них, набравшие больше всего плюсиков за свой #intro-пост.\n            Не стесняйтесь писать им комменты и расспрашивать за жизнь. Мы для того здесь и собрались!\n        </p>\n\n        \n            <article class=\"block user\">\n                <div style=\"display: block;float: left;margin-right: 30px;\">\n                    <img src=\"https://i.vas3k.club/z.jpg\" alt=\"\" width=\"80\" height=\"80\" class=\"user-avatar\">\n                </div>\n\n                <div>\n                    <span style=\"display: block; font-size: 21px; line-height: 1.5em;\">\n                        <a href=\"https://vas3k.club/user/APilosian/\" style=\"text-decoration: underline; font-size: 25px;\">Ashot Pilosian</a> &nbsp;&nbsp;🌆 🛣 ✏️ 🚶‍♂️ 🏋️‍️<br>\n                        Software Engineer — Zalando SE\n                    </span>\n\n                    <p>Привет!</p><p>Мне пока 27 лет, я физически живу в Берлине, но кукухой пока в Санкт-Петербурге, откуда я переехал сюда в конце декабря 2019 года.</p><p>Сейчас работаю в качестве Software Engineer в Zalando SE, занимаюсь рекомендациями аутфитов под штаны, которые вы недавно купили или планируете. Всей душой люблю петербургский EPAM. Успел поработать в Crossover…</p>\n\n                    <span>\n                        <a href=\"https://vas3k.club/intro/APilosian/\">Читать всё #intro или задать вопрос &rarr;</a>\n                    </span>\n                </div>\n            </article>\n        \n            <article class=\"block user\">\n                <div style=\"display: block;float: left;margin-right: 30px;\">\n                    <img src=\"https://i.vas3k.club/v.png\" alt=\"\" width=\"80\" height=\"80\" class=\"user-avatar\">\n                </div>\n\n                <div>\n                    <span style=\"display: block; font-size: 21px; line-height: 1.5em;\">\n                        <a href=\"https://vas3k.club/user/otsec/\" style=\"text-decoration: underline; font-size: 25px;\">Artem Belov</a> &nbsp;&nbsp;🛣 🚶‍♂️ 🚘 🎲 😶<br>\n                        Техлид — Big Data Technologies\n                    </span>\n\n                    <p>Айтишник из Минска.</p><p>Всю свою жизнь проработал в одной маленькой компании и прошёл путь от программиста до CTO. Сейчас думаю о том, чтобы впервые в жизни побывать на собеседовании с другой стороны.</p><p>Основной продукт над которым работаю — Alitools. Это браузерное расширение с дополнительными плюшками для тех, кто покупает на Aliexpress. У нас миллион…</p>\n\n                    <span>\n                        <a href=\"https://vas3k.club/intro/otsec/\">Читать всё #intro или задать вопрос &rarr;</a>\n                    </span>\n                </div>\n            </article>\n        \n            <article class=\"block user\">\n                <div style=\"display: block;float: left;margin-right: 30px;\">\n                    <img src=\"https://i.vas3k.club/1i.jpg\" alt=\"\" width=\"80\" height=\"80\" class=\"user-avatar\">\n                </div>\n\n                <div>\n                    <span style=\"display: block; font-size: 21px; line-height: 1.5em;\">\n                        <a href=\"https://vas3k.club/user/KaterinaPetrova/\" style=\"text-decoration: underline; font-size: 25px;\">Katerina Petrova</a> &nbsp;&nbsp;<br>\n                        Тимлид — Avito\n                    </span>\n\n                    <p>Сейчас я руковожу разработкой в одной из команд Авито, а каких-то 9 лет назад писала свое первое приложение под iPhone: они тогда были жутко медленные и помещались в ладошку. Ради Авито пришлось покинуть лучший город на земле (Питер, естественно!) и переехать в Москву — мои Питерские друзья до сих пор надо мной потешаются. ИТ это и профессия, и хо…</p>\n\n                    <span>\n                        <a href=\"https://vas3k.club/intro/KaterinaPetrova/\">Читать всё #intro или задать вопрос &rarr;</a>\n                    </span>\n                </div>\n            </article>\n        \n\n        \n            <p style=\"font-size: 19px; line-height: 1.4em;\">\n                Ну и не забываем про других тоже:\n                \n                    <a href=\"/user/stepan/\">stepan</a>, \n                \n                    <a href=\"/user/pronskiy/\">pronskiy</a>, \n                \n                    <a href=\"/user/shaikhulud/\">shaikhulud</a>, \n                \n                    <a href=\"/user/Sciannadev/\">Sciannadev</a>, \n                \n                    <a href=\"/user/tolord/\">tolord</a>, \n                \n                    <a href=\"/user/Yar/\">Yar</a>, \n                \n                    <a href=\"/user/cybran/\">cybran</a>, \n                \n                    <a href=\"/user/begor/\">begor</a>, \n                \n                    <a href=\"/user/khabaroff/\">khabaroff</a>, \n                \n                    <a href=\"/user/DmitriiMuratov/\">DmitriiMuratov</a>, \n                \n                    <a href=\"/user/amstir/\">amstir</a>, \n                \n                    <a href=\"/user/DaniilSkorinkin/\">DaniilSkorinkin</a>, \n                \n                    <a href=\"/user/GavinBelson/\">GavinBelson</a>, \n                \n                    <a href=\"/user/wa-Nadoo/\">wa-Nadoo</a>, \n                \n                    <a href=\"/user/Kirk/\">Kirk</a>, \n                \n                    <a href=\"/user/dzirtbry/\">dzirtbry</a>, \n                \n                    <a href=\"/user/ReDetection/\">ReDetection</a>, \n                \n                    <a href=\"/user/sudodoki/\">sudodoki</a>, \n                \n                    <a href=\"/user/emocoder/\">emocoder</a>, \n                \n                    <a href=\"/user/pbelov/\">pbelov</a>, \n                \n                    <a href=\"/user/gerudes/\">gerudes</a>, \n                \n                    <a href=\"/user/abrikman/\">abrikman</a>, \n                \n                    <a href=\"/user/Alex/\">Alex</a>, \n                \n                    <a href=\"/user/xeningem/\">xeningem</a>, \n                \n                    <a href=\"/user/maxbobkov/\">maxbobkov</a>, \n                \n                    <a href=\"/user/missingthing/\">missingthing</a>, \n                \n                    <a href=\"/user/amd/\">amd</a>, \n                \n                    <a href=\"/user/jdavydko/\">jdavydko</a>, \n                \n                    <a href=\"/user/Mykola/\">Mykola</a>, \n                \n                    <a href=\"/user/dkuzmenkov17/\">dkuzmenkov17</a>, \n                \n                    <a href=\"/user/tonsky/\">tonsky</a>, \n                \n                    <a href=\"/user/2pizza/\">2pizza</a>, \n                \n                    <a href=\"/user/M/\">M</a>, \n                \n                    <a href=\"/user/MaxLipsky/\">MaxLipsky</a>\n                \n            </p>\n        \n\n        <br><br>\n    \n\n    \n        <h2>🚀 Главная тема недели</h2>\n\n        <article class=\"block post\">\n            <h3>\n                Вопрос:\n                <a href=\"https://vas3k.club/question/50/\" target=\"_blank\">Айти все-таки пузырь или нет?</a>\n            </h3>\n\n            <p>\n                Верите ли вы, что в какой-то момент стрельнет какой-нибудь no-code или появится супер-SaaS (как суперприложение), который ударит по айти индустрии так сильно, что рынок переполнится айтишниками без работы?</p><p>Зачем нанимать фронтендера, если любой человек может накидать сайт в тильде, покрывающий потребности почти любого среднего бизнеса?</p><p>Зачем нанимать бекендера, если ваша задача это очередная CRM?…\n            </p>\n\n            <span style=\"font-size: 16px; color: #999;\">\n                <a href=\"https://vas3k.club/user/Kirk/\" style=\"text-decoration: none; color: #999;\">\n                    <img src=\"https://i.vas3k.club/14.jpg\" alt=\"\" width=\"24\" height=\"24\" class=\"avatar-small\">\n                    &nbsp;Kirk\n                </a>\n                | 121&nbsp;просмотр\n                | 10&nbsp;комментариев\n            </span>\n        </article>\n\n        <br><br>\n    \n\n    \n        <h2>😎 Лучшие посты</h2>\n\n        \n            <article class=\"block post\">\n                <span class=\"post-upvotes\">\n                    👍 9\n                </span>\n\n                <h3>\n                    \n\n                    \n\n                    <a href=\"https://vas3k.club/post/beta/\" target=\"_blank\">Вастрик.Клуб: закрытая бета для илиты</a>\n\n                    \n                </h3>\n\n                \n                    <p>\n                        Штош. Теперь всё по-настоящему. На карантине меня появилась куча времени чтобы подумать о будущем Клуба и вот к какой мысли я пришел.</p><p></p><p>Коммьюнити должно быть полезным само по себе</p><p></p><p>Бложек — это хорошо, но вся практика построения масштабируемых систем учит нас, что единый жирный монолит всегда становится узким местом.</p><p>Сейчас точка отказа — это я. Местами я уже не тяну и получается хуёво. Пора деце…\n                    </p>\n                \n\n                <span style=\"font-size: 16px; color: #999;\">\n                    <a href=\"https://vas3k.club/user/vas3k/\" style=\"text-decoration: none; color: #999;\">\n                        <img src=\"https://i.vas3k.ru/lr0.jpg\" alt=\"\" width=\"24\" height=\"24\" class=\"avatar-small\">\n                        &nbsp;vas3k\n                    </a>\n                    | 157&nbsp;просмотров\n                    | 3&nbsp;комментария\n                </span>\n            </article>\n        \n            <article class=\"block post\">\n                <span class=\"post-upvotes\">\n                    👍 7\n                </span>\n\n                <h3>\n                    \n\n                    \n\n                    <a href=\"https://vas3k.club/post/52/\" target=\"_blank\">Краткий тревел-гайд про Японию</a>\n\n                    \n                </h3>\n\n                \n                    <p>\n                        Этим постом я начну серию кратких гидов по странам и городам, в которых мне довелось побывать.</p><p>Новый год 2019-2020 я встречала в Японии. Так вышло, что я вела оттуда прямой репортаж подруге, которая собиралась ехать туда весной. С тех пор я уже трижды пересылала этот диалог с ссылками в телеграме заинтересованным людям =) Кажется, пора переставать заниматься форвардингом, а зафиксировать полученн…\n                    </p>\n                \n\n                <span style=\"font-size: 16px; color: #999;\">\n                    <a href=\"https://vas3k.club/user/amstir/\" style=\"text-decoration: none; color: #999;\">\n                        <img src=\"https://i.vas3k.club/d.jpg\" alt=\"\" width=\"24\" height=\"24\" class=\"avatar-small\">\n                        &nbsp;amstir\n                    </a>\n                    | 45&nbsp;просмотров\n                    | 3&nbsp;комментария\n                </span>\n            </article>\n        \n            <article class=\"block post\">\n                <span class=\"post-upvotes\">\n                    👍 4\n                </span>\n\n                <h3>\n                    \n                        🔗\n                    \n\n                    ➜\n\n                    <a href=\"https://vas3k.club/link/47/\" target=\"_blank\">build-your-own-x — подборка статей как написать свой докер, блокчейн или гит</a>\n\n                    \n                </h3>\n\n                \n                    <p>\n                        Крутой репозиторий с кучей статей по поводу того, как сделать своё ВСЁ. Начинается с цитаты Фейнмана, что если ты не можешь что-то создать, ты это не понимаешь. Источник вдохновения для самообразовательных целей.</p><p>\n                    </p>\n                \n\n                <span style=\"font-size: 16px; color: #999;\">\n                    <a href=\"https://vas3k.club/user/vas3k/\" style=\"text-decoration: none; color: #999;\">\n                        <img src=\"https://i.vas3k.ru/lr0.jpg\" alt=\"\" width=\"24\" height=\"24\" class=\"avatar-small\">\n                        &nbsp;vas3k\n                    </a>\n                    | 45&nbsp;просмотров\n                    | 2&nbsp;комментария\n                </span>\n            </article>\n        \n            <article class=\"block post\">\n                <span class=\"post-upvotes\">\n                    👍 4\n                </span>\n\n                <h3>\n                    \n\n                    \n\n                    <a href=\"https://vas3k.club/post/41/\" target=\"_blank\">Выражай свои мысли правильно</a>\n\n                    \n                </h3>\n\n                \n\n                <span style=\"font-size: 16px; color: #999;\">\n                    <a href=\"https://vas3k.club/user/Kirk/\" style=\"text-decoration: none; color: #999;\">\n                        <img src=\"https://i.vas3k.club/14.jpg\" alt=\"\" width=\"24\" height=\"24\" class=\"avatar-small\">\n                        &nbsp;Kirk\n                    </a>\n                    | 51&nbsp;просмотр\n                    | 0&nbsp;комментариев\n                </span>\n            </article>\n        \n            <article class=\"block post\">\n                <span class=\"post-upvotes\">\n                    👍 2\n                </span>\n\n                <h3>\n                    \n                        🏗\n                    \n\n                    Проект:\n\n                    <a href=\"https://vas3k.club/project/49/\" target=\"_blank\">The Pickle</a>\n\n                    \n                </h3>\n\n                \n\n                <span style=\"font-size: 16px; color: #999;\">\n                    <a href=\"https://vas3k.club/user/Sciannadev/\" style=\"text-decoration: none; color: #999;\">\n                        <img src=\"https://i.vas3k.club/k.jpg\" alt=\"\" width=\"24\" height=\"24\" class=\"avatar-small\">\n                        &nbsp;Sciannadev\n                    </a>\n                    | 44&nbsp;просмотра\n                    | 0&nbsp;комментариев\n                </span>\n            </article>\n        \n            <article class=\"block post\">\n                <span class=\"post-upvotes\">\n                    👍 1\n                </span>\n\n                <h3>\n                    \n                        🔗\n                    \n\n                    ➜\n\n                    <a href=\"https://vas3k.club/link/26/\" target=\"_blank\">The Mind Illuminated</a>\n\n                    \n                </h3>\n\n                \n\n                <span style=\"font-size: 16px; color: #999;\">\n                    <a href=\"https://vas3k.club/user/stepan/\" style=\"text-decoration: none; color: #999;\">\n                        <img src=\"https://i.vas3k.club/j.jpg\" alt=\"\" width=\"24\" height=\"24\" class=\"avatar-small\">\n                        &nbsp;stepan\n                    </a>\n                    | 49&nbsp;просмотров\n                    | 0&nbsp;комментариев\n                </span>\n            </article>\n        \n            <article class=\"block post\">\n                <span class=\"post-upvotes\">\n                    👍 1\n                </span>\n\n                <h3>\n                    \n                        🔗\n                    \n\n                    ➜\n\n                    <a href=\"https://vas3k.club/link/11/\" target=\"_blank\">О самопродвижении в айти, шитпостинге и создании имиджа</a>\n\n                    \n                </h3>\n\n                \n\n                <span style=\"font-size: 16px; color: #999;\">\n                    <a href=\"https://vas3k.club/user/sudodoki/\" style=\"text-decoration: none; color: #999;\">\n                        <img src=\"https://i.vas3k.club/c.jpg\" alt=\"\" width=\"24\" height=\"24\" class=\"avatar-small\">\n                        &nbsp;sudodoki\n                    </a>\n                    | 27&nbsp;просмотров\n                    | 1&nbsp;комментарий\n                </span>\n            </article>\n        \n            <article class=\"block post\">\n                <span class=\"post-upvotes\">\n                    👍 1\n                </span>\n\n                <h3>\n                    \n                        🏗\n                    \n\n                    Проект:\n\n                    <a href=\"https://vas3k.club/project/73/\" target=\"_blank\">Рассылка «Процессная целостность»</a>\n\n                    \n                </h3>\n\n                \n\n                <span style=\"font-size: 16px; color: #999;\">\n                    <a href=\"https://vas3k.club/user/khabaroff/\" style=\"text-decoration: none; color: #999;\">\n                        <img src=\"https://i.vas3k.club/26.jpg\" alt=\"\" width=\"24\" height=\"24\" class=\"avatar-small\">\n                        &nbsp;khabaroff\n                    </a>\n                    | 15&nbsp;просмотров\n                    | 0&nbsp;комментариев\n                </span>\n            </article>\n        \n            <article class=\"block post\">\n                <span class=\"post-upvotes\">\n                    👍 1\n                </span>\n\n                <h3>\n                    \n\n                    \n\n                    <a href=\"https://vas3k.club/post/78/\" target=\"_blank\">Вы, конечно, шутите, мистер Фейнман!</a>\n\n                    \n                </h3>\n\n                \n\n                <span style=\"font-size: 16px; color: #999;\">\n                    <a href=\"https://vas3k.club/user/MaxLipsky/\" style=\"text-decoration: none; color: #999;\">\n                        <img src=\"https://i.vas3k.club/1h.jpg\" alt=\"\" width=\"24\" height=\"24\" class=\"avatar-small\">\n                        &nbsp;MaxLipsky\n                    </a>\n                    | 13&nbsp;просмотров\n                    | 0&nbsp;комментариев\n                </span>\n            </article>\n        \n            <article class=\"block post\">\n                <span class=\"post-upvotes\">\n                    👍 1\n                </span>\n\n                <h3>\n                    \n                        🏗\n                    \n\n                    Проект:\n\n                    <a href=\"https://vas3k.club/project/infomate/\" target=\"_blank\">Infomate.club</a>\n\n                    \n                </h3>\n\n                \n\n                <span style=\"font-size: 16px; color: #999;\">\n                    <a href=\"https://vas3k.club/user/vas3k/\" style=\"text-decoration: none; color: #999;\">\n                        <img src=\"https://i.vas3k.ru/lr0.jpg\" alt=\"\" width=\"24\" height=\"24\" class=\"avatar-small\">\n                        &nbsp;vas3k\n                    </a>\n                    | 58&nbsp;просмотров\n                    | 0&nbsp;комментариев\n                </span>\n            </article>\n        \n            <article class=\"block post\">\n                <span class=\"post-upvotes\">\n                    👍 1\n                </span>\n\n                <h3>\n                    \n\n                    \n\n                    <a href=\"https://vas3k.club/post/24/\" target=\"_blank\">Лояльность-компетентность</a>\n\n                    \n                </h3>\n\n                \n\n                <span style=\"font-size: 16px; color: #999;\">\n                    <a href=\"https://vas3k.club/user/GavinBelson/\" style=\"text-decoration: none; color: #999;\">\n                        <img src=\"https://i.vas3k.club/e.jpg\" alt=\"\" width=\"24\" height=\"24\" class=\"avatar-small\">\n                        &nbsp;GavinBelson\n                    </a>\n                    | 19&nbsp;просмотров\n                    | 0&nbsp;комментариев\n                </span>\n            </article>\n        \n\n        <br><br><br>\n    \n\n    \n        <h2>💭 Топ комментариев</h2>\n\n        \n            <article class=\"block comment\">\n                <span class=\"comment-upvotes\">\n                    👍3\n                </span>\n                <div>\n                    <a href=\"https://vas3k.club/user/vas3k/\" style=\"text-decoration: none;\">\n                        <img src=\"https://i.vas3k.ru/lr0.jpg\" alt=\"\" width=\"24\" height=\"24\" class=\"avatar-small\">\n                        &nbsp;vas3k\n                    </a>\n                    на вопрос:\n                    <a href=\"/question/50/#comment-14048dce-8cbb-4157-9cf2-c21c5e9da12d\">Айти все-таки пузырь или нет?</a>\n                </div>\n                <div>\n                    <p>Отличный вопрос. Сам часто думаю об этом.</p>\n<p><strong>С одной стороны: пузырь — хуйня.</strong> Ведь если отбросить всю холиварную шелуху, суть айти по сути в автоматизации того, что не автоматизировано, а потом автоматизации и этой автоматизации.</p>\n<p>Раньше мы автоматизировали ручной труд с помощью машин, теперь автоматизируем интеллектуальный труд с помощью кумплюктеров.</p>\n<p>По ходу дела, айтишечка рождает из себя кучу побочных бизнесов, которые раньше были невозможны, и тоже их автоматизирует. По сути сама себя кормит. Такой процесс имеет свои волны хайпа и разочарования, но пока причин для его остановки я не вижу.</p>\n<blockquote>\n<p>Айтишечка — это не одна область. Она связывает собой все имеющиеся у нас области науки и техники, так что погибнуть может только вместе с ними.</p>\n</blockquote>\n<p>Разве что все люди в мире внезапно не смогут позволить себе автоматизацию и вернутся к ручному труду, а это возможно разве что в условиях краха мировой экономики и пандемии, которая вряд ли вообще случится когда-нибудь, да? Пффф. Глупость какая.</p>\n<p><strong>С другой стороны: существует явный пузырь зарплат.</strong> Лет 10 назад все шли в айтишечку «делоть игры», а на профильных коммьюнити обсуждали как патчить KDE и у кого домашний сервер мощнее, а сегодня 99% разговоров о бабле и сопутствующих ему «неудобствах». Всем в целом насрать что они делают.</p>\n<p>Каждый школьник мечтает войти вайти. Мне на почту пишет с этим вопросом чуть ли не каждый второй. Вангую, что жирно намазанное баблом место не может быть долго им настолько жирно намазано. Сожрут. Вопрос кто.</p>\n<p>А по поводу NoCode я уже давно хочу сделать отдельный пост. Не думаю, что NoCode станет массовым, но я бы, честно, хотел на это посмотреть.</p>\n<p>Считаю его логическим продолжением всего происходящего — айтишники стали слишком дороги, так давайте всех научим делать базовые CRUD'ы самим, а программисты пусть занимаются более важными вещами.</p>\n<p>Вот только это слишком хорошо чтобы стать правдой. А в мире редко побеждают хорошие идеи :D</p>\n\n                </div>\n            </article>\n        \n            <article class=\"block comment\">\n                <span class=\"comment-upvotes\">\n                    👍3\n                </span>\n                <div>\n                    <a href=\"https://vas3k.club/user/Kirk/\" style=\"text-decoration: none;\">\n                        <img src=\"https://i.vas3k.club/14.jpg\" alt=\"\" width=\"24\" height=\"24\" class=\"avatar-small\">\n                        &nbsp;Kirk\n                    </a>\n                    на вопрос:\n                    <a href=\"/question/55/#comment-3bcf7a8d-f2c2-4ec4-92fd-f30a171720bd\">Что делать со способностью генерировать посредственный контент?</a>\n                </div>\n                <div>\n                    <p>Как говорится:</p>\n<blockquote>\n<p>done is better than perfect</p>\n</blockquote>\n\n                </div>\n            </article>\n        \n            <article class=\"block comment\">\n                <span class=\"comment-upvotes\">\n                    👍2\n                </span>\n                <div>\n                    <a href=\"https://vas3k.club/user/ReDetection/\" style=\"text-decoration: none;\">\n                        <img src=\"https://i.vas3k.club/h.jpg\" alt=\"\" width=\"24\" height=\"24\" class=\"avatar-small\">\n                        &nbsp;ReDetection\n                    </a>\n                    на пост\n                    <a href=\"/post/beta/#comment-ef3712bb-6dfe-492f-a95b-1b2bb34dff22\">Вастрик.Клуб: закрытая бета для илиты</a>\n                </div>\n                <div>\n                    <p>Допустим, хочу сделать блогпост. Правда, я уже задумал его делать для своего патреона. Что лучше, вставить сюда ссылкой или прям перепостить? Расскажи своё видение.</p>\n\n                </div>\n            </article>\n        \n    \n\n    \n        <br><br><br>\n\n        <h2>🎥 Видосик недели</h2>\n\n        \n            <article class=\"block comment\">\n                <div>\n                    <a href=\"https://vas3k.club/user/sudodoki/\" style=\"text-decoration: none;\">\n                        <img src=\"https://i.vas3k.club/c.jpg\" alt=\"\" width=\"24\" height=\"24\" class=\"avatar-small\">\n                        &nbsp;sudodoki\n                    </a>\n                    на ➜\n                    <a href=\"/link/46/#comment-7665c0c4-f506-4879-8632-4380df32cefd\">Смешная и поучительная история микросервисного карго культа</a>\n                </div>\n                <div>\n                    <p><a href=\"https://youtu.be/y8OnoxKotPQ\"><span class=\"ratio-16-9 video-preview\" style=\"background-image: url('https://img.youtube.com/vi/y8OnoxKotPQ/0.jpg');\"></span></a><br> Документалка про Общение Продакт-Оунера с Девелопером в сеттинге микросервисов</p>\n\n                </div>\n            </article>\n        \n    \n\n        </main>\n\n        <!-- Footer information. Footer is a useful landmark element. -->\n        <footer>\n            \n    <br><br><br>\n\n    <h2>На этом всё 👋</h2>\n\n    <p style=\"font-size: 19px; line-height: 1.4em;\">\n        Услышимся в следующем выпуске через неделю. Приносите годные ссылочки, пишите посты и палите инсайды.\n        Вместе мы сделаем Клуб таким полезным и охуенным!\n    </p>\n\n    <br><br><br>\n\n            <!-- This link uses descriptive text to inform the user what will happen with the link is tapped. -->\n            <!-- It also uses inline styles since some email clients won't render embedded styles from the head. -->\n            <p style=\"font-size: 16px; font-weight: 400; line-height: 24px; margin-top: 48px;\">\n                Частоту получение дайджеста вы всегда можете изменить в настройках профиля.\n                Если же вам больше не хочется получать писем от Клуба, вы можете <a href=\"https://vas3k.club/notifications/unsubscribe/%user_id%/%secret_code%/\" style=\"color: #B92B27; text-decoration: underline;\">отписаться вообще от всего</a>.\n            </p>\n        </footer>\n\n    </div>\n    <!--[if (gte mso 9)|(IE)]>\n    </td></tr></table>\n    <![endif]-->\n  </body>\n</html>\n", "url": null, "image": null, "metadata": null, "created_at": "2020-04-20T07:22:33.063019", "updated_at": "2020-04-26T09:15:09.911264", "last_activity_at": "2020-04-20T07:22:33.063052", "comment_count": 0, "view_count": 119, "upvotes": 0}