{"id": "e6667624-99dd-4f44-a84a-94936a1f9373", "author_id": "a5cfe720-3b53-41fd-b49c-b18e8abceb8a", "post_id": "beae4a8c-44ff-4c83-bbc9-261e24bebb31", "post_title": "Just for Fun. Рассказ нечаянного революционера", "reply_to_id": null, "title": null, "text": "Наверное, ты хотел запостить ссылку, да? Я скрою пост пока никто не увидел :)", "url": null, "metadata": null, "created_at": "2020-04-30T07:49:25.430549", "updated_at": "2020-05-02T21:24:05.724260", "upvotes": 1, "is_visible": true, "is_deleted": false, "is_pinned": false}