{"comments": [{"id": "0d1efe04-39e6-4e99-919c-742dcb0aa9ae", "author_id": "c73427b1-af4d-442b-b7c8-f8d221d99054", "post_id": "beae4a8c-44ff-4c83-bbc9-261e24bebb31", "post_title": "Just for Fun. Рассказ нечаянного революционера", "reply_to_id": "e6667624-99dd-4f44-a84a-94936a1f9373", "title": null, "text": "поправил, спасибо! да будет клуб!", "url": null, "metadata": null, "created_at": "2020-04-30T13:25:23.209234", "updated_at": "2020-05-02T21:24:05.749947", "upvotes": 0, "is_visible": true, "is_deleted": false, "is_pinned": false}]}