{"id": "57e49d36-264d-4ed3-9a47-76ecd4d231d4", "author_id": "a5cfe720-3b53-41fd-b49c-b18e8abceb8a", "post_id": "fbf396ac-a54d-4f8f-a11c-ebc30a152609", "post_title": "Качай личный бренд или Делай дело молча", "reply_to_id": "621177fd-cd32-4d69-8171-ab898e8446ff", "title": null, "text": "Но всё-таки чаще тебя будут увольнять за твит))0))))", "url": null, "metadata": null, "created_at": "2020-04-27T20:30:41.451919", "updated_at": "2020-05-02T21:17:14.222499", "upvotes": 11, "is_visible": true, "is_deleted": false, "is_pinned": false}