{"id": "428a5e68-da1b-4916-ac80-3a17a0ca7313", "author_id": "a5cfe720-3b53-41fd-b49c-b18e8abceb8a", "post_id": "e5518498-1cde-4601-8193-ecf2f27859d6", "post_title": "В каких наушниках творите вы?", "reply_to_id": null, "title": null, "text": "В детстве я был уверен, что можно иметь одни наушники на все случаи жизни. Сейчас понимаю как глуп я был. \r\n\r\nМой текущий набор:\r\n\r\n- **Bose QC 35** — для офиса и шумодава. Свое дело делают.\r\n- **Audio-Technica ATH-M50x** — проводные для дома и работы со звуком. Честно говоря, звук в них мне нравится больше, чем в QC 35.\r\n- **AirPods** — кудаж без них. Всегда в кармане. Однако, за 4 года использования в них начали умирать батарейки и теперь я люблю их чуть меньше.\r\n- **Beats X** — мои «самолётные» затычки (потому что AirPods нифига не звукоизолируют, а таскать с собой Bose в трипы налегке не хочу). Еще катаюсь с ними на веле. Рекомендовать не буду. Покупал их еще до AirPods, тогда выбора особо не было.", "url": null, "metadata": null, "created_at": "2020-05-09T10:14:52.064260", "updated_at": "2020-05-09T10:19:03.878615", "upvotes": 7, "is_visible": true, "is_deleted": false, "is_pinned": false}