{"id": "50c237bc-84f9-4143-aa48-ffb46bc47f06", "slug": "57", "author_id": "a5cfe720-3b53-41fd-b49c-b18e8abceb8a", "type": "link", "topic": "STONKS", "label": null, "title": "The Holloway Guide To Equity Compensation", "text": "Давно лежит у меня в закладочках. Чуваки максимально простым и человеческим языком (английским, правда) рассказывают о том, что в нашей айтишечке называется **дать всем опционы**.\r\n\r\nЯ всегда понимал эту тему лишь на бытовом уровне — компания предлагает мне немножечко акций, которые я смогу окешить если компанию кто-то купит или она выйдет на IPO (вряд ли). Больше я ничего не понимал :)\r\n\r\nКогда я пытался читать книжки экономистов по сток-опционам, меня хватало максимум на две страницы. Слишком много аббревиатур.\r\n\r\nЗдесь же вроде как нормальный гайд, который написан в основном для тех, кто эти самые опционы раздаёт. Для фаундеров, короче. Он покрывает все популярные вопросы — от «что такое вестинг, клиф, эксерсайз» до более сложных типа «как плотить нологи».\r\n\r\n**Из минусов:** он написан для США, где вся система немного отличается, ну и авторы сильно пушат свои услуги на страницах гайда (без адблока лучше не ходить в интернет вообще).", "url": "https://www.holloway.com/g/equity-compensation", "image": "https://www.holloway.com/static/favicons/safari-pinned-tab.svg", "metadata": {"url": "https://www.holloway.com/g/equity-compensation", "image": "https://www.holloway.com/static/guideCovers/guidecover-equity-compensation-7b2cfbe12d.png", "title": "The Holloway Guide to Equity Compensation — Holloway", "domain": "www.holloway.com", "favicon": "https://www.holloway.com/static/favicons/safari-pinned-tab.svg", "summary": "We start with Equity Compensation Basics: What compensation and equity are, and why equity is used as compensation.\n​ Definition ​ Equity compensation is the practice of granting equity in exchange for work.\nThese forms of equity compensation include restricted stock, stock options, and restricted stock units, each of which we’ll describe in detail.\nWhat investors in financial markets call stock options are indeed options on stock, but they are not compensatory stock options awarded for services.\nKinds of Stock Options​ Definition ​ Compensatory stock options come in two flavors, incentive stock options (ISOs) and non-qualifying stock options (NQOs, or NQSOs).\nConfusingly, lawyers and the IRS use several names for these two kinds of stock options , including statutory stock options and non-statutory stock options (or NSOs), respectively.\nLess Common Types of EquityWhile most employee equity compensation takes the form of stock, stock options, or RSUs, a complete tour of equity compensation must mention a few less common forms.\n​ ··· ​Summary of DangersBecause of their importance, we’ll wind up with a recap of some of the key dangers we’ve discussed when thinking about equity compensation:​ danger ​ When it comes to equity compensation, details matter!"}, "created_at": "2020-04-19T12:44:30.157134", "updated_at": "2020-04-29T11:06:41.944530", "last_activity_at": "2020-04-19T12:45:04.185237", "comment_count": 1, "view_count": 223, "upvotes": 6}