{"id": "5b79d675-e117-4321-8671-c97bcec07d76", "author_id": "a5cfe720-3b53-41fd-b49c-b18e8abceb8a", "post_id": "bb942606-8c69-46ae-9537-f0544831703e", "post_title": "Работа в крупной компании или Работа в стартапе", "reply_to_id": null, "title": "Налаженные процессы и инфраструктура", "text": "Как еще узнать «как надо», кроме как увидеть это?\r\n\r\nКрупная компания обычно переварила тысячи разных человек с их охуительными идеями, прошла сотни итераций их впиливания-выпиливания говна и достигла условно стабильного существования, где набранная не в том терминале команда не сотрёт по ошибке Казахстан с лица земли. \r\n\r\nВ стартапе же все эти шишки придется набивать с нуля и самостоятельно, не всегда эффективным образом.", "url": null, "metadata": {"battle": {"side": "a"}}, "created_at": "2020-04-24T16:48:35.469026", "updated_at": "2020-05-03T08:15:51.667230", "upvotes": 29, "is_visible": true, "is_deleted": false, "is_pinned": false}