{"comments": [{"id": "d99a26bc-0e49-40ae-bae7-1a979b21cfd2", "author_id": "c8d3b239-202c-44b5-828f-43aece991b1d", "post_id": "bb942606-8c69-46ae-9537-f0544831703e", "post_title": "Работа в крупной компании или Работа в стартапе", "reply_to_id": "5b79d675-e117-4321-8671-c97bcec07d76", "title": null, "text": "Налаженные процессы и инфраструктура — это хорошо в случае, если они не двадцатилетней давности и тебе надо релиз записывать на болванку и класть в сейф для бэкапа.", "url": null, "metadata": null, "created_at": "2020-04-24T17:24:00.004846", "updated_at": "2020-05-03T08:15:51.680993", "upvotes": 15, "is_visible": true, "is_deleted": false, "is_pinned": false}, {"id": "e650fc7a-9ee2-468a-95c1-de1b5ac96fc1", "author_id": "e180b91f-4e37-464e-bd8e-db52826526ec", "post_id": "bb942606-8c69-46ae-9537-f0544831703e", "post_title": "Работа в крупной компании или Работа в стартапе", "reply_to_id": "5b79d675-e117-4321-8671-c97bcec07d76", "title": null, "text": "Ох...\r\nСкажу лишь, что в некоторых \"русских Гуглах\" это все в такой жопе и инерции, что я даже не знаю. \r\n\r\nДавно хотел написать некоторое эссе по мотивам рефлексии о трех годах там, но все никак не соберусь.", "url": null, "metadata": null, "created_at": "2020-04-24T19:48:54.162917", "updated_at": "2020-05-03T08:15:51.697742", "upvotes": 5, "is_visible": true, "is_deleted": false, "is_pinned": false}, {"id": "5e23e97f-a538-4dff-b66d-6ab194620b7e", "author_id": "68e66e94-35f8-4db1-a40d-0deaf28708d7", "post_id": "bb942606-8c69-46ae-9537-f0544831703e", "post_title": "Работа в крупной компании или Работа в стартапе", "reply_to_id": "5b79d675-e117-4321-8671-c97bcec07d76", "title": null, "text": "Бывают большие компании, с минусами стартапов. Причем проект огромный, на рынке давно, а организация страдает.", "url": null, "metadata": null, "created_at": "2020-04-28T13:40:04.403687", "updated_at": "2020-05-03T08:15:51.711338", "upvotes": 0, "is_visible": true, "is_deleted": false, "is_pinned": false}, {"id": "47e10cee-3265-4a7a-a8e9-817b18c96d19", "author_id": "aa04f19f-9d95-46f0-83c7-7063a6543bbf", "post_id": "bb942606-8c69-46ae-9537-f0544831703e", "post_title": "Работа в крупной компании или Работа в стартапе", "reply_to_id": "5b79d675-e117-4321-8671-c97bcec07d76", "title": null, "text": "Ага, от того где-то рядом болтается аргумент про 10 минут работы в день.", "url": null, "metadata": null, "created_at": "2020-04-28T14:29:01.986126", "updated_at": "2020-05-03T08:15:51.721921", "upvotes": 0, "is_visible": true, "is_deleted": false, "is_pinned": false}]}