{"id": "704b1526-2fd8-4415-af97-eb552d11afde", "author_id": "a5cfe720-3b53-41fd-b49c-b18e8abceb8a", "post_id": "2abcabee-afaf-4123-a218-01282aab84a8", "post_title": "Вастрик.Клуб: запускаем бету", "reply_to_id": "ef3712bb-6dfe-492f-a95b-1b2bb34dff22", "title": null, "text": "Думаю, можно и так и так. Я не планирую запрещать кросс-посты как Хабр. Это какая-то дичь.\r\n\r\nПост или линк — вопрос личного вкуса. Мне, например, чисто эстетически не нравится как выглядят длинные посты на патреоне. Я прям ломаю глаза когда их читаю.\r\n\r\nТут каждый выбирает сам. Если автор ведёт свой блог, парится о полезном контенте и растит аудиторию — я рекомендую давать ссылки прямо туда. Так автор получит прямой траф, подписчиков, донаты, а это хорошо для всех.\r\n\r\nОсновная же задача постов здесь скорее в том, чтобы дать площадку тем, у кого нет своих блогов вообще. Fuck Medium в общем.", "url": null, "metadata": null, "created_at": "2020-04-15T10:50:03.194616", "updated_at": "2020-05-25T14:55:30.005776", "upvotes": 11, "is_visible": true, "is_deleted": false, "is_pinned": false}