{"id": "7f5e83a2-452d-4aeb-a7d8-358ba9af38bd", "author_id": "a5cfe720-3b53-41fd-b49c-b18e8abceb8a", "post_id": "a201f9cd-afd6-4679-a4e8-0849e3afcc86", "post_title": "Есть ли компании/индустрии, работать в которых для тебя аморально?", "reply_to_id": "cd65b429-39d6-418d-a693-2f0a024c87e8", "title": null, "text": "Не думаю, что кто-то шеймит, разве что полные дурачки. Скорее наоборот интересно же как человек к этому пришел и как он для себя это объясняет.", "url": null, "metadata": null, "created_at": "2020-04-27T13:27:54.152923", "updated_at": "2020-05-03T11:59:13.471521", "upvotes": 10, "is_visible": true, "is_deleted": false, "is_pinned": false}