{"id": "ef42d856-9720-434c-800f-a5943cce5884", "slug": "1853", "author_id": "a5cfe720-3b53-41fd-b49c-b18e8abceb8a", "type": "link", "topic": null, "label": null, "title": "🧠 The Psychology of Design: 101 Cognitive Biases & Principles That Affect Your UX", "text": "Подборка примеров использования наших когнитивных искажений в дизайне продуктов.\r\n\r\nОт самой отвратительно лжи типа «13 человек сейчас смотрят эту страницу», до весьма интересных, которые я и сам постоянно использую. Например, обязательное intro в Клубе — это не только отсев интернет-сумасшедших, но и психологический приём.", "url": "https://growth.design/psychology/", "image": "https://growth.design/apple-icon-57x57.png?v=4", "metadata": {"url": "https://growth.design/psychology/", "image": "https://cdn.growth.design/wp-content/uploads/2020/05/psychology-design-cognitive-biases-v3.png", "title": "🧠Psychology of Design: 101 Cognitive Biases & Principles That Affect Your UX", "domain": "growth.design", "favicon": "https://growth.design/apple-icon-57x57.png?v=4", "summary": "🔮 Meaning When users try to give sense to information, they make stories and assumptions to fill the gaps.\n💾 Memory Users try to remember what’s most important, but their brain prefers some elements over others.\nHe did an impressive job with the categorization of cognitive biases which led him to build a massive Codex.\n📘 📘 Super Thinking The big book of mental models and cognitive biases (Gabriel Weinberg) Expand ↓ Description Gabriel Weinberg (CEO of DuckDuckGo), co-authored a WSJ bestseller book that inspired us a lot: Super Thinking: The Big Book of Mental Models.\nHe recently did a video interview with Jordan Harbinger where he discussed the importance of mental models and cognitive biases.\nWe completely agree with him when he says: Knowing the names of cognitive biases and mental models is important.\nThey are all in a free cheat sheet of cognitive biases principles.\nGrowth.Design’s list of cognitive biases and psychological principles is a great reference for any team committed to improving their customers’ user experience."}, "created_at": "2020-05-16T08:37:00.460860", "updated_at": "2020-05-19T09:34:41.847996", "last_activity_at": "2020-05-18T13:10:55.985849", "comment_count": 9, "view_count": 402, "upvotes": 30}