{"comments": [{"id": "5dea2deb-c1f7-482a-8bfd-b0f7df52af30", "author_id": "5d06adf9-e763-4cd5-a693-fa605b840bfe", "post_id": "ef42d856-9720-434c-800f-a5943cce5884", "post_title": "🧠 The Psychology of Design: 101 Cognitive Biases & Principles That Affect Your UX", "reply_to_id": null, "title": null, "text": "Вот это пушка, спасибо! Там ещё и живые use-cases расписаны", "url": null, "metadata": null, "created_at": "2020-05-16T08:52:44.147023", "updated_at": "2020-05-16T08:52:44.684896", "upvotes": 2, "is_visible": true, "is_deleted": false, "is_pinned": false}, {"id": "9db76c41-87da-4283-809a-62d18189b7e2", "author_id": "367235f7-0711-4843-afd1-1b0d0ae36081", "post_id": "ef42d856-9720-434c-800f-a5943cce5884", "post_title": "🧠 The Psychology of Design: 101 Cognitive Biases & Principles That Affect Your UX", "reply_to_id": null, "title": null, "text": "А было бы круто, чтобы пока я тут хожу по страничкам в клубе, вокруг бегали б человечки-другие члены клуба (которые онлайн) с коротенькими описаниями над головами. Ткнул в такого, поговорил, если он не против. Я такое видел разве что в стримах, да в онлайн играх, да на некоторых форумах можно видеть, кто сейчас онлайн. Там правда социальная динамика очень сложная появляется.", "url": null, "metadata": null, "created_at": "2020-05-16T10:28:44.541108", "updated_at": "2020-05-16T10:29:32.931712", "upvotes": 3, "is_visible": true, "is_deleted": false, "is_pinned": false}, {"id": "45073cde-723f-4c24-8c4d-4c52afbdc7f6", "author_id": "367235f7-0711-4843-afd1-1b0d0ae36081", "post_id": "ef42d856-9720-434c-800f-a5943cce5884", "post_title": "🧠 The Psychology of Design: 101 Cognitive Biases & Principles That Affect Your UX", "reply_to_id": "9db76c41-87da-4283-809a-62d18189b7e2", "title": null, "text": "UPD: ну ладно, конкретно эта фича, наверное, дурь. Меня просто поразил эффект «маленького интернета», который ты тут сделал, мне кажется, что он очень ценен. Кажется, что людей очень мало и они все другую друга знают и друг с другом могут заговорить, не чувствуя себя безумными холодными звонящими или пикаперами.", "url": null, "metadata": null, "created_at": "2020-05-16T10:45:26.269855", "updated_at": "2020-05-16T10:45:26.572429", "upvotes": 5, "is_visible": true, "is_deleted": false, "is_pinned": false}, {"id": "5e10ef0c-9d0c-47c0-bba5-5ac4252198d3", "author_id": "b2022650-f1c9-45f4-a0ad-1a2bad55986c", "post_id": "ef42d856-9720-434c-800f-a5943cce5884", "post_title": "🧠 The Psychology of Design: 101 Cognitive Biases & Principles That Affect Your UX", "reply_to_id": "9db76c41-87da-4283-809a-62d18189b7e2", "title": null, "text": "@ganqqwerty, +1,почувствовал себя в тёплых ламповых 2000х.", "url": null, "metadata": null, "created_at": "2020-05-16T14:00:00.240040", "updated_at": "2020-05-16T14:00:00.599971", "upvotes": 1, "is_visible": true, "is_deleted": false, "is_pinned": false}, {"id": "ded1da8e-820a-4bd7-960b-4365f5708dc7", "author_id": "545d45ec-91cb-4965-9c4c-91b1bb72dfc6", "post_id": "ef42d856-9720-434c-800f-a5943cce5884", "post_title": "🧠 The Psychology of Design: 101 Cognitive Biases & Principles That Affect Your UX", "reply_to_id": "9db76c41-87da-4283-809a-62d18189b7e2", "title": null, "text": "@ganqqwerty, +1, еще и есть возможность найти людей, которые \"думают в ту же сторону\". Одно дело когда ты часть комьюнити, совершенно другое - когда ты его создаешь)", "url": null, "metadata": null, "created_at": "2020-05-16T14:38:53.742584", "updated_at": "2020-05-16T14:38:54.198309", "upvotes": 1, "is_visible": true, "is_deleted": false, "is_pinned": false}, {"id": "8c6cbd32-fabf-4032-9f71-1e9be4fdf364", "author_id": "cf76862d-4b81-4369-be02-8d7b09919c21", "post_id": "ef42d856-9720-434c-800f-a5943cce5884", "post_title": "🧠 The Psychology of Design: 101 Cognitive Biases & Principles That Affect Your UX", "reply_to_id": null, "title": null, "text": "А для Intro прием в том, что ты потратил время, чтобы его написать и \r\nОсознание того, что Осознание того, что они каждого с ним сюда пустили,не каждого с ним сюда пустили - больше ценишь, что ты внутри?", "url": null, "metadata": null, "created_at": "2020-05-17T10:27:54.882022", "updated_at": "2020-05-17T10:27:56.549828", "upvotes": 0, "is_visible": true, "is_deleted": false, "is_pinned": false}, {"id": "2b7589e8-1025-4ab7-97e0-9724dd06eb37", "author_id": "75413277-3283-4217-b73e-8a2e9110f3cc", "post_id": "ef42d856-9720-434c-800f-a5943cce5884", "post_title": "🧠 The Psychology of Design: 101 Cognitive Biases & Principles That Affect Your UX", "reply_to_id": null, "title": null, "text": "Чертовски классный ресурс! Обычно biases находил в не совсем удобном формате, а тут пушка - и дизайн приятный, и сразу тебе use cases.", "url": null, "metadata": null, "created_at": "2020-05-18T08:36:11.253787", "updated_at": "2020-05-18T08:36:12.439588", "upvotes": 0, "is_visible": true, "is_deleted": false, "is_pinned": false}, {"id": "b094f1ed-1b31-400b-b636-4ccf6c95530f", "author_id": "4f359293-7ef9-41d6-ac0d-1b86a43bedf1", "post_id": "ef42d856-9720-434c-800f-a5943cce5884", "post_title": "🧠 The Psychology of Design: 101 Cognitive Biases & Principles That Affect Your UX", "reply_to_id": null, "title": null, "text": "Круто и наглядно! Вспомнился сразу Канеман с его «Думай медленно… Решай быстро», но там часть эти искажений раскиданы по тексту, а тут клёво собраны!", "url": null, "metadata": null, "created_at": "2020-05-18T12:59:36.300146", "updated_at": "2020-05-18T12:59:36.674370", "upvotes": 1, "is_visible": true, "is_deleted": false, "is_pinned": false}, {"id": "73efbb44-69cf-4674-a8f3-61be1121c526", "author_id": "a5cfe720-3b53-41fd-b49c-b18e8abceb8a", "post_id": "ef42d856-9720-434c-800f-a5943cce5884", "post_title": "🧠 The Psychology of Design: 101 Cognitive Biases & Principles That Affect Your UX", "reply_to_id": "9db76c41-87da-4283-809a-62d18189b7e2", "title": null, "text": "Вот это наркоманская идея. Мне нравится!\r\n\r\nНа самом деле раздел «участники клуба» обязательно будет. Он же поможет в следующей итерации Клуба, когда будем делать менторинг. Потому надо сначала всё хорошо продумать, да", "url": null, "metadata": null, "created_at": "2020-05-18T13:10:55.961085", "updated_at": "2020-05-18T13:10:56.848979", "upvotes": 0, "is_visible": true, "is_deleted": false, "is_pinned": false}]}