{"id": "fec253ba-ddea-41e4-882a-d5f9eb035f03", "author_id": "a5cfe720-3b53-41fd-b49c-b18e8abceb8a", "post_id": "31f44631-5ca3-4eed-9ba2-955b160f4298", "post_title": "Светлая тема IDE или Темная тема IDE", "reply_to_id": "00125979-4da7-411a-ac0a-ce6862ae31b7", "title": null, "text": "@fmajesty, там самое прикольное — это затемнение шрифтов и фонов у тегов. Тут мы заебемся для каждого цвета искать подходящий «темный» аналог, нужно какие-то фильтры придумывать. А вот голосовалки без белых рамочек мне нравятся, их я бы сразу запилил! :D", "url": null, "metadata": null, "created_at": "2020-04-30T10:15:38.428885", "updated_at": "2020-05-03T06:57:31.836329", "upvotes": 0, "is_visible": true, "is_deleted": false, "is_pinned": false}