{"id": "23f81a9d-d13a-45a0-8ad6-5ad2291879a5", "author_id": "a5cfe720-3b53-41fd-b49c-b18e8abceb8a", "post_id": "2abcabee-afaf-4123-a218-01282aab84a8", "post_title": "Вастрик.Клуб: запускаем бету", "reply_to_id": "70746a67-87ce-43fd-9f8b-8f8025727e45", "title": null, "text": "@hokken, совсем нет. Предложи для этого невсратый UI и присылай PR на гитхабе. Трудность вижу только с пажинацией, но и она решаема. В будущем с удовольствием сделаю туда же другие вкладки типа «лайки».", "url": null, "metadata": null, "created_at": "2020-05-18T14:28:09.194429", "updated_at": "2020-05-25T14:55:34.492600", "upvotes": 2, "is_visible": true, "is_deleted": false, "is_pinned": false}