{"id": "3ee43514-d101-4137-ab2a-aa9b333471b7", "author_id": "a5cfe720-3b53-41fd-b49c-b18e8abceb8a", "post_id": "2abcabee-afaf-4123-a218-01282aab84a8", "post_title": "Вастрик.Клуб: запускаем бету", "reply_to_id": "1686e907-9a72-48ae-a896-61da58e0c352", "title": null, "text": "Идешь на гитхаб, берешь понравившуюся issue из простых, фиксишь её в PR'е, профит! Ты ослепителен и великолепен!", "url": null, "metadata": null, "created_at": "2020-04-28T12:37:46.115251", "updated_at": "2020-05-25T14:55:32.242049", "upvotes": 1, "is_visible": true, "is_deleted": false, "is_pinned": false}