{"id": "409b2dbe-b928-409f-b44b-4c7f21badfac", "author_id": "a5cfe720-3b53-41fd-b49c-b18e8abceb8a", "post_id": "beacdb5a-458d-41bf-b809-02812d9d3620", "post_title": "Вот что гугл-реклама знает о вас", "reply_to_id": "b65a1372-7464-4484-99f2-e8500cf9f5e0", "title": null, "text": "Как человек, немного разрабатывавший сервисы в интернете, могу сказать, что если фича не вынесена на большую красную кнопку прямо посередине экрана, примерно 99.999% людей ее не найдут.\r\n\r\nВсе разработчики и дизайнеры этим пользуются. Чтобы как бы по факту фича была, но никто о ней не знал.", "url": null, "metadata": null, "created_at": "2020-05-09T08:29:52.418189", "updated_at": "2020-05-09T08:30:18.229817", "upvotes": 6, "is_visible": true, "is_deleted": false, "is_pinned": false}