{"id": "1f4d985a-b7bd-4aa6-a6bc-a0db9286965c", "author_id": "a5cfe720-3b53-41fd-b49c-b18e8abceb8a", "post_id": "c12c9678-e6bf-4bda-94cf-b95134da59fe", "post_title": "Где искать вакансии в Германию?", "reply_to_id": null, "title": null, "text": "Популярный вопрос, да. В том числе потому что набор вакансий и методы их поиска «снаружи» и «внутри» немного отличаются.\r\n\r\nДля совсем иностранца путь по сути такой:\r\n\r\n- [LinkedIn](https://www.linkedin.com/jobs/search/?geoId=106967730&location=Berlin%2C%20Berlin), ты прав. Надо осилить его поиск. Таковы страшные тяготы понаеха, каждый должен пройти через эту войну. Это тяжело из-за его ебанутого интерфейса, так что надо героически справиться и найти нужные странички, дальше дело пойдет как по маслу :) \r\n- [glassdoor.com](https://www.glassdoor.de/Job/berlin-jobs-SRCH_IL.0,6_IC2622109.htm?clickSource=searchBtn&typedKeyword=&sc.keyword=&locT=C&suggestCount=0&jobType=&locId=2622109) — много вакансий кросспостятся туда. В основном крупные бездушные корпорации, зато через них легко переезжать.\r\n- [relocate.me](https://relocate.me/), [berlinstartupjobs.com](https://berlinstartupjobs.com/) и другие подобные агрегаторы для экспатов. Туда попадают почти все экспатские вакансии, по которым легче всего переехать. Есть стартапы, но самого вкусного внутряка там нет.\r\n- **Поспрашивать рефы в наших чатах**. Очень неплохой вариант, не игнорируй его. Местные компании часто платят хорошие бонусы за рефералку, а сам факт рефа идет тебе в плюс. Выгода всем. Если бы я искал сейчас еще раз, я бы делал именно так (даже планирую на сайте Клуба сделать отдельный раздел для них в будущем).\r\n\r\nP.S.: На xing даже не регайся, за три года там я ни разу не нашел хоть чего-то полезного, только какие-то индусы в друзья добавляются и спам приходит регулярно.", "url": null, "metadata": null, "created_at": "2020-05-14T09:00:45.028591", "updated_at": "2020-05-14T09:41:57.738029", "upvotes": 6, "is_visible": true, "is_deleted": false, "is_pinned": false}