{"comments": [{"id": "7c203dfa-0e8a-468d-8a76-5d99019a39c7", "author_id": "c7890512-9547-4906-bc93-7762ef0f3305", "post_id": "c12c9678-e6bf-4bda-94cf-b95134da59fe", "post_title": "Где искать вакансии в Германию?", "reply_to_id": "1f4d985a-b7bd-4aa6-a6bc-a0db9286965c", "title": null, "text": "Спасибо! А как ты думаешь с какого момента лучше начинать искать, учитывая текущее положение вещей в мире?", "url": null, "metadata": null, "created_at": "2020-05-14T09:13:13.039221", "updated_at": "2020-05-14T09:13:13.882173", "upvotes": 1, "is_visible": true, "is_deleted": false, "is_pinned": false}, {"id": "381981ad-a046-4ccc-94d0-b7d164d2209a", "author_id": "2a6a1b86-13ff-4002-bd41-8c031ba2f4b1", "post_id": "c12c9678-e6bf-4bda-94cf-b95134da59fe", "post_title": "Где искать вакансии в Германию?", "reply_to_id": "1f4d985a-b7bd-4aa6-a6bc-a0db9286965c", "title": null, "text": "@Windrushfarer, ищи сейчас, чего ждать то.", "url": null, "metadata": null, "created_at": "2020-05-14T09:19:03.315429", "updated_at": "2020-05-14T09:19:04.002502", "upvotes": 1, "is_visible": true, "is_deleted": false, "is_pinned": false}, {"id": "e12adfe1-0017-4070-a82e-8f69e0f0d67d", "author_id": "a5cfe720-3b53-41fd-b49c-b18e8abceb8a", "post_id": "c12c9678-e6bf-4bda-94cf-b95134da59fe", "post_title": "Где искать вакансии в Германию?", "reply_to_id": "1f4d985a-b7bd-4aa6-a6bc-a0db9286965c", "title": null, "text": "@Windrushfarer, да, текущая фигня тебе нормально так вставит палки в колеса. Щас тут волна сокращений, в половине компаний hire freeze, на рынке шатается куча местных айтишников в поисках новой работы.\r\n\r\nНе конец света, просто сразу морально готовься, что как минимум до конца 2020 не будет такой же халявы, когда в тебя каждый кидал оффером лишь бы вышел завтра.\r\n\r\nЕсли тебе прям горит и хочется побыстрее — начинай апплаиться прямо сейчас. Я не верю, что щас кто-то будет хантить новых понаехов, но вдруг тебе повезет.\r\n\r\nБолее реалистичный сценарий — понаблюдать за рынком месяц-два, изучить чо дают и почем себя продавать. Летом неспеша начать ходить по собеседованиям, говоря всем, что готов выйти с октября-ноября (для Гермашки нормальный срок + это самое приятное время для переезда). Как-то так и получится.", "url": null, "metadata": null, "created_at": "2020-05-14T09:27:28.546217", "updated_at": "2020-05-14T09:29:31.075298", "upvotes": 3, "is_visible": true, "is_deleted": false, "is_pinned": false}]}