{"id": "3a03cf26-a112-4c11-9eb1-fdabf1de2e9d", "author_id": "a5cfe720-3b53-41fd-b49c-b18e8abceb8a", "post_id": "b63a34b8-6118-401b-ab12-26b56ff6fde2", "post_title": "Автоматизируем шторы - и всё-таки они крутятся", "reply_to_id": "b0587de0-4681-4b3b-9570-3fa139dbab04", "title": null, "text": "@norguhtar, на кикстартере была штука, которая сама ездит по палке и таскает за собой штору. Спокойно вешается со стороны окна и не заметна окружающим (что для меня всегда огромный плюс в любом IoT-говне).\r\n\r\nhttps://www.kickstarter.com/projects/switchbot/switchbot-curtain-make-your-curtains-smart-in-seconds\r\n\r\nЗато никаких веревок, ремней, карнизов, итд.\r\n\r\nМинус только один: это кикстартер, а там только выдуманный скам рекламируют. В реальности оно не существует.", "url": null, "metadata": null, "created_at": "2020-05-04T07:48:07.183685", "updated_at": "2020-05-04T07:54:33.624760", "upvotes": 1, "is_visible": true, "is_deleted": false, "is_pinned": false}