{"id": "5abd3caf-7dbd-4899-8fbf-d58811512ee6", "author_id": "a5cfe720-3b53-41fd-b49c-b18e8abceb8a", "post_id": "0dde81cf-9d4a-4ed5-8ea7-79c73bd6c6c8", "post_title": "В каких европейских странах для жизни и работы будет достаточно знания английского языка?", "reply_to_id": "27c117bf-d7bf-4b8b-9f82-4de1e88a9348", "title": null, "text": "Подтверждаю, чтобы выжить в Берлине английского хватит. Даже культурные мероприятия на английском не редкость — я часто хожу на стендап-комедию, митапы, в кино на английском. В айти-компаниях это вообще официальный язык почти всегда.\r\n\r\nНемецкий тут учат в основном для более комфортной жизни и переезда на пенсии в собственный домик под штутгартом, а не из необходимости.\r\n\r\nМне лично без него некомфортно. Чем больше я понимаю окружающих — тем лучше себя чувствую в городе.", "url": null, "metadata": null, "created_at": "2020-05-21T09:21:08.643647", "updated_at": "2020-05-21T09:27:24.963359", "upvotes": 2, "is_visible": true, "is_deleted": false, "is_pinned": false}