{"id": "3f32accc-5c2a-419d-a0b9-8c9b5e4a94e9", "author_id": "a5cfe720-3b53-41fd-b49c-b18e8abceb8a", "post_id": "bb942606-8c69-46ae-9537-f0544831703e", "post_title": "Работа в крупной компании или Работа в стартапе", "reply_to_id": null, "title": "Идея, которая пришла тебе в голову утром, уже вечером может быть реализована", "text": "Экспа за убитых монстров так и сыпется в твое резюме.\r\n\r\nНикаких согласований на 17 кросс-митингах с тупыми душнилами из других отделов. Рост для стартапа важнее всего, а на него может повлиять любая идея. Чаще всего запилить и проверить её ты можешь прям сегодня.", "url": null, "metadata": {"battle": {"side": "b"}}, "created_at": "2020-04-24T16:43:33.340013", "updated_at": "2020-05-03T08:15:51.584904", "upvotes": 37, "is_visible": true, "is_deleted": false, "is_pinned": false}