{"comments": [{"id": "5131f790-3480-4f81-a943-9b7e44de3d1e", "author_id": "de64321e-7880-41ab-8178-bc55d56d1b55", "post_id": "bb942606-8c69-46ae-9537-f0544831703e", "post_title": "Работа в крупной компании или Работа в стартапе", "reply_to_id": "3f32accc-5c2a-419d-a0b9-8c9b5e4a94e9", "title": null, "text": "+1 но хочу добавить, что это касается не только стартапов, но и просто небольших компаний", "url": null, "metadata": null, "created_at": "2020-05-01T18:02:19.152821", "updated_at": "2020-05-03T08:15:51.611259", "upvotes": 0, "is_visible": true, "is_deleted": false, "is_pinned": false}]}