{"comments": [{"id": "5a783110-d89e-4120-913f-e576f4f4625f", "author_id": "a5cfe720-3b53-41fd-b49c-b18e8abceb8a", "post_id": "96e1bee0-023e-4ec0-95d8-2a372c670e2a", "post_title": "Как Notion только с рабочим копипастом", "reply_to_id": "19748190-6272-4ad7-b4c6-203128bf8f3b", "title": null, "text": "Привет???", "url": null, "metadata": null, "created_at": "2020-05-25T07:38:57.704186", "updated_at": "2020-05-25T07:38:58.522293", "upvotes": 0, "is_visible": true, "is_deleted": false, "is_pinned": false}]}