{"id": "8ca55f13-da7f-495e-8aab-208987b942bd", "author_id": "a5cfe720-3b53-41fd-b49c-b18e8abceb8a", "post_id": "7104ebf7-1549-4f2d-9284-022b8f6e85b3", "post_title": "На смерть Каучсерфинга", "reply_to_id": "f35a387c-27f5-4254-b6b1-98d3123a3fb3", "title": null, "text": "Ух, дед, потащить всю семью в бесплатную диджитал-ночлежку для студентов-автостоперов — это ты борщанул, конечно. Как тебе вообще такая идея пришла? :D", "url": null, "metadata": null, "created_at": "2020-05-20T07:32:12.344010", "updated_at": "2020-05-20T09:35:22.145259", "upvotes": 5, "is_visible": true, "is_deleted": false, "is_pinned": false}