{"id": "ad0b4025-5cef-47b8-a978-e92db1ea5977", "author_id": "a5cfe720-3b53-41fd-b49c-b18e8abceb8a", "post_id": "2abcabee-afaf-4123-a218-01282aab84a8", "post_title": "Вастрик.Клуб: запускаем бету", "reply_to_id": "f0b2b6b8-be43-4977-b5a9-e18a8a7fd1e8", "title": null, "text": "Для начала рекомендую дочитать пост до конца. Только так мы подружимся!", "url": null, "metadata": null, "created_at": "2020-04-29T05:21:29.305023", "updated_at": "2020-05-25T14:55:32.683545", "upvotes": 1, "is_visible": true, "is_deleted": false, "is_pinned": false}