{"id": "7ae29e8c-86e5-4239-9560-69b154acbdf4", "author_id": "a5cfe720-3b53-41fd-b49c-b18e8abceb8a", "post_id": "84708982-56d8-4e40-be04-957e58d880e1", "post_title": "Валить или Остаться", "reply_to_id": "263d7d97-ee52-4de0-a1f5-d1bd2684b00a", "title": null, "text": "@yaroslav_miroshnikov, \r\n> На западе к таким вещам налоговая более уважительно относится чем у нас?\r\n\r\nПо моему опыту, да. В основном потому что здесь (Германия) не штрафуют «задним числом» даже если ты использовал непрописанные в законе схемы. Сначала схему явно запрещают, прописывают, анонсируют, дают время перестроиться и только потом начинают бить по рукам. \r\n\r\nЭто процесс не на месяцы, а скорее на годы, так что все успевают осознать и найти новые схемы, кек :)\r\n\r\nХотя, конечно, все выть начинают, что им БИЗНЕС ДУШАТ. Как везде, короче.\r\n\r\nОбратное тоже работает — если ты работал по «менее выгодной» ставке, а потом внезапно осознал это, ты можешь в течение трёх (по-моему) лет запросить у налоговой перерасчет, объяснив ситуацию.\r\n\r\nЯ вот только что это сделал, когда мой налоговый консультант обнаружил, что прошлый работодатель целый год платил мне по неправильному налоговому классу. Жду €4.000 назад.\r\n\r\nС ИП'шникам на контрактах тут схема тоже популярна. Только тут их не гоняют с полицией, им просто налоги поставили как у физиков, потому нет никакой выгоды так делать специально. СМЕКАЛОЧКА.", "url": null, "metadata": null, "created_at": "2020-04-28T10:35:19.261045", "updated_at": "2020-05-02T21:13:15.416847", "upvotes": 1, "is_visible": true, "is_deleted": false, "is_pinned": false}