{"id": "fe5744b2-9de3-4081-a490-a7c12d9c8eee", "author_id": "a5cfe720-3b53-41fd-b49c-b18e8abceb8a", "post_id": "31f44631-5ca3-4eed-9ba2-955b160f4298", "post_title": "Светлая тема IDE или Темная тема IDE", "reply_to_id": "00125979-4da7-411a-ac0a-ce6862ae31b7", "title": null, "text": "Даже круче, чем родная :D", "url": null, "metadata": null, "created_at": "2020-04-30T09:59:07.654227", "updated_at": "2020-05-03T06:57:31.802007", "upvotes": 1, "is_visible": true, "is_deleted": false, "is_pinned": false}