{"id": "ebfd6083-55ce-4a98-82c5-eeeee53c9fde", "author_id": "a5cfe720-3b53-41fd-b49c-b18e8abceb8a", "post_id": "4730807f-7947-47f2-9d81-457411527e64", "post_title": "Автодонат для Garry's Mod", "reply_to_id": null, "title": null, "text": "А расскажи через что процессили платежи и как боролись с комиссиями? Я вот давно хотел прикрепить к Клубу прямую подписку по карте, чтобы отвязать его от патреона, но какой-нибудь Stripe забирает $0.25 + 3% комиссии — с моих подписок по $1 это добрая треть бабосика. Передумал. Ищу дальше и страдаю.", "url": null, "metadata": null, "created_at": "2020-04-21T15:30:30.212851", "updated_at": "2020-05-03T11:42:41.729885", "upvotes": 0, "is_visible": true, "is_deleted": false, "is_pinned": false}