{"comments": [{"id": "683f28de-1c6f-4f5e-bb63-b490dd7096ca", "author_id": "77c62597-6154-4d05-b3b8-ae632989d3b6", "post_id": "4730807f-7947-47f2-9d81-457411527e64", "post_title": "Автодонат для Garry's Mod", "reply_to_id": "ebfd6083-55ce-4a98-82c5-eeeee53c9fde", "title": null, "text": "Напрямую принимаем только часть Qiwi, остальное через агрегаторов а-ля Unitpay (лучший), Interkassa, Megakassa, SkinPay, MegaKassa и прочих. Подписки реализовать позволяет только Unitpay и то не точно (где-то вроде видел)", "url": null, "metadata": null, "created_at": "2020-04-21T15:36:27.274825", "updated_at": "2020-05-03T11:42:41.751490", "upvotes": 0, "is_visible": true, "is_deleted": false, "is_pinned": false}, {"id": "0e33ffad-89de-4c9e-b2ab-755186674c72", "author_id": "3ef20ac0-06b7-4881-b304-85c1b94bb1d7", "post_id": "4730807f-7947-47f2-9d81-457411527e64", "post_title": "Автодонат для Garry's Mod", "reply_to_id": "ebfd6083-55ce-4a98-82c5-eeeee53c9fde", "title": null, "text": "Я много покрутился в разработке эквайриннга и знаю примрено как дела обстоят с комиссиями и ставками.\r\n\r\nЧтобы иметь низкую комиссию как правило надо выбирать мелкие сервисы, Stripe конечно хорош, но это гигант, ему нет дела до мерчей с нанооборотом, так что это скорее paywall.\r\n\r\nВ твоем случае самое тягостное это большая география платежей, ибо твои подписчики находятся повсюду, а чем больше белый лист странн откуда можно принимать платежи, тем больше фрод риск. А фрод риск это не очень приятно, ибо всегда МПС в первую очередь натягивает эквайринг, а до мерча им дела нет. \r\n\r\nВ РФ я бы посоветовал Яндекс Кассу, там около 3 процентов без фиксы, так что минимальные затраты. Но это Россия, хз как с налогами будет, а так же я не знаю их политику на счет приема платежей из других стран.", "url": null, "metadata": null, "created_at": "2020-04-21T15:44:42.494172", "updated_at": "2020-05-03T11:42:41.762954", "upvotes": 1, "is_visible": true, "is_deleted": false, "is_pinned": false}, {"id": "c8769abe-9b98-4b14-977c-fa7dbf0a200f", "author_id": "3ef20ac0-06b7-4881-b304-85c1b94bb1d7", "post_id": "4730807f-7947-47f2-9d81-457411527e64", "post_title": "Автодонат для Garry's Mod", "reply_to_id": "ebfd6083-55ce-4a98-82c5-eeeee53c9fde", "title": null, "text": "@amd, рекуррентные платежи достаточно редкий запрос от клиентов, так что такие мало у кого реализованы.", "url": null, "metadata": null, "created_at": "2020-04-21T15:46:21.321936", "updated_at": "2020-05-03T11:42:41.781155", "upvotes": 0, "is_visible": true, "is_deleted": false, "is_pinned": false}, {"id": "e8ed1451-9b71-4e58-bae2-b8015ee4c12d", "author_id": "a5cfe720-3b53-41fd-b49c-b18e8abceb8a", "post_id": "4730807f-7947-47f2-9d81-457411527e64", "post_title": "Автодонат для Garry's Mod", "reply_to_id": "ebfd6083-55ce-4a98-82c5-eeeee53c9fde", "title": null, "text": "@Kirk, к сожалению, я не могу в Яндекс.Кассу. Я ИП в Германии и меня Яндекс просто с порога пошлёт нахуй. С налогами тоже. Немцам на такое похуй, лишь бы инвойсы показывал, а вот в российский налоговый бардак я даже лезть не хочу.\r\n\r\nВот и ищу что-то под свои требования. И да, надо с реккурентными платежами и мировой географией как Stripe, PayPal или Adyen. У последнего комиссии поменьше, но они требуют стопку документов. Вот думаю теперь.", "url": null, "metadata": null, "created_at": "2020-04-21T16:00:11.974332", "updated_at": "2020-05-03T11:42:41.800598", "upvotes": 0, "is_visible": true, "is_deleted": false, "is_pinned": false}, {"id": "5c1d5976-cf9d-4440-b87a-32ec1973bb3e", "author_id": "3ef20ac0-06b7-4881-b304-85c1b94bb1d7", "post_id": "4730807f-7947-47f2-9d81-457411527e64", "post_title": "Автодонат для Garry's Mod", "reply_to_id": "ebfd6083-55ce-4a98-82c5-eeeee53c9fde", "title": null, "text": "@vas3k, может в германии проще самому получить статус эквайринга тогда? :D\r\nТем более что [RBK](https://habr.com/ru/company/rbkmoney/blog/493202/) свой процессинг опенсурснули, главное только получить статус эквайринга, а потом docker-compose up и поехал", "url": null, "metadata": null, "created_at": "2020-04-21T18:05:50.730248", "updated_at": "2020-05-03T11:42:41.816015", "upvotes": 0, "is_visible": true, "is_deleted": false, "is_pinned": false}, {"id": "df1e9ab0-6b00-4547-91b8-b3facb5685b9", "author_id": "a5cfe720-3b53-41fd-b49c-b18e8abceb8a", "post_id": "4730807f-7947-47f2-9d81-457411527e64", "post_title": "Автодонат для Garry's Mod", "reply_to_id": "ebfd6083-55ce-4a98-82c5-eeeee53c9fde", "title": null, "text": "Жесть, а это как? Надо проходить сертификации и иметь полный этаж юристов? И как быть с международкой?", "url": null, "metadata": {"telegram": {"message": {"chat": {"id": 5613595, "type": "private", "username": "vas3k", "first_name": "Вастрик"}, "date": 1587492695, "from": {"id": 5613595, "is_bot": false, "username": "vas3k", "first_name": "Вастрик", "language_code": "en"}, "text": "Жесть, а это как? Надо проходить сертификации и иметь полный этаж юристов? И как быть с международкой?", "photo": [], "entities": [], "message_id": 279, "new_chat_photo": [], "caption_entities": [], "new_chat_members": [], "reply_to_message": {"chat": {"id": 5613595, "type": "private", "username": "vas3k", "first_name": "Вастрик"}, "date": 1587492350, "from": {"id": 921354081, "is_bot": true, "username": "vas3k_club_bot", "first_name": "THE A.I."}, "text": "💬 Ответ на ваш реплай к посту «Автодонат для Garry's Mod»\n\nKirk:  @vas3k, может в германии проще самому получить статус эквайринга тогда? :D\nТем более что https://habr.com/ru/company/rbkmoney/blog/493202/ свой процессинг опенсурснули, главное только получить статус эквайринга, а потом docker-compose up и поехал \n\nПосмотреть ➜", "photo": [], "entities": [{"type": "bold", "length": 27, "offset": 3}, {"url": "https://vas3k.club/project/100/", "type": "text_link", "length": 25, "offset": 32}, {"url": "https://vas3k.club/user/Kirk/", "type": "text_link", "length": 4, "offset": 60}, {"type": "pre", "length": 248, "offset": 66}, {"url": "https://vas3k.club/post/100/comment/5c1d5976-cf9d-4440-b87a-32ec1973bb3e/", "type": "text_link", "length": 12, "offset": 316}], "message_id": 278, "new_chat_photo": [], "caption_entities": [], "new_chat_members": [], "delete_chat_photo": false, "group_chat_created": false, "channel_chat_created": false, "supergroup_chat_created": false}, "delete_chat_photo": false, "group_chat_created": false, "channel_chat_created": false, "supergroup_chat_created": false}, "update_id": 126024332, "_effective_chat": {"id": 5613595, "type": "private", "username": "vas3k", "first_name": "Вастрик"}, "_effective_user": {"id": 5613595, "is_bot": false, "username": "vas3k", "first_name": "Вастрик", "language_code": "en"}}}, "created_at": "2020-04-21T18:11:35.326188", "updated_at": "2020-05-03T11:42:41.830744", "upvotes": 0, "is_visible": true, "is_deleted": false, "is_pinned": false}, {"id": "2bfcc491-9fea-4cad-bd34-c8c4eef2fa2a", "author_id": "c8d3b239-202c-44b5-828f-43aece991b1d", "post_id": "4730807f-7947-47f2-9d81-457411527e64", "post_title": "Автодонат для Garry's Mod", "reply_to_id": "ebfd6083-55ce-4a98-82c5-eeeee53c9fde", "title": null, "text": "Проиграл с фразы про «за фрод сначала натягивают эквайринг» и потом предложение стать эквайрингом самому.", "url": null, "metadata": null, "created_at": "2020-04-21T18:14:04.847914", "updated_at": "2020-05-03T11:42:41.851750", "upvotes": 0, "is_visible": true, "is_deleted": false, "is_pinned": false}, {"id": "f49dee67-782d-49cf-b55b-67a3d394ea01", "author_id": "3ef20ac0-06b7-4881-b304-85c1b94bb1d7", "post_id": "4730807f-7947-47f2-9d81-457411527e64", "post_title": "Автодонат для Garry's Mod", "reply_to_id": "ebfd6083-55ce-4a98-82c5-eeeee53c9fde", "title": null, "text": "@vas3k, в рф например надо лицензией банка владеть и дополнительным разрешением проводить операции\r\n\r\nВ германии сомневаюсь, что сильно проще (", "url": null, "metadata": null, "created_at": "2020-04-21T18:38:04.706496", "updated_at": "2020-05-03T11:42:41.865530", "upvotes": 0, "is_visible": true, "is_deleted": false, "is_pinned": false}, {"id": "0b48eb22-355f-4b1b-b80a-57420073f774", "author_id": "452f2a80-84db-419d-8fd2-174d46b21135", "post_id": "4730807f-7947-47f2-9d81-457411527e64", "post_title": "Автодонат для Garry's Mod", "reply_to_id": "ebfd6083-55ce-4a98-82c5-eeeee53c9fde", "title": null, "text": "@Kirk, Яндекс Кассу не рекомендую, они мне сказали что международный эквайринг подключают только через пару месяцев успешной работы, а до этого можно пройти куда подальше. РБК касса вроде есть еще, там с этим проблем нет, но есть другие - например, валютный контроль.", "url": null, "metadata": null, "created_at": "2020-05-04T11:09:33.811744", "updated_at": "2020-05-04T11:09:34.390632", "upvotes": 0, "is_visible": true, "is_deleted": false, "is_pinned": false}, {"id": "45ce9957-99c6-4e42-8daa-5d50aacc06f8", "author_id": "87919b0c-52ce-4f78-ab7a-de991be20a84", "post_id": "4730807f-7947-47f2-9d81-457411527e64", "post_title": "Автодонат для Garry's Mod", "reply_to_id": "ebfd6083-55ce-4a98-82c5-eeeee53c9fde", "title": null, "text": "А кто-то пробовал в бою  https://paddle.com/?", "url": null, "metadata": null, "created_at": "2020-05-08T13:50:33.169593", "updated_at": "2020-05-08T13:50:34.303018", "upvotes": 0, "is_visible": true, "is_deleted": false, "is_pinned": false}]}