{"id": "df1e9ab0-6b00-4547-91b8-b3facb5685b9", "author_id": "a5cfe720-3b53-41fd-b49c-b18e8abceb8a", "post_id": "4730807f-7947-47f2-9d81-457411527e64", "post_title": "Автодонат для Garry's Mod", "reply_to_id": "ebfd6083-55ce-4a98-82c5-eeeee53c9fde", "title": null, "text": "Жесть, а это как? Надо проходить сертификации и иметь полный этаж юристов? И как быть с международкой?", "url": null, "metadata": {"telegram": {"message": {"chat": {"id": 5613595, "type": "private", "username": "vas3k", "first_name": "Вастрик"}, "date": 1587492695, "from": {"id": 5613595, "is_bot": false, "username": "vas3k", "first_name": "Вастрик", "language_code": "en"}, "text": "Жесть, а это как? Надо проходить сертификации и иметь полный этаж юристов? И как быть с международкой?", "photo": [], "entities": [], "message_id": 279, "new_chat_photo": [], "caption_entities": [], "new_chat_members": [], "reply_to_message": {"chat": {"id": 5613595, "type": "private", "username": "vas3k", "first_name": "Вастрик"}, "date": 1587492350, "from": {"id": 921354081, "is_bot": true, "username": "vas3k_club_bot", "first_name": "THE A.I."}, "text": "💬 Ответ на ваш реплай к посту «Автодонат для Garry's Mod»\n\nKirk:  @vas3k, может в германии проще самому получить статус эквайринга тогда? :D\nТем более что https://habr.com/ru/company/rbkmoney/blog/493202/ свой процессинг опенсурснули, главное только получить статус эквайринга, а потом docker-compose up и поехал \n\nПосмотреть ➜", "photo": [], "entities": [{"type": "bold", "length": 27, "offset": 3}, {"url": "https://vas3k.club/project/100/", "type": "text_link", "length": 25, "offset": 32}, {"url": "https://vas3k.club/user/Kirk/", "type": "text_link", "length": 4, "offset": 60}, {"type": "pre", "length": 248, "offset": 66}, {"url": "https://vas3k.club/post/100/comment/5c1d5976-cf9d-4440-b87a-32ec1973bb3e/", "type": "text_link", "length": 12, "offset": 316}], "message_id": 278, "new_chat_photo": [], "caption_entities": [], "new_chat_members": [], "delete_chat_photo": false, "group_chat_created": false, "channel_chat_created": false, "supergroup_chat_created": false}, "delete_chat_photo": false, "group_chat_created": false, "channel_chat_created": false, "supergroup_chat_created": false}, "update_id": 126024332, "_effective_chat": {"id": 5613595, "type": "private", "username": "vas3k", "first_name": "Вастрик"}, "_effective_user": {"id": 5613595, "is_bot": false, "username": "vas3k", "first_name": "Вастрик", "language_code": "en"}}}, "created_at": "2020-04-21T18:11:35.326188", "updated_at": "2020-05-03T11:42:41.830744", "upvotes": 0, "is_visible": true, "is_deleted": false, "is_pinned": false}