{"id": "74db045e-0a51-47a3-b29d-8365259dab69", "author_id": "a5cfe720-3b53-41fd-b49c-b18e8abceb8a", "post_id": "a201f9cd-afd6-4679-a4e8-0849e3afcc86", "post_title": "Есть ли компании/индустрии, работать в которых для тебя аморально?", "reply_to_id": null, "title": null, "text": "Год с чем-то назад натыкался чувака, который работал кодером в Роскомнадзоре. Вот мне было бы реально интересно с ним интервью какое-нибудь почитать (или провести). Вот где целый букет этических дилемм бы возник :)\r\n\r\nP.S.: Мой личный список этического «нет»: спецслужбы, госкомпании, гэмблинг-ставки-казино-итд, сбербанк.\r\n\r\nP.P.S.: Но надо понимать, что компании выше и сами это прекрасно понимают, потому платят всегда выше рынка, а иногда прям сильно. Как говорится «я не гей, но $20 это $20».", "url": null, "metadata": null, "created_at": "2020-04-27T13:13:53.603213", "updated_at": "2020-05-03T11:59:13.556155", "upvotes": 13, "is_visible": true, "is_deleted": false, "is_pinned": false}