{"comments": [{"id": "c587a706-ceb2-48ee-b501-ee7c480e0091", "author_id": "e180b91f-4e37-464e-bd8e-db52826526ec", "post_id": "a201f9cd-afd6-4679-a4e8-0849e3afcc86", "post_title": "Есть ли компании/индустрии, работать в которых для тебя аморально?", "reply_to_id": "74db045e-0a51-47a3-b29d-8365259dab69", "title": null, "text": ">  «я не гей, но $20 это $20».\r\n\r\nВот да, поэтому у всего есть цена. \r\nУ меня, например, так с Фойсбуком или Хуавеем. За большие деньги я бы год-два посидел на моральном шпагате.", "url": null, "metadata": null, "created_at": "2020-04-27T14:05:43.174810", "updated_at": "2020-05-03T11:59:13.571172", "upvotes": 2, "is_visible": true, "is_deleted": false, "is_pinned": false}, {"id": "a4870893-4d51-4a55-9d67-bd46fe425633", "author_id": "72aeb798-55cf-4116-8843-cbed66848c83", "post_id": "a201f9cd-afd6-4679-a4e8-0849e3afcc86", "post_title": "Есть ли компании/индустрии, работать в которых для тебя аморально?", "reply_to_id": "74db045e-0a51-47a3-b29d-8365259dab69", "title": null, "text": "@begor, а что с Хуавеем?", "url": null, "metadata": null, "created_at": "2020-04-27T17:19:23.643661", "updated_at": "2020-05-03T11:59:13.583200", "upvotes": 1, "is_visible": true, "is_deleted": false, "is_pinned": false}, {"id": "711c4bf6-4e42-4185-a6cf-4fe89c2c877c", "author_id": "d0c85860-e325-4dd9-82b1-c5f8bf1bd08b", "post_id": "a201f9cd-afd6-4679-a4e8-0849e3afcc86", "post_title": "Есть ли компании/индустрии, работать в которых для тебя аморально?", "reply_to_id": "74db045e-0a51-47a3-b29d-8365259dab69", "title": null, "text": "@Вастрик\r\n\r\n\"Стоп список\": ... Сбербанк\r\n\r\nМожно про сбербанк поподробней. Типо люди продаются туда за деньги, а всё остальное не ок?", "url": null, "metadata": null, "created_at": "2020-05-09T16:17:57.249178", "updated_at": "2020-05-09T16:18:30.958117", "upvotes": 2, "is_visible": true, "is_deleted": false, "is_pinned": false}, {"id": "599f53b1-a1c1-4a55-8eb1-bf99acbf0892", "author_id": "e180b91f-4e37-464e-bd8e-db52826526ec", "post_id": "a201f9cd-afd6-4679-a4e8-0849e3afcc86", "post_title": "Есть ли компании/индустрии, работать в которых для тебя аморально?", "reply_to_id": "74db045e-0a51-47a3-b29d-8365259dab69", "title": null, "text": "@zalivka, https://en.wikipedia.org/wiki/Mass_surveillance_in_China", "url": null, "metadata": null, "created_at": "2020-05-09T16:44:23.660056", "updated_at": "2020-05-09T16:44:24.018517", "upvotes": 0, "is_visible": true, "is_deleted": false, "is_pinned": false}, {"id": "eaa6aff6-3b0e-41c8-841c-9c8dc7b83daf", "author_id": "262cc60f-ad06-4295-ad88-61f7177d9970", "post_id": "a201f9cd-afd6-4679-a4e8-0849e3afcc86", "post_title": "Есть ли компании/индустрии, работать в которых для тебя аморально?", "reply_to_id": "74db045e-0a51-47a3-b29d-8365259dab69", "title": null, "text": "@vakimkooo,  Да", "url": null, "metadata": null, "created_at": "2020-05-09T17:54:35.364977", "updated_at": "2020-05-09T17:54:35.869919", "upvotes": 0, "is_visible": true, "is_deleted": false, "is_pinned": false}]}