{"id": "f6787829-4b2b-4bce-851d-9c03835092d5", "author_id": "a5cfe720-3b53-41fd-b49c-b18e8abceb8a", "post_id": "84708982-56d8-4e40-be04-957e58d880e1", "post_title": "Валить или Остаться", "reply_to_id": null, "title": "Охуенные банки", "text": "Тиньков, Точка, даже обоссаный Сбербанк сейчас выглядит и работает лучше, чем самый современный хипстерский финтех стартап в Европе (привет, Revolut). Про США вообще не говорим, там всё еще зарплату в чеках кто-то выдаёт.\r\n\r\nВ России же приветливый мальчик через чат в приложении решит твои вопросы с валютным контролем хоть в 3 часа ночи, а потом за это навалят еще 300% кешбека сверху чтобы ты мог на них бензин оплатить не выходя из машины.\r\n\r\nПиздец, ребят, вы в киберпанке живете.\r\n\r\nДавайте я расскажу как тут в Германии: чтобы открыть счет в нормальном банке мне пришлось распечатать и заполнить 8 листов А4 и отправить их бумажным письмом во Франкфурт, где их потеряли и я ждал 2 месяца пока не позвонил им.\r\n\r\nНедавно мой банк прислал мне письмо, что теперь я должен ему еще и доплачивать за то, что храню у него свои деньги. Где-то 5-7 евро в месяц, херня, но всё же. Потому что экономика стабильна, процентная ставка нулевая, они, видите ли, не могут больше зарабатывать на моем баблишке. ПЛОТИ.\r\n\r\nТакой вот анти-кешбек.\r\n\r\nИнтерфейс их приложения все так же выглядит как будто я открыл веб-сайт в 90-е. Изменения баланса отображаются только спустя 2-3 дня, когда пройдет транзакция. И это еще не бабушкин Deutsche Bank, это модный ING.\r\n\r\nСкажите спасибо, что скретч-карты отменили. Для них это настолько прогрессивно, что они фичерят это на главной странице сайта, сук))0))\r\n\r\nУх, бомбит.", "url": null, "metadata": {"battle": {"side": "b"}}, "created_at": "2020-04-24T19:29:54.235417", "updated_at": "2020-05-02T21:13:15.225260", "upvotes": 45, "is_visible": true, "is_deleted": false, "is_pinned": false}