{"comments": [{"id": "4e0660e8-c658-477c-b6e9-ee2af5535845", "author_id": "7cf213ae-613e-40d7-926a-ac976e92a598", "post_id": "84708982-56d8-4e40-be04-957e58d880e1", "post_title": "Валить или Остаться", "reply_to_id": "f6787829-4b2b-4bce-851d-9c03835092d5", "title": null, "text": "сам открывал в этом ING этот онлайн-конто полтора месяца, подписываюсь под каждым словом; с другой стороны, я лучше буду юзать банки с интерфейсом 90-х, чем трястись со страхом стать раскулаченным, как живут большинство россиян с деньгами (см. новость про триллион вытащенных с вкладов денег после обращения путена)", "url": null, "metadata": null, "created_at": "2020-04-30T13:06:29.959155", "updated_at": "2020-05-02T21:13:15.238871", "upvotes": 4, "is_visible": true, "is_deleted": false, "is_pinned": false}, {"id": "294224e9-3b13-459d-b1e8-4502157f2bc8", "author_id": "367235f7-0711-4843-afd1-1b0d0ae36081", "post_id": "84708982-56d8-4e40-be04-957e58d880e1", "post_title": "Валить или Остаться", "reply_to_id": "f6787829-4b2b-4bce-851d-9c03835092d5", "title": null, "text": "У нас тут в Свиссе вообще через почту) Вообще все, как будто и не существует никаких кампуктеров", "url": null, "metadata": null, "created_at": "2020-05-02T00:03:00.659920", "updated_at": "2020-05-02T21:13:15.247843", "upvotes": 1, "is_visible": true, "is_deleted": false, "is_pinned": false}, {"id": "8bfc94b1-f1cb-4e3c-8de3-12d4265f3707", "author_id": "8957ffc4-db90-44ef-b30d-30f3d1fa007e", "post_id": "84708982-56d8-4e40-be04-957e58d880e1", "post_title": "Валить или Остаться", "reply_to_id": "f6787829-4b2b-4bce-851d-9c03835092d5", "title": null, "text": "@ganqqwerty, коль скоро мы в Свиссе, рекомендую neon-free.ch — всё даром, счёт открывается полностью онлайн, через неделю активируется приложение и присылают карту почтой. Одну карту, Карл, вместо трёх в UBS. Попробовал на себе — будто в другой мир попал.", "url": null, "metadata": null, "created_at": "2020-05-02T10:48:26.049122", "updated_at": "2020-05-02T21:13:15.270080", "upvotes": 2, "is_visible": true, "is_deleted": false, "is_pinned": false}, {"id": "0c25e020-3463-4562-a844-966a450cbaef", "author_id": "367235f7-0711-4843-afd1-1b0d0ae36081", "post_id": "84708982-56d8-4e40-be04-957e58d880e1", "post_title": "Валить или Остаться", "reply_to_id": "f6787829-4b2b-4bce-851d-9c03835092d5", "title": null, "text": "@zahhar, вообще первый раз слышу, сейчас изучу, спасибо!", "url": null, "metadata": null, "created_at": "2020-05-02T12:40:39.663490", "updated_at": "2020-05-02T21:13:15.284672", "upvotes": 0, "is_visible": true, "is_deleted": false, "is_pinned": false}, {"id": "89c4d1dc-20bd-45a1-a258-5cf4c24e8f33", "author_id": "e74457ee-72b2-4d3c-9603-509b5707d6f8", "post_id": "84708982-56d8-4e40-be04-957e58d880e1", "post_title": "Валить или Остаться", "reply_to_id": "f6787829-4b2b-4bce-851d-9c03835092d5", "title": null, "text": "В Норвегии просто заполняешь форму онлайн и подтверждаешь личность на почте, а если ты добыл себе bankid (первый банк его выдает), то счёт в любом другом банке открывается за 10 минут. Но никакого кешбека даже близко)", "url": null, "metadata": null, "created_at": "2020-05-08T17:53:13.305500", "updated_at": "2020-05-08T17:53:13.874526", "upvotes": 0, "is_visible": true, "is_deleted": false, "is_pinned": false}, {"id": "51cd0a14-9607-466d-83f7-419d990b37cf", "author_id": "0f4bce84-7087-4e89-8b69-24a22b911f54", "post_id": "84708982-56d8-4e40-be04-957e58d880e1", "post_title": "Валить или Остаться", "reply_to_id": "f6787829-4b2b-4bce-851d-9c03835092d5", "title": null, "text": "А почему так, если все лучшие умы и самые передовые технологии там, что мешает? Средневековое законодательство или это экономически никому не нужно?", "url": null, "metadata": null, "created_at": "2020-05-10T11:02:34.367070", "updated_at": "2020-05-10T11:02:36.631172", "upvotes": 0, "is_visible": true, "is_deleted": false, "is_pinned": false}, {"id": "a58fb4f9-2627-474a-a611-12f54b9511c1", "author_id": "3b579df5-c946-4df7-a97d-d80658b89e95", "post_id": "84708982-56d8-4e40-be04-957e58d880e1", "post_title": "Валить или Остаться", "reply_to_id": "f6787829-4b2b-4bce-851d-9c03835092d5", "title": null, "text": "В Гермахе хоть какое-то подобие безконтактных систем есть. В Бельгии оплата часами... нет, не слышали. :) Даже телефон только со специальным приложением и то не со всеми банками и не всегда работает.", "url": null, "metadata": null, "created_at": "2020-05-19T13:50:34.169362", "updated_at": "2020-05-19T13:50:34.577307", "upvotes": 0, "is_visible": true, "is_deleted": false, "is_pinned": false}, {"id": "21cf32d6-9837-456c-9adc-357ea7fecac9", "author_id": "3337500e-ae6f-4b62-a618-c6ea45b3f539", "post_id": "84708982-56d8-4e40-be04-957e58d880e1", "post_title": "Валить или Остаться", "reply_to_id": "f6787829-4b2b-4bce-851d-9c03835092d5", "title": null, "text": "@MarinaK, \r\n- обилие легаси (отсюда низкая скорость деливери)\r\n- более высокий возраст банковского сектора (много клиентов, имеющих счета/тарифы возрастом в десятки лет, которые никуда дёргаться не будут)\r\n- низкие процентные ставки (нечем отжимать новых клиентов у конкурентов)\r\n- наличие профсоюзов (бабу Валю, перекладывающую бумажки просто так не заменишь на автоматизацию, не дадут)", "url": null, "metadata": null, "created_at": "2020-05-19T13:55:47.489720", "updated_at": "2020-05-19T13:55:50.837182", "upvotes": 1, "is_visible": true, "is_deleted": false, "is_pinned": false}]}