{"id": "544e6011-7323-4fd2-8a4f-9fdb1c68f5db", "slug": "menewnewnvas3kru", "email": "me+newnewn@vas3k.ru", "full_name": "me+newnewn vas3k.ru", "avatar": null, "company": null, "position": null, "city": null, "country": null, "bio": null, "contact": null, "hat": null, "balance": 0, "upvotes": 0, "created_at": "2020-07-16T16:35:19.373508", "updated_at": "2020-08-22T09:39:30.920122", "last_activity_at": "2020-08-22T09:45:10.589088", "membership_started_at": "2020-07-16T16:35:19.333556", "membership_expires_at": "2070-07-05T16:35:19.333556", "membership_platform_type": "direct", "patreon_id": null, "email_digest_type": "weekly", "telegram_id": null, "telegram_data": null, "stripe_id": null, "is_email_verified": true, "is_email_unsubscribed": false, "moderation_status": "approved", "roles": []}