{"id": "c2c6fc11-d58a-4aa7-9953-c20c9c5647dc", "author_id": "a5cfe720-3b53-41fd-b49c-b18e8abceb8a", "post_id": "e5b72874-6c6a-4aef-8747-5760874f2bd7", "post_title": "А как вообще развивать собственные бложеки?", "reply_to_id": null, "title": null, "text": "Пробить круг общения всегда нелегко, знаю по себе. Где-то на втором круге (друзья друзей) стоит стена, через которую придётся прыгать несколько лет.\r\n\r\nКонечно, всегда есть шанс, что ты напишешь что-нибудь эдакое, тебя репостнет VC, TJ или кто там тогда будет популярен, и дальше как-то закрутится, но я обычно предпочитаю не рассчитывать на чудо.\r\n\r\nДля начала я бы просто писал. Для себя, для друзей, вообще насрать. Большинство тупо выдыхается после второго-третьего поста и мысли о будущем тут уже отпадут сами по себе.\r\n\r\nЕсли справишься, найдешь свою тему (или их примерный набор) и формат (по-умолчанию всем рекомендую короткие посты с максимумом личного опыта и картинок) — велкам на следующий круг.\r\n\r\nНезашкварных вариантов раскрутки я вижу два: **платформы** и **коллабы**.\r\n\r\nПлатформа — это когда ты постишь ссылки на свои посты, например, сюда в Клуб. Тебя начинают любить, ты общаешься в комментах, пост выходит в топы, народ подписывается на тебя, профит. Ты пробил круг знакомых.\r\n\r\nКоллабы — это ходить лично к блогерам или другим чувакам из профильной тусовки и делать что-то вместе. Тут главное не душнить и включить смекалочку. Представь себя на месте того, от кого ты что-то хочешь, и поймешь что ему предложить взамен.\r\n\r\nЗашкварные варианты типа покупки рекламы на фейсбуке или накрутку подписчиков не рассматриваем. Они не работают.", "url": null, "metadata": null, "created_at": "2020-05-21T17:41:49.680755", "updated_at": "2020-05-26T07:23:01.009939", "upvotes": 5, "is_visible": true, "is_deleted": false, "is_pinned": false}