{"id": "79485f33-dba3-41da-a6d2-c068e7d5b28f", "author_id": "a5cfe720-3b53-41fd-b49c-b18e8abceb8a", "post_id": "1c778be3-4e33-4a9c-a63e-801025039bdb", "post_title": "#intro от @Murka", "reply_to_id": null, "title": null, "text": "Привет. Ты удалил интро, тем самым нарушив пункт 2 правил Клуба: https://vas3k.club/docs/about/#rules \r\n\r\nМне придется деактивировать твой аккаунт и направить его на повторную модерацию.", "url": null, "metadata": null, "created_at": "2020-05-06T17:11:56.124094", "updated_at": "2020-05-06T17:12:04.968224", "upvotes": 0, "is_visible": true, "is_deleted": false, "is_pinned": false}