{"id": "fc3fc9f4-ce37-4d34-81f4-5baa6e5227e0", "author_id": "a5cfe720-3b53-41fd-b49c-b18e8abceb8a", "post_id": "73813f9d-47b1-4ab2-bb85-38813af2f87e", "post_title": "Пиши, сокращай", "reply_to_id": null, "title": null, "text": "Полностью согласен с Никитой по поводу\r\n\r\n> Проблема с инфостилем в том, что круто в нем про что угодно может писать только Ильяхов\r\n\r\nПрям как мои слова с языка снял. С момента выхода книги прошло почти пять лет и я до сих пор не вижу никого, кто бы хорошо писал инфостилем.\r\n\r\nЗато вижу кучу блогеров, которые поехали н кукухой на этой почве, и превратили свой нормальный авторский контент в ебучий набор клише, который зато набирает 9 баллов по главреду.\r\n\r\nЯ всё еще считаю, что человека, впервые прочитавшего «Пиши, сокращай», нельзя публиковать ближайшие два года.\r\n\r\nМаксим, однако, в этом абсолютно не виноват. И книга охуенная сама по себе. Я бы прямо сейчас не думая купил такую же по англискому языку, например.\r\n\r\nНесмотря на все недостатки, я продолжаю ее рекомендовать и говорить, что мне лично она очень помогла на пути. Но не знанием того, как правильно удалять вводные слова, а скорее одной общей идеей, которой пронизано всё творчество Ильяхова, и которую мало кто почему-то осознаёт до конца.\r\n\r\nВСЕГДА ДУМАЙ О ТОМ, КТО БУДЕТ ЭТО ЧИТАТЬ. ПИШИ С ПОЛЬЗОЙ ДЛЯ ЧИТАТЕЛЯ.\r\n\r\nКасается не только текстов, кстати. Вообще всего.", "url": null, "metadata": null, "created_at": "2020-05-13T22:15:55.467745", "updated_at": "2020-05-13T22:17:26.421225", "upvotes": 8, "is_visible": true, "is_deleted": false, "is_pinned": false}