{"comments": [{"id": "1d58bbc8-d681-4ef0-85a9-0e352ff16bcb", "author_id": "2423f83e-32a5-4742-96c4-10c3ba320601", "post_id": "73813f9d-47b1-4ab2-bb85-38813af2f87e", "post_title": "Пиши, сокращай", "reply_to_id": "fc3fc9f4-ce37-4d34-81f4-5baa6e5227e0", "title": null, "text": ">Я бы прямо сейчас не думая купил такую же по англискому языку, например.\r\nThe Elements of Style :)", "url": null, "metadata": null, "created_at": "2020-05-14T06:36:45.770165", "updated_at": "2020-05-14T06:36:46.078832", "upvotes": 6, "is_visible": true, "is_deleted": false, "is_pinned": false}, {"id": "4d2bba36-a51c-4640-804a-2273277c2230", "author_id": "a5cfe720-3b53-41fd-b49c-b18e8abceb8a", "post_id": "73813f9d-47b1-4ab2-bb85-38813af2f87e", "post_title": "Пиши, сокращай", "reply_to_id": "fc3fc9f4-ce37-4d34-81f4-5baa6e5227e0", "title": null, "text": "@angelooooook, целую руки", "url": null, "metadata": null, "created_at": "2020-05-14T09:08:10.626816", "updated_at": "2020-05-14T09:08:10.883035", "upvotes": 1, "is_visible": true, "is_deleted": false, "is_pinned": false}, {"id": "b9158764-e79f-4387-ad9b-1c7b76210ec2", "author_id": "c2e0c583-368c-45d6-8dac-d8d902d6500b", "post_id": "73813f9d-47b1-4ab2-bb85-38813af2f87e", "post_title": "Пиши, сокращай", "reply_to_id": "fc3fc9f4-ce37-4d34-81f4-5baa6e5227e0", "title": null, "text": "Ильяхов последний год что ли продвигает мантру, которой в принципе пронизано его творчество, но вот выкристаллизовалось оно кмк недавно:   **В любой непонятной ситуации пойми ситуацию**.  Золотые слова.", "url": null, "metadata": null, "created_at": "2020-05-14T10:53:18.888208", "updated_at": "2020-05-14T10:53:19.232989", "upvotes": 4, "is_visible": true, "is_deleted": false, "is_pinned": false}]}