{"id": "f749f82a-6f2c-4332-acf9-c96d2b0fb610", "author_id": "a5cfe720-3b53-41fd-b49c-b18e8abceb8a", "post_id": "dda661d9-d382-434d-baa8-91244553631e", "post_title": "\"Барный трюк\" как отличить пилотируемый пуск ракеты", "reply_to_id": "9b6232d8-9ffa-48a8-bf9b-3bfde9380df6", "title": null, "text": "Я тоже минуты две думал, что речь идет про вот эти торчащие штуки, похожие на откидные сиденья в метро :D\r\n\r\nТолько потом понял, что это про всю верхнюю пипирку. Надо больше схемок и устройств работы для тупых как я.", "url": null, "metadata": null, "created_at": "2020-04-25T10:33:51.031406", "updated_at": "2020-05-03T13:02:59.936680", "upvotes": 0, "is_visible": true, "is_deleted": false, "is_pinned": false}