{"id": "e55e711c-b0d0-4548-8431-48a4214695e5", "author_id": "a5cfe720-3b53-41fd-b49c-b18e8abceb8a", "post_id": "7104ebf7-1549-4f2d-9284-022b8f6e85b3", "post_title": "На смерть Каучсерфинга", "reply_to_id": "a76d9083-1963-40a1-b9b5-cd5e7c6a8c43", "title": null, "text": "@ArtemGolovin, а чо, можно подумать. Как раз сейчас прорабатываю раздел «Члены Клуба» с картой, фильтрами по интересам и всем таким. Могу сделать кнопочки типа «готов вместе выпить», «готов показать офис» и даже «готов вписать на ночь». Посмотрим как много тут таких отчаянных!", "url": null, "metadata": null, "created_at": "2020-05-20T09:54:19.963078", "updated_at": "2020-05-20T09:54:39.829202", "upvotes": 2, "is_visible": true, "is_deleted": false, "is_pinned": false}