{"id": "0316939a-b0f5-4b18-9ee0-1513058c8114", "author_id": "a5cfe720-3b53-41fd-b49c-b18e8abceb8a", "post_id": "e6ee4dec-5169-407b-8a8d-fb3bde6adfa9", "post_title": "Дарю две лицензии на Luminar 4 [ушли]", "reply_to_id": null, "title": null, "text": "Окей, обе лицензии ушли. Теперь ваша очередь разводить кумовство. Тащите тоже у кого что есть.", "url": null, "metadata": null, "created_at": "2020-04-22T12:05:27.859180", "updated_at": "2020-05-02T23:07:08.956664", "upvotes": 1, "is_visible": true, "is_deleted": false, "is_pinned": false}