{"id": "2abcabee-afaf-4123-a218-01282aab84a8", "slug": "beta", "author_id": "a5cfe720-3b53-41fd-b49c-b18e8abceb8a", "type": "post", "topic": null, "label": null, "title": "Вастрик.Клуб: запускаем бету", "text": "Штош. Теперь всё по-настоящему. На карантине меня появилась куча времени чтобы подумать о будущем Клуба и вот к какой мысли я пришел.\r\n\r\n> Коммьюнити должно быть полезным само по себе\r\n\r\nБложек — это хорошо, но вся практика построения масштабируемых и отказоустойчивых систем учит нас, что жирный монолит всегда становится узким местом.\r\n\r\nСейчас эта точка отказа — я. Местами я уже не тяну и получается хуёво. Пора децентрализовывать и делегировать эту полезность.\r\n\r\nОтчасти проблему решают чатики. Они архи-полезны, но надо проводить в них кучу времени, чтобы эту пользу извлекать. Отвлёкся — проиграл. Даже мне иногда тяжело следить за тем, что там происходит. Это хардкор, в который могут 2-3% людей.\r\n\r\nЛюди снаружи чатиков постоянно просят сделать «подборку интересного за сутки» — это тоже стало одной из причин создания вот этого всего. В чатах много годноты, но она быстро утопает в полотне срачей.\r\n\r\nТак появилась идея сделать единое место для всех. Свой реддит, лепру, хакерньюс, индихакерс, пикабу, или как еще люди будут это называть :)\r\n\r\n![](https://i.vas3k.club/37.png)\r\n\r\n\r\n## Что здесь происходит?\r\n\r\n### Новое коммьюнити\r\n\r\nК сожалению, что бы я ни делал, у меня всегда получается коммьюнити. Даже в 2007 году у нас был свой форум для айтишников в городской сети. Я много лет слежу за тем, как эти штуки работают, и в последние 2-3 года мне стало заметно одно: **все нормальные коммьюнити в рунете сдохли.**\r\n\r\nНемного стрёмно жить в мире, где самым мощным коммьюнити является, по факту, пикабу (без шуток). Вся надежда была на VC и TJ, но после исхода главредов полгода назад, они стали стремительно катиться в ад, превращаясь в тот же пикабу.\r\n\r\nНо это означает лишь одно — начнут появляться коммьюнити «новой волны». Более маленькие и децентрализованные. Так уже произошло в англоговорящем интернете пару лет назад. Ну и у нас есть шанс.\r\n\r\nЯ сейчас реально не вижу сильных игроков, а наша идея про «закрытость ради открытости» пока всем нравится. Даже за доллар.\r\n\r\n### Площадка под новые форматы\r\n\r\nВся эта штука абсолютно кастомная. Код я тоже чуть позже покажу и вы даже сможете туда коммитить.\r\n\r\nТакая гибкость даёт возможность херачить какие угодно форматы и движухи. В ближайших планах запилить «Батлы», как были на старом Вастрик.ру — чтобы организовывать аргументированные срачи про iOS vs Android или «Валить» vs «Остаться», а не выливать их в многочасовые душные тирады в чатах.\r\n\r\nЕще думаю о ебанутом «Искусственном Интеллекте», который был обладал властью над всеми и банил людей по ночам потому что они Олег. Диких идей дофига, плюс есть аудитория, готовая к экспериментам.\r\n\r\nИз того, что вошло в первую версию, сейчас имеется: \r\n\r\n#### 📝 Посты\r\n\r\nВот как этот. Совсем не ожидаю, что люди будут писать сюда прям лонгриды. Не хотелось бы превращать это всё в хабр. Но нам же нужно место, где мы будем что-то писать друг другу.\r\n\r\nУ постов офигенный редактор, как я давно хотел. Чистый Markdown, типа как на гитхабе. Там он почти идеален. Никаких всратых визуализаций как в Слаке. \r\n\r\nМаркдаун не простой, а умный: вставили ссылку на YouTube — она заэмбедилась как видео. Ссылку на твит — появилось превью твита. Список поддерживаемых форматов будем расширять. Драг-н-дропнули картинку — она загрузилась на наш сервер и вставилась тегом.\r\n\r\nИмхо, в 2020-м редакторы должны быть именно такими. Умными, но не раздражающими.\r\n\r\nКстати, в комментариях такой же. Только без интерфейса, полностью на шоткатах и синтаксисе. Хардкор для самых смелых :)\r\n\r\n####  🔗 Ссылки\r\n\r\nНаш местный Hacker News. Думаю, это будет основной по активности раздел. Буду сюда приносить всю годноту, что нахожу в интернете.\r\n\r\nПод ссылками будет машинное саммари, как на Infomate. Пока тупое, потом будем подключать туда нейросети, если вдруг кому захочется. Для некоторых сайтов типа тех же гитхабов и ютюбов написаны специальные парсеры.\r\n\r\nСамое крутое — постить ссылки через телеграм-бота. Форварднул ему сообщение, он распарсил текст, ссылку, заголовок, и запостил его. Но об этом ниже.\r\n\r\n#### 🤔 Вопросы Клубу\r\n\r\nНе как Stackoverflow, а скорее как Quora. Разница в более широких вопросах, не обязательно имеющих единственно верный ответ. Любые темы вплоть до самых философских.\r\n\r\nАвторы вопросов могут пинить понравившиеся им ответы. В принципе, как и в любых других постах. Автор имеет практически власть модераторов под своими постами. Разве что не может редактировать чужие комменты. По понятным причинам.\r\n\r\n![](https://i.vas3k.club/38.png)\r\n\r\n#### 😭 Расскажи где болит&trade;\r\n\r\nВозрождение старого доброго формата с Вастрик.ру. Книга для жалоб на всё вокруг, которые могут быть использованы как для поиска подходящего инструмента, так и для вдохновения на его создание.\r\n\r\nПишите туда каждый раз, когда у вас есть проблема, а инструмента для ее решения нет.\r\n\r\n#### 🏗 Проекты\r\n\r\nАналог Show HN. Полюбившийся всем формат еще с раннего бета-теста Клуба. \r\n\r\nСуть в том, что ты показываешь людям свой пет-проджект или другую штуку, над которой работаешь. Делишься инсайдами (это главное), тешишь самолюбие, радуешься трафику, просишь критики или помощи у Клуба.\r\n\r\nКстати, любой из постов может быть как доступен извне, так и только членам клуба. Автор сам решает. По факту, вы можете использовать Клуб как площадку для блога, если он вам надо.\r\n\r\n\r\n### Телеграм бот\r\n\r\n> Встречайте — [ВСРАТЫЙ  A.I.](https://t.me/vas3k_club_bot) 🤖\r\n\r\nФишка бота в том, что он активируется когда вы привязываете его к аккаунту и по сути задуман как текстовый интерфейс к сайту (CLI, кек). Сейчас он очень глупый и умеет две вещи:\r\n\r\n- 💬 **Присылать вам новые комменты и реплаи.** Намного удобнее, чем засорять почтовый ящик бесконечными оповещалками.\r\n- ✏️**Постить посты или ссылки.** Ему можно форварднуть любой текст, пост или ссылку, и он предложить запостить ее на сайт.\r\n- ↩️**Отвечать на комменты.** Если реплайнуть в телеграме на какой-то коммент, то ваше сообщение автоматом запостится как реплай на сайте. Работает даже в групповых чатах!\r\n\r\nТолько для тех, у кого привязан аккаунт, естественно. Остальных бот обучен игнорировать.\r\n\r\nВ будущем именно через него будет происходить вся автоматизация клубных чатиков. Крутая штука, мне нравится.\r\n\r\n\r\n### Канал Клуба\r\n\r\n> Наконец-то у нас есть телеграм-канал — [Вастрик.Клуб](https://t.me/joinchat/AAAAAFCgiY782fhbH7bZYQ)\r\n\r\nТуда будут высираться лучшие посты, одобренные мной и модераторами, ну и мы же туда сможем писать. Подпишитесь, да.\r\n\r\n\r\n### Журнал Клуба\r\n\r\nРаз в неделю по понедельникам будет выходить официальная рассылка Клуба, где будет как редакторская часть (я пишу её сам!), так и сгенерированные Искусственным Интеллектом&trade; подборки тем и лучших постов за неделю.\r\n\r\nМожно официально считать это возрождением Вастрик.Инсайда в версии 2.0. Теперь в децентрализованном и коллективном формате, где годноту вам приношу не только я, а все.\r\n\r\nПо факту это самый удобный способ следить за всем происходящим для тех, у кого совсем нет времени торчать на сайте. Такие нам нужны!\r\n\r\nЯ же буду по прежнему отбирать что попадает в рассылку, а что нет. Буду следить за её качеством, потом что я всё еще не верю в самоорганизацию. Потом посмотрим.\r\n\r\nНа рассылку подписаны по-умолчанию все, но каждый может отписаться в настройках профиля.\r\n\r\n![](https://i.vas3k.club/35.jpg)\r\n\r\n\r\n\r\n## Что делать сейчас?\r\n\r\nТо, что вы видите сейчас — это софт-лаунч. Я решил запускать Клуб без громких анонсов со свойственными им волнами говноедов, сметающих всё на своём пути душными комментами «и зачем нам нужен еще один Х».\r\n\r\nСначала приглашал только тех людей, в ком был уверен, и просил их приглашать своих таких же. Так мы жили несколько недель в режиме секретной закрытой беты.\r\n\r\nТеперь же пришло время открывать Клуб и для всех остальных донатеров. Надеюсь, мы выживем. Иначе какое мы коммьюнити без людей-то.\r\n\r\n### 🤙 Первое — комментить!\r\n\r\nВ обычной жизни я терпеть не могу писать комменты, а тут прям как-то хорошо получается. Полезные дискуссии заводятся на раз.\r\n\r\nИменно атмосфера в комментариях и формирует коммьюнити. Поэтому её было сложно добиться в бложеке, где большинство комментов было обращено автору и не создавало общей тусовки. \r\n\r\n> В Клубе же хорошие комментарии даже более важны, чем сами посты\r\n\r\nНе все тут профессиональные писатели, тонко чувствующие интересы аудитории. Комментарии часто лучший способ вытащить наружу самое интересное.\r\n\r\nПотому именно комменты сейчас поднимают посты вверх (как на дёрти), а не какой-то там алгоритм.\r\n\r\nКомменты поддерживают все те же фишки со встраиванием видео и разметкой текста, как и посты. Только вам решать как этой силой пользоваться. Или нет.\r\n\r\nНу и не забывайте, что у авторов есть мини-банхамер под своими постами. Так что будьте вежливы и взаимовыгодны.\r\n\r\n\r\n\r\n### 📝 Второе — постить\r\n\r\nЯ не хочу превращать это в очередной хабр, где программисты бубнят про фреймворки. Я характеризую Вастрик.Клуб как лайфстайл-техно-коммьюнити. С ударением именно на лайфстайл. \r\n\r\nТуториалы мне и так есть где почитать, а вот мест, где я бы мог услышать откровения тех-директора стартапа, отчет о поездке в Антарктиду или историю провала пет-проджекта, я знаю немного.\r\n\r\nТолько не торопитесь сразу бежать сейчас всё постить. На запуске всегда творится ажиотаж, каждый хочет высказаться, потому количества всегда больше, чем качества. Сейчас же мы целимся больше именно в качество, потому будет абсолютно нормально, если вы подумаете пару дней о том, что хотите написать, и соберетесь с мыслями.\r\n\r\nВот пара идей для первого поста:\r\n\r\n- **Расскажите о книжках, которые на вас повлияли.** В жизни или в последнее время. У нас есть целый [Книжный Клуб](https://vas3k.club/feed/topic/books/) для этого.\r\n- **Расскажите о своих личных проектах.** Не важно, программирование это, подкаст или деревянные табуретки. Всем будет интересно послушать чем вы занимаетесь в свободное время. Только расскажите побольше подробностей и инсайдов. Не надо делать это рекламным постом (такое модераторы буду удалять).\r\n- **Тащите сюда самые лучшие ссылки, которые найдете.** Чтобы прям максимальное сочетание времени прочтения к пользе от информации. Смехуечки пока не.\r\n- **Напишите тот самый пост, который вы давно хотели написать, но у вас не было платформы.** Тут вас есть кому читать и вы всегда сможете дать ссылку друзьям, если отметите пост доступным извне.\r\n\r\n\r\n### 🌎 Третье — распространять контент\r\n\r\nМногие посты открыты на паблик, ими не только можно, но и нужно делиться. Их авторы будут дико довольны увидеть репост своего поста или ссылки в твиттере.\r\n\r\n\r\n### 💻 Четвертое — начинать опенсорс \r\n\r\nСейчас тут еще много багов, но мы начинаем потихоньку открывать код. \r\n\r\n- Вот гитхаб с кодом: https://github.com/vas3k/vas3k.club\r\n- Баги, идеи и фичереквесты добавляйте в issues с правильным лейблом: https://github.com/vas3k/vas3k.club/issues\r\n- Вот Трелла для наблюдения за разработкой: https://trello.com/b/SAbS5JiI/\r\n\r\nЕстественно, не всё сразу. На гитхабе пока даже README нормального нет. Работы еще дофига. Планов еще больше.\r\n\r\nТак что давайте начинать, но не ехать кукухой без повода. Модераторы бдят за всем в реальном времени, у них админка еще более охуенная, чем всё остальное здесь. Но об этом расскажу как-нибудь потом.", "url": null, "image": null, "metadata": null, "created_at": "2020-04-15T08:50:25.318858", "updated_at": "2020-05-25T14:55:28.808754", "last_activity_at": "2020-05-20T20:07:23.401355", "comment_count": 72, "view_count": 1761, "upvotes": 225}