{"comments": [{"id": "ef3712bb-6dfe-492f-a95b-1b2bb34dff22", "author_id": "089e0f1d-c0ee-4ded-b72d-da5158b3030c", "post_id": "2abcabee-afaf-4123-a218-01282aab84a8", "post_title": "Вастрик.Клуб: запускаем бету", "reply_to_id": null, "title": null, "text": "Допустим, хочу сделать блогпост. Правда, я уже задумал его делать для своего патреона. Что лучше, вставить сюда ссылкой или прям перепостить? Расскажи своё видение.", "url": null, "metadata": null, "created_at": "2020-04-15T10:33:56.156681", "updated_at": "2020-05-25T14:55:29.917488", "upvotes": 2, "is_visible": true, "is_deleted": false, "is_pinned": false}, {"id": "704b1526-2fd8-4415-af97-eb552d11afde", "author_id": "a5cfe720-3b53-41fd-b49c-b18e8abceb8a", "post_id": "2abcabee-afaf-4123-a218-01282aab84a8", "post_title": "Вастрик.Клуб: запускаем бету", "reply_to_id": "ef3712bb-6dfe-492f-a95b-1b2bb34dff22", "title": null, "text": "Думаю, можно и так и так. Я не планирую запрещать кросс-посты как Хабр. Это какая-то дичь.\r\n\r\nПост или линк — вопрос личного вкуса. Мне, например, чисто эстетически не нравится как выглядят длинные посты на патреоне. Я прям ломаю глаза когда их читаю.\r\n\r\nТут каждый выбирает сам. Если автор ведёт свой блог, парится о полезном контенте и растит аудиторию — я рекомендую давать ссылки прямо туда. Так автор получит прямой траф, подписчиков, донаты, а это хорошо для всех.\r\n\r\nОсновная же задача постов здесь скорее в том, чтобы дать площадку тем, у кого нет своих блогов вообще. Fuck Medium в общем.", "url": null, "metadata": null, "created_at": "2020-04-15T10:50:03.194616", "updated_at": "2020-05-25T14:55:30.005776", "upvotes": 11, "is_visible": true, "is_deleted": false, "is_pinned": false}, {"id": "c9901597-fc6a-42b5-b638-638ed47f5b76", "author_id": "4d811588-d282-4ca2-8a8f-b533426e9895", "post_id": "2abcabee-afaf-4123-a218-01282aab84a8", "post_title": "Вастрик.Клуб: запускаем бету", "reply_to_id": null, "title": null, "text": "Вастрик, преклоняюсь перед энергией, рукастостью, инициативой, пользой и tone of voice всей этой машинерии. Респект!", "url": null, "metadata": null, "created_at": "2020-04-19T21:25:47.460764", "updated_at": "2020-05-25T14:55:29.018599", "upvotes": 75, "is_visible": true, "is_deleted": false, "is_pinned": false}, {"id": "0c4bb25b-3e6b-4464-bff4-b258f42092a5", "author_id": "afbee1cf-664b-438e-9d02-7ca26fdae9f5", "post_id": "2abcabee-afaf-4123-a218-01282aab84a8", "post_title": "Вастрик.Клуб: запускаем бету", "reply_to_id": null, "title": null, "text": "В правилах, в секции \"Участие в разработке и опенсорс\" есть ссылки на GitHub. Но все ведут на 404. Я так понял репа приватная. Возможно стоит убрать ссылки, пока ты не готов открыть код миру?", "url": null, "metadata": null, "created_at": "2020-04-20T11:40:49.957079", "updated_at": "2020-05-25T14:55:31.487538", "upvotes": 0, "is_visible": true, "is_deleted": false, "is_pinned": false}, {"id": "e617befb-f90c-442f-90c3-30daf38edb37", "author_id": "a5cfe720-3b53-41fd-b49c-b18e8abceb8a", "post_id": "2abcabee-afaf-4123-a218-01282aab84a8", "post_title": "Вастрик.Клуб: запускаем бету", "reply_to_id": "0c4bb25b-3e6b-4464-bff4-b258f42092a5", "title": null, "text": "Код откроется вместе с выходом проекта из беты. Слово \"бета\" как бы подразумевает то, что не все вещи сейчас работают. Многие штуки переписываюстя и правятся прямо сейчас поверх. Конкретно эту проблему я не считаю критической на данном этапе, чтобы два раза ради неё вставать.", "url": null, "metadata": null, "created_at": "2020-04-20T11:48:04.832656", "updated_at": "2020-05-25T14:55:31.565748", "upvotes": 2, "is_visible": true, "is_deleted": false, "is_pinned": false}, {"id": "fc1a26b7-19d2-49d3-b6f9-1a167e12384f", "author_id": "a5cfe720-3b53-41fd-b49c-b18e8abceb8a", "post_id": "2abcabee-afaf-4123-a218-01282aab84a8", "post_title": "Вастрик.Клуб: запускаем бету", "reply_to_id": "0c4bb25b-3e6b-4464-bff4-b258f42092a5", "title": null, "text": "Ты писька!", "url": null, "metadata": {"telegram": {"message": {"chat": {"id": -1001168227240, "type": "supergroup", "title": "Вастрик.Клуб: Админка"}, "date": 1587411561, "from": {"id": 5613595, "is_bot": false, "username": "vas3k", "first_name": "Вастрик", "language_code": "en"}, "text": "Ты писька!", "photo": [], "entities": [], "message_id": 589, "new_chat_photo": [], "caption_entities": [], "new_chat_members": [], "reply_to_message": {"chat": {"id": -1001168227240, "type": "supergroup", "title": "Вастрик.Клуб: Админка"}, "date": 1587383284, "from": {"id": 921354081, "is_bot": true, "username": "vas3k_club_bot", "first_name": "THE A.I."}, "text": "💬 Новый реплай к посту «Вастрик.Клуб: закрытая бета для илиты» от vas3k\n\n Код откроется вместе с выходом проекта из беты. Слово &quot;бета&quot; как бы подразумевает то, что не все вещи сейчас работают. Многие штуки переписываюстя и правятся прямо сейчас поверх. Конкретно эту проблему я не считаю критической на данном этапе, чтобы два раза ради неё вставать.\n\n \n\nПосмотреть ➜", "photo": [], "entities": [{"type": "bold", "length": 20, "offset": 3}, {"url": "https://vas3k.club/post/beta/", "type": "text_link", "length": 37, "offset": 25}, {"url": "https://vas3k.club/user/vas3k/", "type": "text_link", "length": 5, "offset": 67}, {"type": "pre", "length": 290, "offset": 74}, {"url": "https://vas3k.club/post/beta/comment/e617befb-f90c-442f-90c3-30daf38edb37/", "type": "text_link", "length": 12, "offset": 366}], "message_id": 535, "new_chat_photo": [], "caption_entities": [], "new_chat_members": [], "delete_chat_photo": false, "group_chat_created": false, "channel_chat_created": false, "supergroup_chat_created": false}, "delete_chat_photo": false, "group_chat_created": false, "channel_chat_created": false, "supergroup_chat_created": false}, "update_id": 126024315, "_effective_chat": {"id": -1001168227240, "type": "supergroup", "title": "Вастрик.Клуб: Админка"}, "_effective_user": {"id": 5613595, "is_bot": false, "username": "vas3k", "first_name": "Вастрик", "language_code": "en"}}}, "created_at": "2020-04-20T19:39:22.075537", "updated_at": "2020-04-20T19:42:20.241518", "upvotes": 0, "is_visible": true, "is_deleted": true, "is_pinned": false}, {"id": "af7d2800-46e5-480e-862d-357143698873", "author_id": "a5cfe720-3b53-41fd-b49c-b18e8abceb8a", "post_id": "2abcabee-afaf-4123-a218-01282aab84a8", "post_title": "Вастрик.Клуб: запускаем бету", "reply_to_id": "0c4bb25b-3e6b-4464-bff4-b258f42092a5", "title": null, "text": "Сорян, это был тест бота :D\r\n\r\nТеперь через него можно реплаить на комменты в телеграме и они будут поститься на сайт. Вот это киберпанк!", "url": null, "metadata": null, "created_at": "2020-04-20T19:40:33.402292", "updated_at": "2020-05-25T14:55:31.625441", "upvotes": 4, "is_visible": true, "is_deleted": false, "is_pinned": false}, {"id": "c62049f9-c380-476d-96b0-e05fee99ce53", "author_id": "afbee1cf-664b-438e-9d02-7ca26fdae9f5", "post_id": "2abcabee-afaf-4123-a218-01282aab84a8", "post_title": "Вастрик.Клуб: запускаем бету", "reply_to_id": "0c4bb25b-3e6b-4464-bff4-b258f42092a5", "title": null, "text": "Огонь!", "url": null, "metadata": null, "created_at": "2020-04-20T20:43:57.490316", "updated_at": "2020-05-25T14:55:31.686872", "upvotes": 0, "is_visible": true, "is_deleted": false, "is_pinned": false}, {"id": "a407a429-757d-49c4-a8f9-52e51a9ed0d6", "author_id": "8adf8759-0978-4725-b7b3-93f9c1f613d8", "post_id": "2abcabee-afaf-4123-a218-01282aab84a8", "post_title": "Вастрик.Клуб: запускаем бету", "reply_to_id": null, "title": null, "text": "Идея супер, спасибо! А можно чтобы показывалось количество либо просто наличие новых непрочитанных ответов в \"Вопросах Клубу\"?", "url": null, "metadata": null, "created_at": "2020-04-21T03:50:57.069941", "updated_at": "2020-05-25T14:55:31.777083", "upvotes": 0, "is_visible": true, "is_deleted": false, "is_pinned": false}, {"id": "508965a2-8f1d-4784-83eb-07f5f3d24b7b", "author_id": "a5cfe720-3b53-41fd-b49c-b18e8abceb8a", "post_id": "2abcabee-afaf-4123-a218-01282aab84a8", "post_title": "Вастрик.Клуб: запускаем бету", "reply_to_id": "a407a429-757d-49c4-a8f9-52e51a9ed0d6", "title": null, "text": "Эта фича уже в ближайшем TODO", "url": null, "metadata": {"telegram": {"message": {"chat": {"id": 5613595, "type": "private", "username": "vas3k", "first_name": "Вастрик"}, "date": 1587452456, "from": {"id": 5613595, "is_bot": false, "username": "vas3k", "first_name": "Вастрик", "language_code": "en"}, "text": "Эта фича уже в ближайшем TODO", "photo": [], "entities": [], "message_id": 263, "new_chat_photo": [], "caption_entities": [], "new_chat_members": [], "reply_to_message": {"chat": {"id": 5613595, "type": "private", "username": "vas3k", "first_name": "Вастрик"}, "date": 1587441057, "from": {"id": 921354081, "is_bot": true, "username": "vas3k_club_bot", "first_name": "THE A.I."}, "text": "💬 Новый коммент к вашему посту «Вастрик.Клуб: закрытая бета для илиты»\n\nMykola:  Идея супер, спасибо! А можно чтобы показывалось количество либо просто наличие новых непрочитанных ответов в &quot;Вопросах Клубу&quot;? \n\nПосмотреть ➜", "photo": [], "entities": [{"type": "bold", "length": 28, "offset": 3}, {"url": "https://vas3k.club/post/beta/", "type": "text_link", "length": 37, "offset": 33}, {"url": "https://vas3k.club/user/Mykola/", "type": "text_link", "length": 6, "offset": 73}, {"type": "pre", "length": 138, "offset": 81}, {"url": "https://vas3k.club/post/beta/comment/a407a429-757d-49c4-a8f9-52e51a9ed0d6/", "type": "text_link", "length": 12, "offset": 221}], "message_id": 262, "new_chat_photo": [], "caption_entities": [], "new_chat_members": [], "delete_chat_photo": false, "group_chat_created": false, "channel_chat_created": false, "supergroup_chat_created": false}, "delete_chat_photo": false, "group_chat_created": false, "channel_chat_created": false, "supergroup_chat_created": false}, "update_id": 126024321, "_effective_chat": {"id": 5613595, "type": "private", "username": "vas3k", "first_name": "Вастрик"}, "_effective_user": {"id": 5613595, "is_bot": false, "username": "vas3k", "first_name": "Вастрик", "language_code": "en"}}}, "created_at": "2020-04-21T07:00:57.083354", "updated_at": "2020-05-25T14:55:31.858144", "upvotes": 1, "is_visible": true, "is_deleted": false, "is_pinned": false}, {"id": "6fa6c95e-3613-47e0-9904-d2e1a90b6d8b", "author_id": "3ef20ac0-06b7-4881-b304-85c1b94bb1d7", "post_id": "2abcabee-afaf-4123-a218-01282aab84a8", "post_title": "Вастрик.Клуб: запускаем бету", "reply_to_id": "a407a429-757d-49c4-a8f9-52e51a9ed0d6", "title": null, "text": "Мне еще кажется, что у реплаев стоит показывать дату когда их оставили (было бы огонь если при наведении мышки на дату отображалось бы точное время).\r\n\r\nХотя скорее всего текущее поведение так и задумано, так что я не настаиваю", "url": null, "metadata": null, "created_at": "2020-04-21T07:44:07.896180", "updated_at": "2020-05-25T14:55:31.925469", "upvotes": 4, "is_visible": true, "is_deleted": false, "is_pinned": false}, {"id": "f9ca43fd-49bc-4f15-a51c-278f4a992ec6", "author_id": "4e988f2a-33ed-43ae-87f5-526fab0ea2c5", "post_id": "2abcabee-afaf-4123-a218-01282aab84a8", "post_title": "Вастрик.Клуб: запускаем бету", "reply_to_id": null, "title": null, "text": "Повёлся на призыв комментировать, а сформулировать сложно. В мыслях только фраза «Вот это мощь!»", "url": null, "metadata": null, "created_at": "2020-04-22T11:55:32.823450", "updated_at": "2020-05-25T14:55:32.001429", "upvotes": 0, "is_visible": true, "is_deleted": false, "is_pinned": false}, {"id": "d07e9349-5b49-4b89-affa-fc9997fbacfb", "author_id": "42a5b62b-0f63-48b3-ac17-b992ebe5fc96", "post_id": "2abcabee-afaf-4123-a218-01282aab84a8", "post_title": "Вастрик.Клуб: запускаем бету", "reply_to_id": null, "title": null, "text": "Нужно обязательно вспомнить как это — ~~сраться~~общаться в интернете, а то это почти забытый навык (эх, форумы, эх, ЖЖ...).\r\n\r\nДа и вообще, мне в последние годы стало сложнее заводить новые знакомства, а круг общения сузился до избранных бывших (даже не текущих!) коллег, и четырех игровых друзяшек, с которыми мы вместе аж с 2012 года. Что это? Лень? Боязнь выходить за границы привычного круга общения? Кажется, мне надо к специалисту :) \r\n\r\nКлуб, это классно :) а ещё тут все такие классные и интересные, есть у кого учиться и набираться вдохновения! Спасибо :)", "url": null, "metadata": null, "created_at": "2020-04-22T13:13:04.863363", "updated_at": "2020-05-25T14:55:30.097278", "upvotes": 2, "is_visible": true, "is_deleted": false, "is_pinned": false}, {"id": "4f33f503-0d9c-4732-9beb-520e4ee42978", "author_id": "a5cfe720-3b53-41fd-b49c-b18e8abceb8a", "post_id": "2abcabee-afaf-4123-a218-01282aab84a8", "post_title": "Вастрик.Клуб: запускаем бету", "reply_to_id": "d07e9349-5b49-4b89-affa-fc9997fbacfb", "title": null, "text": "> а то это почти забытый навык (эх, форумы, эх, ЖЖ...).\r\n\r\nДа, навык ведения аргументированных дискуссий на сайтах давно утерян, потому одна из главных фишек Клуба — что я научил телеграм-бота постить комменты и отправлять на них реплаи прямо из клубных чатов, где люди привыкли общаться. Думаю, это поможет :D\r\n\r\n> Что это? Лень? Боязнь выходить за границы привычного круга общения?\r\n\r\nЭто взросление. Мы становимся сложнее. В детстве ты подходил к поцану в песочнице и говорил «у меня тоже красная куртка, давай дружить», а теперь у вас должны сойтись примерно 100 разных вкусов и взглядов на все просто чтобы вы друг другу глотки не перегрызли. Так и живем. \r\n\r\nЧем сложнее наши миры — тем более они одиноки.", "url": null, "metadata": null, "created_at": "2020-04-22T14:46:07.365232", "updated_at": "2020-05-25T14:55:30.174142", "upvotes": 6, "is_visible": true, "is_deleted": false, "is_pinned": false}, {"id": "55f5d3c0-9dc8-469d-9113-1aa6b94af50d", "author_id": "42a5b62b-0f63-48b3-ac17-b992ebe5fc96", "post_id": "2abcabee-afaf-4123-a218-01282aab84a8", "post_title": "Вастрик.Клуб: запускаем бету", "reply_to_id": "d07e9349-5b49-4b89-affa-fc9997fbacfb", "title": null, "text": "А как это работает?", "url": null, "metadata": {"telegram": {"message": {"chat": {"id": 38178703, "type": "private", "username": "verbaux", "first_name": "Verbaux"}, "date": 1587567610, "from": {"id": 38178703, "is_bot": false, "username": "verbaux", "first_name": "Verbaux", "language_code": "en"}, "text": "А как это работает?", "photo": [], "entities": [], "message_id": 334, "new_chat_photo": [], "caption_entities": [], "new_chat_members": [], "reply_to_message": {"chat": {"id": 38178703, "type": "private", "username": "verbaux", "first_name": "Verbaux"}, "date": 1587566767, "from": {"id": 921354081, "is_bot": true, "username": "vas3k_club_bot", "first_name": "THE A.I."}, "text": "💬 Новый реплай к вашему комментарию под постом «Вастрик.Клуб: закрытая бета»\n\nvas3k: а то это почти забытый навык (эх, форумы, эх, ЖЖ...).\n\n\nДа, навык ведения аргументированных дискуссий на сайтах давно утерян, потому одна из главных фишек Клуба — что я научил телеграм-бота постить комменты и отправлять на них реплаи прямо из клубных чатов, где люди привыкли общаться. Думаю, это поможет :D\n\nЧто это? Лень? Боязнь выходить за границ…\n\nПосмотреть ➜", "photo": [], "entities": [{"type": "bold", "length": 46, "offset": 3}, {"url": "https://vas3k.club/post/beta/", "type": "text_link", "length": 27, "offset": 49}, {"type": "bold", "length": 27, "offset": 49}, {"type": "bold", "length": 1, "offset": 76}, {"type": "bold", "length": 6, "offset": 79}, {"url": "https://vas3k.club/post/beta/comment/4f33f503-0d9c-4732-9beb-520e4ee42978/", "type": "text_link", "length": 12, "offset": 438}], "message_id": 332, "new_chat_photo": [], "caption_entities": [], "new_chat_members": [], "delete_chat_photo": false, "group_chat_created": false, "channel_chat_created": false, "supergroup_chat_created": false}, "delete_chat_photo": false, "group_chat_created": false, "channel_chat_created": false, "supergroup_chat_created": false}, "update_id": 126024556, "_effective_chat": {"id": 38178703, "type": "private", "username": "verbaux", "first_name": "Verbaux"}, "_effective_user": {"id": 38178703, "is_bot": false, "username": "verbaux", "first_name": "Verbaux", "language_code": "en"}}}, "created_at": "2020-04-22T15:00:10.301747", "updated_at": "2020-04-22T15:00:16.999984", "upvotes": 0, "is_visible": true, "is_deleted": true, "is_pinned": false}, {"id": "003923a7-eec8-42cb-a16e-e3ba8d2a486a", "author_id": "a5cfe720-3b53-41fd-b49c-b18e8abceb8a", "post_id": "2abcabee-afaf-4123-a218-01282aab84a8", "post_title": "Вастрик.Клуб: запускаем бету", "reply_to_id": "d07e9349-5b49-4b89-affa-fc9997fbacfb", "title": null, "text": "@verbaux, хаха, вот ты и попался!", "url": null, "metadata": null, "created_at": "2020-04-22T15:01:35.978512", "updated_at": "2020-05-25T14:55:30.231200", "upvotes": 1, "is_visible": true, "is_deleted": false, "is_pinned": false}, {"id": "8f516dcb-0719-4474-a331-dd8c7c342635", "author_id": "42a5b62b-0f63-48b3-ac17-b992ebe5fc96", "post_id": "2abcabee-afaf-4123-a218-01282aab84a8", "post_title": "Вастрик.Клуб: запускаем бету", "reply_to_id": "d07e9349-5b49-4b89-affa-fc9997fbacfb", "title": null, "text": "Не знал, что можно отвечать прямо из бота! Поразительно, насколько серьезно ты к этому подошел 🙂 Жду, когда откроешь исходники и туду, хочется помочь! \r\n\r\nПравда, твой комментарий пришел не полностью, поэтому все равно зашел на сайт, чтобы прочитать целиком. Как думаешь, это не спровоцирует вал маленьких комментариев, вместо больших и обстоятельных. Фича то реально удобная! 🙂 Может стоит убрать лимит?", "url": null, "metadata": {"telegram": {"message": {"chat": {"id": 38178703, "type": "private", "username": "verbaux", "first_name": "Verbaux"}, "date": 1587567810, "from": {"id": 38178703, "is_bot": false, "username": "verbaux", "first_name": "Verbaux", "language_code": "en"}, "text": "Не знал, что можно отвечать прямо из бота! Поразительно, насколько серьезно ты к этому подошел 🙂 Жду, когда откроешь исходники и туду, хочется помочь! \n\nПравда, твой комментарий пришел не полностью, поэтому все равно надо будет заходить на сайт, чтобы прочитать целиком. Как думаешь, это не спровоцирует вал маленьких комментариев, вместо больших и обстоятельных. Фича то реально удобная! 🙂 Может стоит убрать лимит?", "photo": [], "entities": [], "message_id": 337, "new_chat_photo": [], "caption_entities": [], "new_chat_members": [], "reply_to_message": {"chat": {"id": 38178703, "type": "private", "username": "verbaux", "first_name": "Verbaux"}, "date": 1587566767, "from": {"id": 921354081, "is_bot": true, "username": "vas3k_club_bot", "first_name": "THE A.I."}, "text": "💬 Новый реплай к вашему комментарию под постом «Вастрик.Клуб: закрытая бета»\n\nvas3k: а то это почти забытый навык (эх, форумы, эх, ЖЖ...).\n\n\nДа, навык ведения аргументированных дискуссий на сайтах давно утерян, потому одна из главных фишек Клуба — что я научил телеграм-бота постить комменты и отправлять на них реплаи прямо из клубных чатов, где люди привыкли общаться. Думаю, это поможет :D\n\nЧто это? Лень? Боязнь выходить за границ…\n\nПосмотреть ➜", "photo": [], "entities": [{"type": "bold", "length": 46, "offset": 3}, {"url": "https://vas3k.club/post/beta/", "type": "text_link", "length": 27, "offset": 49}, {"type": "bold", "length": 27, "offset": 49}, {"type": "bold", "length": 1, "offset": 76}, {"type": "bold", "length": 6, "offset": 79}, {"url": "https://vas3k.club/post/beta/comment/4f33f503-0d9c-4732-9beb-520e4ee42978/", "type": "text_link", "length": 12, "offset": 438}], "message_id": 332, "new_chat_photo": [], "caption_entities": [], "new_chat_members": [], "delete_chat_photo": false, "group_chat_created": false, "channel_chat_created": false, "supergroup_chat_created": false}, "delete_chat_photo": false, "group_chat_created": false, "channel_chat_created": false, "supergroup_chat_created": false}, "update_id": 126024557, "_effective_chat": {"id": 38178703, "type": "private", "username": "verbaux", "first_name": "Verbaux"}, "_effective_user": {"id": 38178703, "is_bot": false, "username": "verbaux", "first_name": "Verbaux", "language_code": "en"}}}, "created_at": "2020-04-22T15:03:31.009505", "updated_at": "2020-05-25T14:55:30.283355", "upvotes": 0, "is_visible": true, "is_deleted": false, "is_pinned": false}, {"id": "8785ff37-82de-44b1-8223-e051b7f7b521", "author_id": "42a5b62b-0f63-48b3-ac17-b992ebe5fc96", "post_id": "2abcabee-afaf-4123-a218-01282aab84a8", "post_title": "Вастрик.Клуб: запускаем бету", "reply_to_id": "d07e9349-5b49-4b89-affa-fc9997fbacfb", "title": null, "text": ">Чем сложнее наши миры — тем более они одиноки.\r\n\r\nА может не одиноки, а самодостаточны? И сближаешься ты только с теми, в ком видишь что-то, чего тебе нехватает?", "url": null, "metadata": null, "created_at": "2020-04-22T15:06:29.254564", "updated_at": "2020-05-25T14:55:30.342156", "upvotes": 1, "is_visible": true, "is_deleted": false, "is_pinned": false}, {"id": "031e0ccd-57c2-458d-a913-adba146d14ea", "author_id": "a5cfe720-3b53-41fd-b49c-b18e8abceb8a", "post_id": "2abcabee-afaf-4123-a218-01282aab84a8", "post_title": "Вастрик.Клуб: запускаем бету", "reply_to_id": "d07e9349-5b49-4b89-affa-fc9997fbacfb", "title": null, "text": "@verbaux, \r\n> А может не одиноки, а самодостаточны?\r\n\r\nБыло бы круто, если бы ты создал пост (точнее даже Вопрос Клубу) с этой темой. Я бы перепостил туда свой ответ и мы бы там нормально посидели :) Сделаешь?\r\n\r\n> Правда, твой комментарий пришел не полностью, поэтому все равно зашел на сайт\r\n\r\nЭто баг, ща пофикшу\r\n\r\n> Как думаешь, это не спровоцирует вал маленьких комментариев, вместо больших и обстоятельных. \r\n\r\nСпровоцирует, потому так нельзя отвечать на посты, только на уже имеющиеся комментарии. В текущей логике комменты — наше всё, а реплаи к ним — так, обсуждение, детали. Поживем, посмотрим.", "url": null, "metadata": null, "created_at": "2020-04-22T15:16:44.761285", "updated_at": "2020-05-25T14:55:30.399193", "upvotes": 0, "is_visible": true, "is_deleted": false, "is_pinned": false}, {"id": "60823243-2007-4fd1-9897-3450a5ef7c7a", "author_id": "42a5b62b-0f63-48b3-ac17-b992ebe5fc96", "post_id": "2abcabee-afaf-4123-a218-01282aab84a8", "post_title": "Вастрик.Клуб: запускаем бету", "reply_to_id": "d07e9349-5b49-4b89-affa-fc9997fbacfb", "title": null, "text": "@vas3k, \r\n\r\n>Было бы круто, если бы ты создал пост (точнее даже Вопрос Клубу) с этой темой. Я бы перепостил туда свой ответ и мы бы там нормально посидели :) Сделаешь?\r\n\r\nХорошо! Закрою таск и оформлю :)", "url": null, "metadata": null, "created_at": "2020-04-22T15:18:23.163245", "updated_at": "2020-05-25T14:55:30.449149", "upvotes": 0, "is_visible": true, "is_deleted": false, "is_pinned": false}, {"id": "62641158-7695-41eb-b275-5b00b71bc647", "author_id": "42a5b62b-0f63-48b3-ac17-b992ebe5fc96", "post_id": "2abcabee-afaf-4123-a218-01282aab84a8", "post_title": "Вастрик.Клуб: запускаем бету", "reply_to_id": "d07e9349-5b49-4b89-affa-fc9997fbacfb", "title": null, "text": "@vas3k, я сделаль :) https://vas3k.club/question/190/", "url": null, "metadata": null, "created_at": "2020-04-22T16:25:13.102559", "updated_at": "2020-05-25T14:55:30.503355", "upvotes": 0, "is_visible": true, "is_deleted": false, "is_pinned": false}, {"id": "5c2328ad-fedb-40d8-a869-50d686ee3fdd", "author_id": "8bfaf7c8-feb8-4af6-b76c-d9c074b88c25", "post_id": "2abcabee-afaf-4123-a218-01282aab84a8", "post_title": "Вастрик.Клуб: запускаем бету", "reply_to_id": null, "title": null, "text": "Куда надо нажать, что бы бот перестал меня игнорировать? В редактировании профиля карточка презентующая бота есть, но с ней ничего нельзя сделать. Поля для ника в ТГ отделтного не нашел. Что я делаю не так?", "url": null, "metadata": null, "created_at": "2020-04-23T20:51:55.261979", "updated_at": "2020-05-25T14:55:30.777488", "upvotes": 1, "is_visible": true, "is_deleted": false, "is_pinned": false}, {"id": "24258ea2-2dba-4897-b884-1130d094ba13", "author_id": "a5cfe720-3b53-41fd-b49c-b18e8abceb8a", "post_id": "2abcabee-afaf-4123-a218-01282aab84a8", "post_title": "Вастрик.Клуб: запускаем бету", "reply_to_id": "5c2328ad-fedb-40d8-a869-50d686ee3fdd", "title": null, "text": "В той карточке в профиле должна быть большая синяя кнопка Log in with Telegram. Если ее нет — отключи свой адблок, скорее всего это он тебе вырезает все social buttons из интернета.", "url": null, "metadata": null, "created_at": "2020-04-23T20:57:03.848198", "updated_at": "2020-05-25T14:55:30.884717", "upvotes": 1, "is_visible": true, "is_deleted": false, "is_pinned": false}, {"id": "d4064d98-57b5-4d85-ab0e-c7304f712dd6", "author_id": "8bfaf7c8-feb8-4af6-b76c-d9c074b88c25", "post_id": "2abcabee-afaf-4123-a218-01282aab84a8", "post_title": "Вастрик.Клуб: запускаем бету", "reply_to_id": "5c2328ad-fedb-40d8-a869-50d686ee3fdd", "title": null, "text": "@vas3k, пришлось отключить свой Роскомнадзор, но это помогло, спасибо.", "url": null, "metadata": null, "created_at": "2020-04-23T21:18:21.742792", "updated_at": "2020-05-25T14:55:30.943746", "upvotes": 2, "is_visible": true, "is_deleted": false, "is_pinned": false}, {"id": "04648d10-cdaa-4498-962f-2d741c9b75e7", "author_id": "a5cfe720-3b53-41fd-b49c-b18e8abceb8a", "post_id": "2abcabee-afaf-4123-a218-01282aab84a8", "post_title": "Вастрик.Клуб: запускаем бету", "reply_to_id": "5c2328ad-fedb-40d8-a869-50d686ee3fdd", "title": null, "text": "@VBodrov, обращайся! Я же программист, я всегда готов помогать людям с проблемами с их компьютерами!))0))))", "url": null, "metadata": null, "created_at": "2020-04-23T21:27:28.096307", "updated_at": "2020-05-25T14:55:30.996738", "upvotes": 4, "is_visible": true, "is_deleted": false, "is_pinned": false}, {"id": "b94c80e2-30d1-48da-813a-502f7ec9563d", "author_id": "8bfaf7c8-feb8-4af6-b76c-d9c074b88c25", "post_id": "2abcabee-afaf-4123-a218-01282aab84a8", "post_title": "Вастрик.Клуб: запускаем бету", "reply_to_id": "5c2328ad-fedb-40d8-a869-50d686ee3fdd", "title": null, "text": "Ну, я за живое задеть не хотел, извини, но мне, например, не очевидно было, что там должна была быть социальная кнопка.", "url": null, "metadata": {"telegram": {"message": {"chat": {"id": 284772266, "type": "private", "username": "vbodrov", "last_name": "Bodrov", "first_name": "Vladimir"}, "date": 1587677448, "from": {"id": 284772266, "is_bot": false, "username": "vbodrov", "last_name": "Bodrov", "first_name": "Vladimir", "language_code": "ru"}, "text": "Ну, я за живое задеть не хотел, извини, но мне, например, не очевидно было, что там должна была быть социальная кнопка.", "photo": [], "entities": [], "message_id": 501, "new_chat_photo": [], "caption_entities": [], "new_chat_members": [], "reply_to_message": {"chat": {"id": 284772266, "type": "private", "username": "vbodrov", "last_name": "Bodrov", "first_name": "Vladimir"}, "date": 1587677248, "from": {"id": 921354081, "is_bot": true, "username": "vas3k_club_bot", "first_name": "THE A.I."}, "text": "💬 Новый реплай к вашему комментарию под постом «Вастрик.Клуб: закрытая бета»\n\nvas3k: @VBodrov, обращайся! Я же программист, я всегда готов помогать людям с проблемами с их компьютерами!))0))))\n\nПосмотреть ➜", "photo": [], "entities": [{"type": "bold", "length": 46, "offset": 3}, {"url": "https://vas3k.club/post/beta/", "type": "text_link", "length": 27, "offset": 49}, {"type": "bold", "length": 27, "offset": 49}, {"type": "bold", "length": 1, "offset": 76}, {"type": "bold", "length": 6, "offset": 79}, {"type": "mention", "length": 8, "offset": 86}, {"url": "https://vas3k.club/post/beta/comment/04648d10-cdaa-4498-962f-2d741c9b75e7/", "type": "text_link", "length": 12, "offset": 195}], "message_id": 500, "new_chat_photo": [], "caption_entities": [], "new_chat_members": [], "delete_chat_photo": false, "group_chat_created": false, "channel_chat_created": false, "supergroup_chat_created": false}, "delete_chat_photo": false, "group_chat_created": false, "channel_chat_created": false, "supergroup_chat_created": false}, "update_id": 126024885, "_effective_chat": {"id": 284772266, "type": "private", "username": "vbodrov", "last_name": "Bodrov", "first_name": "Vladimir"}, "_effective_user": {"id": 284772266, "is_bot": false, "username": "vbodrov", "last_name": "Bodrov", "first_name": "Vladimir", "language_code": "ru"}}}, "created_at": "2020-04-23T21:30:49.058268", "updated_at": "2020-05-25T14:55:31.059757", "upvotes": 0, "is_visible": true, "is_deleted": false, "is_pinned": false}, {"id": "82a2e909-bffe-4a0d-ac25-5549dbb7cb0c", "author_id": "a5cfe720-3b53-41fd-b49c-b18e8abceb8a", "post_id": "2abcabee-afaf-4123-a218-01282aab84a8", "post_title": "Вастрик.Клуб: запускаем бету", "reply_to_id": "5c2328ad-fedb-40d8-a869-50d686ee3fdd", "title": null, "text": "@VBodrov, да я с самоиронией скорее. Уже добавил туда уведомление для любителей адблоков", "url": null, "metadata": null, "created_at": "2020-04-23T21:32:28.606044", "updated_at": "2020-05-25T14:55:31.112297", "upvotes": 0, "is_visible": true, "is_deleted": false, "is_pinned": false}, {"id": "eac637a4-fa02-4834-98a0-1793da563e2d", "author_id": "3ef20ac0-06b7-4881-b304-85c1b94bb1d7", "post_id": "2abcabee-afaf-4123-a218-01282aab84a8", "post_title": "Вастрик.Клуб: запускаем бету", "reply_to_id": "5c2328ad-fedb-40d8-a869-50d686ee3fdd", "title": null, "text": "У меня тоже проблема была в том, что впн не был подключен, после подключения исчезло, так что стоит определенно написать про то, что надо быть в свободном интернете чтобы видеть иконку", "url": null, "metadata": null, "created_at": "2020-04-24T19:06:22.709834", "updated_at": "2020-05-25T14:55:31.165274", "upvotes": 0, "is_visible": true, "is_deleted": false, "is_pinned": false}, {"id": "344c82aa-3eb1-48de-9f21-3e16dd8d37fb", "author_id": "61214d7d-5861-4162-9183-91d32bef4bc1", "post_id": "2abcabee-afaf-4123-a218-01282aab84a8", "post_title": "Вастрик.Клуб: запускаем бету", "reply_to_id": null, "title": null, "text": "Было бы здорово иметь на сайте закладки для интересных постов. Пока пользуюсь браузером, но это не так удобно.", "url": null, "metadata": null, "created_at": "2020-04-25T22:46:18.072583", "updated_at": "2020-05-25T14:55:29.252299", "upvotes": 17, "is_visible": true, "is_deleted": false, "is_pinned": false}, {"id": "1686e907-9a72-48ae-a896-61da58e0c352", "author_id": "2f58a6ec-8360-407d-af11-c4eb74e43848", "post_id": "2abcabee-afaf-4123-a218-01282aab84a8", "post_title": "Вастрик.Клуб: запускаем бету", "reply_to_id": null, "title": null, "text": "Как мне ворваться в опенсорс? Попробовал бы что-нибудь поделать для клуба, но не знаю как😱", "url": null, "metadata": null, "created_at": "2020-04-28T11:38:20.072739", "updated_at": "2020-05-25T14:55:32.159040", "upvotes": 0, "is_visible": true, "is_deleted": false, "is_pinned": false}, {"id": "3ee43514-d101-4137-ab2a-aa9b333471b7", "author_id": "a5cfe720-3b53-41fd-b49c-b18e8abceb8a", "post_id": "2abcabee-afaf-4123-a218-01282aab84a8", "post_title": "Вастрик.Клуб: запускаем бету", "reply_to_id": "1686e907-9a72-48ae-a896-61da58e0c352", "title": null, "text": "Идешь на гитхаб, берешь понравившуюся issue из простых, фиксишь её в PR'е, профит! Ты ослепителен и великолепен!", "url": null, "metadata": null, "created_at": "2020-04-28T12:37:46.115251", "updated_at": "2020-05-25T14:55:32.242049", "upvotes": 1, "is_visible": true, "is_deleted": false, "is_pinned": false}, {"id": "3e5515e4-ce3d-45fc-8d94-57c096b1b219", "author_id": "c8d3b239-202c-44b5-828f-43aece991b1d", "post_id": "2abcabee-afaf-4123-a218-01282aab84a8", "post_title": "Вастрик.Клуб: запускаем бету", "reply_to_id": "1686e907-9a72-48ae-a896-61da58e0c352", "title": null, "text": "Но перед этим стоит посмотреть в Trello, не работают ли над ней уже, наверное", "url": null, "metadata": {"telegram": {"message": {"chat": {"id": -1001168227240, "type": "supergroup", "title": "Вастрик.Клуб: Админка"}, "date": 1588077501, "from": {"id": 109239379, "is_bot": false, "username": "APilosian", "last_name": "Pilosian", "first_name": "Ashot", "language_code": "en"}, "text": "Но перед этим стоит посмотреть в Trello, не работают ли над ней уже, наверное", "photo": [], "entities": [], "message_id": 4120, "new_chat_photo": [], "caption_entities": [], "new_chat_members": [], "reply_to_message": {"chat": {"id": -1001168227240, "type": "supergroup", "title": "Вастрик.Клуб: Админка"}, "date": 1588077466, "from": {"id": 921354081, "is_bot": true, "username": "vas3k_club_bot", "first_name": "ВСРАТЫЙ A.I."}, "text": "💬 Новый реплай к посту «Вастрик.Клуб: запускаем бету»\n\nАвтор: vas3k\n\nИдешь на гитхаб, берешь понравившуюся issue из простых, фиксишь её в PR'е, профит! Ты ослепителен и великолепен!\n\nПосмотреть ➜", "photo": [], "entities": [{"type": "bold", "length": 22, "offset": 3}, {"url": "https://vas3k.club/post/beta/", "type": "text_link", "length": 28, "offset": 25}, {"type": "bold", "length": 28, "offset": 25}, {"type": "bold", "length": 1, "offset": 53}, {"type": "bold", "length": 6, "offset": 56}, {"url": "https://vas3k.club/post/beta/comment/3ee43514-d101-4137-ab2a-aa9b333471b7/", "type": "text_link", "length": 12, "offset": 184}], "message_id": 4118, "new_chat_photo": [], "caption_entities": [], "new_chat_members": [], "delete_chat_photo": false, "group_chat_created": false, "channel_chat_created": false, "supergroup_chat_created": false}, "delete_chat_photo": false, "group_chat_created": false, "channel_chat_created": false, "supergroup_chat_created": false}, "update_id": 126027416, "_effective_chat": {"id": -1001168227240, "type": "supergroup", "title": "Вастрик.Клуб: Админка"}, "_effective_user": {"id": 109239379, "is_bot": false, "username": "APilosian", "last_name": "Pilosian", "first_name": "Ashot", "language_code": "en"}}}, "created_at": "2020-04-28T12:38:21.312195", "updated_at": "2020-05-25T14:55:32.296022", "upvotes": 0, "is_visible": true, "is_deleted": false, "is_pinned": false}, {"id": "b168ef49-379c-4ec7-8dec-6ccf46d94a0a", "author_id": "a5cfe720-3b53-41fd-b49c-b18e8abceb8a", "post_id": "2abcabee-afaf-4123-a218-01282aab84a8", "post_title": "Вастрик.Клуб: запускаем бету", "reply_to_id": "1686e907-9a72-48ae-a896-61da58e0c352", "title": null, "text": "Да, так же можешь на всякий случай отписаться в issue, что берешь его", "url": null, "metadata": null, "created_at": "2020-04-28T12:43:42.161858", "updated_at": "2020-05-25T14:55:32.349489", "upvotes": 0, "is_visible": true, "is_deleted": false, "is_pinned": false}, {"id": "0a1adc6f-3b55-4261-9c12-2c7312cc7cc7", "author_id": "8787dc70-780f-4a20-98ad-6612aed41e98", "post_id": "2abcabee-afaf-4123-a218-01282aab84a8", "post_title": "Вастрик.Клуб: запускаем бету", "reply_to_id": null, "title": null, "text": "У меня такое ламповое ощущение, как будто форум, на котором я когда-то зависал, отряхнули, модернизировали, ввели нормальные правила и добавили нормальную монетизацию. Шикарнейшая идея и фантастическое исполнение! После всех этих фейсбуков как глоток свежего воздуха! Я уже стал адептом идеи закрытых сообществ и платного контента ))", "url": null, "metadata": null, "created_at": "2020-04-28T15:15:12.134266", "updated_at": "2020-05-25T14:55:29.136514", "upvotes": 21, "is_visible": true, "is_deleted": false, "is_pinned": false}, {"id": "a912cbcc-83e6-4459-b247-fe7bbf74b220", "author_id": "a5f69e44-be51-4ab6-a544-93e88ceb1764", "post_id": "2abcabee-afaf-4123-a218-01282aab84a8", "post_title": "Вастрик.Клуб: запускаем бету", "reply_to_id": null, "title": null, "text": "Скоро платформа будет SAAS?)", "url": null, "metadata": null, "created_at": "2020-04-28T17:55:36.003509", "updated_at": "2020-05-25T14:55:32.425862", "upvotes": 0, "is_visible": true, "is_deleted": false, "is_pinned": false}, {"id": "f0b2b6b8-be43-4977-b5a9-e18a8a7fd1e8", "author_id": "367235f7-0711-4843-afd1-1b0d0ae36081", "post_id": "2abcabee-afaf-4123-a218-01282aab84a8", "post_title": "Вастрик.Клуб: запускаем бету", "reply_to_id": null, "title": null, "text": "Куда баги слать?", "url": null, "metadata": null, "created_at": "2020-04-29T00:47:01.894767", "updated_at": "2020-05-25T14:55:32.589866", "upvotes": 0, "is_visible": true, "is_deleted": false, "is_pinned": false}, {"id": "ad0b4025-5cef-47b8-a978-e92db1ea5977", "author_id": "a5cfe720-3b53-41fd-b49c-b18e8abceb8a", "post_id": "2abcabee-afaf-4123-a218-01282aab84a8", "post_title": "Вастрик.Клуб: запускаем бету", "reply_to_id": "f0b2b6b8-be43-4977-b5a9-e18a8a7fd1e8", "title": null, "text": "Для начала рекомендую дочитать пост до конца. Только так мы подружимся!", "url": null, "metadata": null, "created_at": "2020-04-29T05:21:29.305023", "updated_at": "2020-05-25T14:55:32.683545", "upvotes": 1, "is_visible": true, "is_deleted": false, "is_pinned": false}, {"id": "cbd94d61-0d33-472d-9542-0652a84a8acb", "author_id": "a5cfe720-3b53-41fd-b49c-b18e8abceb8a", "post_id": "2abcabee-afaf-4123-a218-01282aab84a8", "post_title": "Вастрик.Клуб: запускаем бету", "reply_to_id": "a912cbcc-83e6-4459-b247-fe7bbf74b220", "title": null, "text": "Пока saas не в планах, буду развивать только платформу, а дальше посмотрим по запросам", "url": null, "metadata": null, "created_at": "2020-04-29T05:22:28.674112", "updated_at": "2020-05-25T14:55:32.504681", "upvotes": 0, "is_visible": true, "is_deleted": false, "is_pinned": false}, {"id": "809a994b-0e5c-4615-b066-322ec771c474", "author_id": "367235f7-0711-4843-afd1-1b0d0ae36081", "post_id": "2abcabee-afaf-4123-a218-01282aab84a8", "post_title": "Вастрик.Клуб: запускаем бету", "reply_to_id": "f0b2b6b8-be43-4977-b5a9-e18a8a7fd1e8", "title": null, "text": "блин, вот позор мне... Увидел теперь, спишем на позднюю ночь.", "url": null, "metadata": null, "created_at": "2020-04-29T09:12:42.093238", "updated_at": "2020-05-25T14:55:32.746193", "upvotes": 0, "is_visible": true, "is_deleted": false, "is_pinned": false}, {"id": "d707f04f-5436-43a3-9d23-7f2d3b4afc65", "author_id": "1c6d9a6e-fce5-4162-917c-83aebbe48a9c", "post_id": "2abcabee-afaf-4123-a218-01282aab84a8", "post_title": "Вастрик.Клуб: запускаем бету", "reply_to_id": null, "title": null, "text": "Еще на этапе регистрации на меня нахлынуло чувство, которое испытывал в 2006-2007 году во вконтакте! Лейблы в профиле, интересы, группы, баттлы, ссылки, незнакомые люди, у которых приятно читать интро. Наверное это та самая ламповость. Ахуенно!  Спасибо Вастрик <3", "url": null, "metadata": null, "created_at": "2020-04-29T10:17:02.749470", "updated_at": "2020-05-25T14:55:30.577526", "upvotes": 2, "is_visible": true, "is_deleted": false, "is_pinned": false}, {"id": "c6f4207c-1ef9-4098-88b6-43d12e0d320f", "author_id": "15c22ff6-83f5-4719-b0da-50ccea555287", "post_id": "2abcabee-afaf-4123-a218-01282aab84a8", "post_title": "Вастрик.Клуб: запускаем бету", "reply_to_id": null, "title": null, "text": "Открыто голосую ПРОТИВ искусственного интелекта, не думаю, что он будет как-либо полезен...", "url": null, "metadata": null, "created_at": "2020-04-29T12:25:31.287654", "updated_at": "2020-05-25T14:55:32.839006", "upvotes": 0, "is_visible": true, "is_deleted": false, "is_pinned": false}, {"id": "b9f4f23b-27a7-428b-b628-a454320b9c4a", "author_id": "a5cfe720-3b53-41fd-b49c-b18e8abceb8a", "post_id": "2abcabee-afaf-4123-a218-01282aab84a8", "post_title": "Вастрик.Клуб: запускаем бету", "reply_to_id": "c6f4207c-1ef9-4098-88b6-43d12e0d320f", "title": null, "text": "Он сказал, что запомнил тебя", "url": null, "metadata": null, "created_at": "2020-04-29T12:26:16.064923", "updated_at": "2020-05-25T14:55:32.915975", "upvotes": 5, "is_visible": true, "is_deleted": false, "is_pinned": false}, {"id": "260ef922-9025-439e-820d-5a5beb7f1164", "author_id": "3fe8ca28-3313-4ed3-91b3-85b44cc3da28", "post_id": "2abcabee-afaf-4123-a218-01282aab84a8", "post_title": "Вастрик.Клуб: запускаем бету", "reply_to_id": null, "title": null, "text": "А как запостить в Трактор/Путешествия? 😣", "url": null, "metadata": null, "created_at": "2020-04-29T15:47:04.590223", "updated_at": "2020-04-29T17:51:45.775648", "upvotes": 0, "is_visible": true, "is_deleted": true, "is_pinned": false}, {"id": "8ffa2ffc-22d0-4d53-803c-a4ddfd2d39d2", "author_id": "eb19d54b-afe3-4dfb-bd7d-119dd8592355", "post_id": "2abcabee-afaf-4123-a218-01282aab84a8", "post_title": "Вастрик.Клуб: запускаем бету", "reply_to_id": null, "title": null, "text": "Мне сейчас 25, постоянный доступ к Интернету появился только в 18, поэтому эпоху всех этих ламповых ЖЖ и так далее я не застал. Но даже мне очевидны проблемы монополии в сфере комьюнити, когда все и вся в радиусе видимости поглощает один гигант (будь то Фейсбук, Твич или Ютуб) и навязывает свои правила игры. А если кому что не нравится, то все равно же выбора нет...\r\n\r\nПомимо этого где-то года 2 назад я заметил, что все комьюнити на этих площадках по факту организованы в формате глашай-толпа. Что вроде и назвать \"комьюнити\" можно, но все-таки излишняя централизация на личности самого блоггера/стримера как-то смущает. Поэтому была мысль начать вести что-то свое, сколотить небольшую аудиторию в человек 20-50 и плавно сменить формат на общественное творчество, но идея так и осталась идеей. А тут бац и Вастрик по факту реализовывает именно это, да еще и в бОльших масштабах, да еще и с прямыми руками, аж на душе потеплело от происходящего))\r\n\r\nЕсли можно, напоследок хотелось бы только узнать, планируется ли (ясное дело что планы в таких проектах - понятие растяжимое, но все же) выход на мобильные платформы или в планах все пока будет идти через связку сайт+телега+рассылка? Потому что с тем же Медиумом, который я довольно долго почитывал, я познакомился именно через приложение на смартфоне: интерфейс удобнее, нативность, все дела... Мне этого в Вастрик.ру постоянно не хватало, но когда за рулем один человек, спрашивать не приходится, а сейчас же проект уходит в опен сорс под чутким руководством идейного прародителя, так сказать😅", "url": null, "metadata": null, "created_at": "2020-04-29T17:15:49.470376", "updated_at": "2020-05-25T14:55:29.578945", "upvotes": 3, "is_visible": true, "is_deleted": false, "is_pinned": false}, {"id": "5945d4ba-a208-4a61-9480-e0ef9d8cd9a6", "author_id": "4d811588-d282-4ca2-8a8f-b533426e9895", "post_id": "2abcabee-afaf-4123-a218-01282aab84a8", "post_title": "Вастрик.Клуб: запускаем бету", "reply_to_id": null, "title": null, "text": "Когда-то мы запускали интранет в ВТБ24 на несколько тысяч сотрудников. Там был форум, и чтобы сообщество зажило, по всем канонам нужно было завести три объединяющие темы. Только сегодня увидел раздел с едой в вспомнил этот факт.\r\n\r\nТемы, кстати: \r\n1) кулинария\r\n2) транспорт, тачки и путешествия\r\n3) обмен, покупки, советы по выгоде\r\n\r\nПолный набор!", "url": null, "metadata": null, "created_at": "2020-04-30T12:48:23.703380", "updated_at": "2020-05-25T14:55:29.689117", "upvotes": 3, "is_visible": true, "is_deleted": false, "is_pinned": false}, {"id": "512bd63e-da2f-41c8-8586-20b7ba6a4c5c", "author_id": "909fbffd-234c-47bb-83c9-26ef593c295c", "post_id": "2abcabee-afaf-4123-a218-01282aab84a8", "post_title": "Вастрик.Клуб: запускаем бету", "reply_to_id": null, "title": null, "text": "Боже, какой кайф. \r\n\r\nЯ-то по молодухе тусовался на паре тематических форумов: danieldefo.ru (в прошлом топ-линейджер), форум русско-литовского фильма Хоттабыч (про интернет). Они были достаточно ламповыми, но ушли на дно. \r\n\r\nПробовал реддит, но он какой-то большой и недостаточно душевный, особенно учитывая исключительно английский контингент. \r\n\r\nТусуюсь тут у вас пару денечков и это лучшее, что я видел. Прямо вот в предвкушении чего-то офигенного. Кайф.", "url": null, "metadata": null, "created_at": "2020-04-30T17:10:52.104947", "updated_at": "2020-05-25T14:55:30.680813", "upvotes": 2, "is_visible": true, "is_deleted": false, "is_pinned": false}, {"id": "318af711-f8fb-4053-8d92-98b371a380ae", "author_id": "6772acd2-6ca4-4d4e-9d73-be920dcc5bad", "post_id": "2abcabee-afaf-4123-a218-01282aab84a8", "post_title": "Вастрик.Клуб: запускаем бету", "reply_to_id": null, "title": null, "text": "Плюсанем, кому тоже нужна кнопка \"Наверх\" в лонгридах)", "url": null, "metadata": null, "created_at": "2020-05-03T10:48:25.034191", "updated_at": "2020-05-25T14:55:29.360281", "upvotes": 6, "is_visible": true, "is_deleted": false, "is_pinned": false}, {"id": "30b1df70-de31-4e8a-9527-0521717d938b", "author_id": "c2e0c583-368c-45d6-8dac-d8d902d6500b", "post_id": "2abcabee-afaf-4123-a218-01282aab84a8", "post_title": "Вастрик.Клуб: запускаем бету", "reply_to_id": null, "title": null, "text": "Было бы еще очень интересно посмотреть на статистику, сколько пользователей зарегистрировалось, сколько из них активны, сколько поставили плюсиков и вот все в этом духе.", "url": null, "metadata": null, "created_at": "2020-05-04T20:46:08.716038", "updated_at": "2020-05-25T14:55:29.467007", "upvotes": 4, "is_visible": true, "is_deleted": false, "is_pinned": false}, {"id": "7b6964a8-8f06-4336-b521-f203ee748575", "author_id": "8bfaf7c8-feb8-4af6-b76c-d9c074b88c25", "post_id": "2abcabee-afaf-4123-a218-01282aab84a8", "post_title": "Вастрик.Клуб: запускаем бету", "reply_to_id": "5c2328ad-fedb-40d8-a869-50d686ee3fdd", "title": null, "text": "@vas3k, вот в очередном проекте из клуба https://vas3k.club/project/1408/ авторизация у бота сделана со стороны телеграмма, никаких проблем с РКН не было.", "url": null, "metadata": null, "created_at": "2020-05-07T16:10:23.206525", "updated_at": "2020-05-25T14:55:31.224515", "upvotes": 0, "is_visible": true, "is_deleted": false, "is_pinned": false}, {"id": "0e8a5ef3-9a4c-456d-aba5-168e6104b1b7", "author_id": "01b4f102-aa4e-43b3-85c4-4abdc359d801", "post_id": "2abcabee-afaf-4123-a218-01282aab84a8", "post_title": "Вастрик.Клуб: запускаем бету", "reply_to_id": null, "title": null, "text": "Куда пропал +пиши?", "url": null, "metadata": null, "created_at": "2020-05-09T19:31:26.441489", "updated_at": "2020-05-25T14:55:33.062806", "upvotes": 0, "is_visible": true, "is_deleted": false, "is_pinned": false}, {"id": "9933e9ad-4d58-4574-92e7-56e66e6a4830", "author_id": "6c0fce77-9a27-42b1-8ec0-874a9ac73f33", "post_id": "2abcabee-afaf-4123-a218-01282aab84a8", "post_title": "Вастрик.Клуб: запускаем бету", "reply_to_id": null, "title": null, "text": "Может запилить отдельную категории Coming out на том же уровне что и вопросы, проекты и баттлы? Офигенный же концепт тематических постов.", "url": null, "metadata": null, "created_at": "2020-05-11T11:47:41.124805", "updated_at": "2020-05-25T14:55:29.809833", "upvotes": 3, "is_visible": true, "is_deleted": false, "is_pinned": false}, {"id": "83a87524-fefc-4b71-b874-2352f39bef7c", "author_id": "a4a22366-caf7-4a2a-b9b7-48b0627b8882", "post_id": "2abcabee-afaf-4123-a218-01282aab84a8", "post_title": "Вастрик.Клуб: запускаем бету", "reply_to_id": null, "title": null, "text": "А rss будет?", "url": null, "metadata": null, "created_at": "2020-05-14T13:59:43.693806", "updated_at": "2020-05-25T14:55:33.176505", "upvotes": 0, "is_visible": true, "is_deleted": false, "is_pinned": false}, {"id": "9dc5126f-1c34-4a21-b021-93aa313a0bca", "author_id": "c8d3b239-202c-44b5-828f-43aece991b1d", "post_id": "2abcabee-afaf-4123-a218-01282aab84a8", "post_title": "Вастрик.Клуб: запускаем бету", "reply_to_id": "83a87524-fefc-4b71-b874-2352f39bef7c", "title": null, "text": "Есть тикет на это: https://trello.com/c/S0wA7LZT/3-rss-пока-только-для-открытых-постов", "url": null, "metadata": null, "created_at": "2020-05-14T14:02:23.897809", "updated_at": "2020-05-25T14:55:33.259735", "upvotes": 0, "is_visible": true, "is_deleted": false, "is_pinned": false}, {"id": "68316553-97ac-4fad-a084-323718621cdf", "author_id": "15e1d955-11f8-4e71-8693-3b63976898e0", "post_id": "2abcabee-afaf-4123-a218-01282aab84a8", "post_title": "Вастрик.Клуб: запускаем бету", "reply_to_id": null, "title": null, "text": "А теги будут? А то вот кухне скоро будет бардак :)", "url": null, "metadata": null, "created_at": "2020-05-15T07:10:14.301617", "updated_at": "2020-05-25T14:55:33.343318", "upvotes": 0, "is_visible": true, "is_deleted": false, "is_pinned": false}, {"id": "16d271f5-9ed8-4bc5-b190-ee386b8185a7", "author_id": "c8d3b239-202c-44b5-828f-43aece991b1d", "post_id": "2abcabee-afaf-4123-a218-01282aab84a8", "post_title": "Вастрик.Клуб: запускаем бету", "reply_to_id": "68316553-97ac-4fad-a084-323718621cdf", "title": null, "text": "Опиши идею в тегами более подробно, пожалуйста. Если есть гитхаб аккаунт, то прекрасно будет, если заведешь там ишью или еще круче — пулл реквест", "url": null, "metadata": null, "created_at": "2020-05-15T07:12:42.607900", "updated_at": "2020-05-24T10:55:22.573022", "upvotes": 0, "is_visible": true, "is_deleted": false, "is_pinned": false}, {"id": "835268a2-68c3-4f4a-8f87-5e1f57185a34", "author_id": "a5cfe720-3b53-41fd-b49c-b18e8abceb8a", "post_id": "2abcabee-afaf-4123-a218-01282aab84a8", "post_title": "Вастрик.Клуб: запускаем бету", "reply_to_id": "68316553-97ac-4fad-a084-323718621cdf", "title": null, "text": "С тегами у меня сложные отношения. Я ни разу не видел чтобы кто-то использовал теги правильно и чтобы они этот самый бардак как-то организовывали. Обычно получается просто бардак с тегами :D Особенно когда много людей.\n\nЕсли бы кто-то показал мне пример или UI, где теги удобны и помогают, я бы с удовольствием его рассмотрел", "url": null, "metadata": {"telegram": {"message": {"chat": {"id": 5613595, "type": "private", "username": "vas3k", "first_name": "Вастрик"}, "date": 1589526913, "from": {"id": 5613595, "is_bot": false, "username": "vas3k", "first_name": "Вастрик", "language_code": "en"}, "text": "С тегами у меня сложные отношения. Я ни разу не видел чтобы кто-то использовал теги правильно и чтобы они этот самый бардак как-то организовывали. Обычно получается просто бардак с тегами :D Особенно когда много людей.\n\nЕсли бы кто-то показал мне пример или UI, где теги удобны и помогают, я бы с удовольствием его рассмотрел", "photo": [], "entities": [], "message_id": 9211, "new_chat_photo": [], "caption_entities": [], "new_chat_members": [], "reply_to_message": {"chat": {"id": 5613595, "type": "private", "username": "vas3k", "first_name": "Вастрик"}, "date": 1589526614, "from": {"id": 921354081, "is_bot": true, "username": "vas3k_club_bot", "first_name": "ВСРАТЫЙ A.I."}, "text": "💬 Новый коммент к вашему посту «Вастрик.Клуб: запускаем бету» от norguhtar\n\nnorguhtar: А теги будут? А то вот кухне скоро будет бардак :)\n\nПосмотреть ➜", "photo": [], "entities": [{"type": "bold", "length": 30, "offset": 3}, {"url": "https://vas3k.club/post/beta/#comment-68316553-97ac-4fad-a084-323718621cdf", "type": "text_link", "length": 28, "offset": 33}, {"type": "bold", "length": 28, "offset": 33}, {"type": "bold", "length": 1, "offset": 61}, {"url": "https://vas3k.club/user/norguhtar/", "type": "text_link", "length": 9, "offset": 66}, {"type": "bold", "length": 10, "offset": 77}, {"url": "https://vas3k.club/post/beta/comment/68316553-97ac-4fad-a084-323718621cdf/#comment-68316553-97ac-4fad-a084-323718621cdf", "type": "text_link", "length": 12, "offset": 140}], "message_id": 9195, "new_chat_photo": [], "caption_entities": [], "new_chat_members": [], "delete_chat_photo": false, "group_chat_created": false, "channel_chat_created": false, "supergroup_chat_created": false}, "delete_chat_photo": false, "group_chat_created": false, "channel_chat_created": false, "supergroup_chat_created": false}, "update_id": 126057753, "_effective_chat": {"id": 5613595, "type": "private", "username": "vas3k", "first_name": "Вастрик"}, "_effective_user": {"id": 5613595, "is_bot": false, "username": "vas3k", "first_name": "Вастрик", "language_code": "en"}}}, "created_at": "2020-05-15T07:15:13.686014", "updated_at": "2020-05-25T14:55:33.429802", "upvotes": 2, "is_visible": true, "is_deleted": false, "is_pinned": false}, {"id": "141779cd-1eb9-4ce5-a5f6-65b96fb85d48", "author_id": "15e1d955-11f8-4e71-8693-3b63976898e0", "post_id": "2abcabee-afaf-4123-a218-01282aab84a8", "post_title": "Вастрик.Клуб: запускаем бету", "reply_to_id": "68316553-97ac-4fad-a084-323718621cdf", "title": null, "text": "@APilosian, там не хватает категорий. Сейчас заходишь там все в куче. К примеру чтоб можно было затегать \"рецепт\", \"инструменты\". Просто там это более очевидно скажем так. Или при выборе кухни, чтоб можно было указать категорию. Но по факту \"категория\" = \"тег\". А вот как лучше сделать это вопрос дискуссионный, но много где поможет.", "url": null, "metadata": null, "created_at": "2020-05-15T07:15:58.968901", "updated_at": "2020-05-25T14:55:33.529241", "upvotes": 0, "is_visible": true, "is_deleted": false, "is_pinned": false}, {"id": "5c4bea69-121c-49bd-b4c8-6760f36e0ca3", "author_id": "15e1d955-11f8-4e71-8693-3b63976898e0", "post_id": "2abcabee-afaf-4123-a218-01282aab84a8", "post_title": "Вастрик.Клуб: запускаем бету", "reply_to_id": "68316553-97ac-4fad-a084-323718621cdf", "title": null, "text": "@vas3k, ну просто не надо давать людям заводить теги. В большинстве случаев людям дают самим писать теги, получается километр мусора и отсутствие структуры. \r\nЕсли надо тег, пишешь какой и описание и в какую комнату.  Далее при создании поста ставишь его. Еще делаем ограничение не более трех. Это вполне достаточно.\r\n\r\nПри таких драконовских методах, это более менее работает. Ну и теги которыми мало пользуются, можно просто прятать.", "url": null, "metadata": null, "created_at": "2020-05-15T07:19:25.117832", "updated_at": "2020-05-25T14:55:33.597651", "upvotes": 0, "is_visible": true, "is_deleted": false, "is_pinned": false}, {"id": "1414b88c-3f81-419f-b7f5-62520d53b6aa", "author_id": "a5cfe720-3b53-41fd-b49c-b18e8abceb8a", "post_id": "2abcabee-afaf-4123-a218-01282aab84a8", "post_title": "Вастрик.Клуб: запускаем бету", "reply_to_id": "68316553-97ac-4fad-a084-323718621cdf", "title": null, "text": "@norguhtar, интересно. То есть можно подумать сделать теги привязанными к комнате, например. Тогда надо лишь решить проблему с UI для их выбора. Я подумаю.", "url": null, "metadata": null, "created_at": "2020-05-15T07:22:07.119904", "updated_at": "2020-05-25T14:55:33.665947", "upvotes": 0, "is_visible": true, "is_deleted": false, "is_pinned": false}, {"id": "2feb722b-66b4-4efb-ae7f-6951778afb9b", "author_id": "b2674796-5862-46b5-bb70-eacd1f5ed00d", "post_id": "2abcabee-afaf-4123-a218-01282aab84a8", "post_title": "Вастрик.Клуб: запускаем бету", "reply_to_id": null, "title": null, "text": "@vas3k, ссылка \"Книжный Клуб \" в статье не туда ведет", "url": null, "metadata": null, "created_at": "2020-05-15T18:30:41.417700", "updated_at": "2020-05-25T14:55:33.764440", "upvotes": 0, "is_visible": true, "is_deleted": false, "is_pinned": false}, {"id": "fba22f82-02ff-42fb-b631-2304c701757b", "author_id": "01b4f102-aa4e-43b3-85c4-4abdc359d801", "post_id": "2abcabee-afaf-4123-a218-01282aab84a8", "post_title": "Вастрик.Клуб: запускаем бету", "reply_to_id": null, "title": null, "text": "@vas3k, \r\n\r\nТакой вопрос, не очень ... \r\n\r\nА что-то типа того, что было до клуба, аффтор писать будет или как?", "url": null, "metadata": null, "created_at": "2020-05-17T18:04:11.795990", "updated_at": "2020-05-25T14:55:31.310626", "upvotes": 1, "is_visible": true, "is_deleted": false, "is_pinned": false}, {"id": "c15ebc35-e834-440b-a527-747213dddc07", "author_id": "a5cfe720-3b53-41fd-b49c-b18e8abceb8a", "post_id": "2abcabee-afaf-4123-a218-01282aab84a8", "post_title": "Вастрик.Клуб: запускаем бету", "reply_to_id": "fba22f82-02ff-42fb-b631-2304c701757b", "title": null, "text": "С блогом ничего не меняется", "url": null, "metadata": {"telegram": {"message": {"chat": {"id": 5613595, "type": "private", "username": "vas3k", "first_name": "Вастрик"}, "date": 1589739052, "from": {"id": 5613595, "is_bot": false, "username": "vas3k", "first_name": "Вастрик", "language_code": "en"}, "text": "С блогом ничего не меняется", "photo": [], "entities": [], "message_id": 11245, "new_chat_photo": [], "caption_entities": [], "new_chat_members": [], "reply_to_message": {"chat": {"id": 5613595, "type": "private", "username": "vas3k", "first_name": "Вастрик"}, "date": 1589738651, "from": {"id": 921354081, "is_bot": true, "username": "vas3k_club_bot", "first_name": "ВСРАТЫЙ A.I."}, "text": "💬 Новый коммент к вашему посту «Вастрик.Клуб: запускаем бету» от Liutas4x4\n\nLiutas4x4: @vas3k,\n\nТакой вопрос, не очень ...\n\nА что-то типа того, что было до клуба, аффтор писать будет или как?\n\nПосмотреть ➜", "photo": [], "entities": [{"type": "bold", "length": 30, "offset": 3}, {"url": "https://vas3k.club/post/beta/#comment-fba22f82-02ff-42fb-b631-2304c701757b", "type": "text_link", "length": 28, "offset": 33}, {"type": "bold", "length": 28, "offset": 33}, {"type": "bold", "length": 1, "offset": 61}, {"url": "https://vas3k.club/user/Liutas4x4/", "type": "text_link", "length": 9, "offset": 66}, {"type": "bold", "length": 10, "offset": 77}, {"type": "mention", "length": 6, "offset": 88}, {"url": "https://vas3k.club/post/beta/comment/fba22f82-02ff-42fb-b631-2304c701757b/#comment-fba22f82-02ff-42fb-b631-2304c701757b", "type": "text_link", "length": 12, "offset": 194}], "message_id": 11243, "new_chat_photo": [], "caption_entities": [], "new_chat_members": [], "delete_chat_photo": false, "group_chat_created": false, "channel_chat_created": false, "supergroup_chat_created": false}, "delete_chat_photo": false, "group_chat_created": false, "channel_chat_created": false, "supergroup_chat_created": false}, "update_id": 126061462, "_effective_chat": {"id": 5613595, "type": "private", "username": "vas3k", "first_name": "Вастрик"}, "_effective_user": {"id": 5613595, "is_bot": false, "username": "vas3k", "first_name": "Вастрик", "language_code": "en"}}}, "created_at": "2020-05-17T18:10:52.268252", "updated_at": "2020-05-25T14:55:31.397942", "upvotes": 2, "is_visible": true, "is_deleted": false, "is_pinned": false}, {"id": "e5de4f4d-34ee-4039-a769-fa4266692aed", "author_id": "01b4f102-aa4e-43b3-85c4-4abdc359d801", "post_id": "2abcabee-afaf-4123-a218-01282aab84a8", "post_title": "Вастрик.Клуб: запускаем бету", "reply_to_id": null, "title": null, "text": "Ок. Пасип.", "url": null, "metadata": null, "created_at": "2020-05-17T18:11:48.681199", "updated_at": "2020-05-25T14:55:33.878986", "upvotes": 0, "is_visible": true, "is_deleted": false, "is_pinned": false}, {"id": "5db29c72-8abb-45dc-8432-f1c44658aa40", "author_id": "d008a2e6-f332-4841-831e-ff21ae4266d3", "post_id": "2abcabee-afaf-4123-a218-01282aab84a8", "post_title": "Вастрик.Клуб: запускаем бету", "reply_to_id": null, "title": null, "text": ">>Так уже произошло в англоговорящем интернете пару лет назад.\r\n\r\nА про какие коммьюнити идёт речь?)", "url": null, "metadata": null, "created_at": "2020-05-18T09:50:41.366403", "updated_at": "2020-05-25T14:55:34.007546", "upvotes": 0, "is_visible": true, "is_deleted": false, "is_pinned": false}, {"id": "70746a67-87ce-43fd-9f8b-8f8025727e45", "author_id": "196facac-f031-4e48-97de-66e9a46ad9e4", "post_id": "2abcabee-afaf-4123-a218-01282aab84a8", "post_title": "Вастрик.Клуб: запускаем бету", "reply_to_id": null, "title": null, "text": "А можно редактор разметки так же к полю ввода коммента прикрутить?", "url": null, "metadata": null, "created_at": "2020-05-18T10:18:40.314106", "updated_at": "2020-05-25T14:55:34.120621", "upvotes": 0, "is_visible": true, "is_deleted": false, "is_pinned": false}, {"id": "bc790567-67ed-42ee-a16d-bd2aefc6c05a", "author_id": "a5cfe720-3b53-41fd-b49c-b18e8abceb8a", "post_id": "2abcabee-afaf-4123-a218-01282aab84a8", "post_title": "Вастрик.Клуб: запускаем бету", "reply_to_id": "70746a67-87ce-43fd-9f8b-8f8025727e45", "title": null, "text": "Что ты хочешь им делать? Ну и на самом деле он там был, но потом кто-то на гитхабе его сломал :(", "url": null, "metadata": null, "created_at": "2020-05-18T10:30:57.252377", "updated_at": "2020-05-25T14:55:34.202737", "upvotes": 0, "is_visible": true, "is_deleted": false, "is_pinned": false}, {"id": "b60e9962-2bf3-4a74-9cc8-974eee63361f", "author_id": "196facac-f031-4e48-97de-66e9a46ad9e4", "post_id": "2abcabee-afaf-4123-a218-01282aab84a8", "post_title": "Вастрик.Клуб: запускаем бету", "reply_to_id": "70746a67-87ce-43fd-9f8b-8f8025727e45", "title": null, "text": "@vas3k, ПиСаТь  КоМмЕнТы, КаК в 2007-М! (Эх, вернуться бы...) Я не для себя больше, мне не лень еще одну вкладку открыть, чтобы к разметке рано или поздно придрочиться. Но люди вон местами спрашивают, как тут ссылки ставить, текст выделять.\r\n\r\nА так еще я так и не понял, где можно за своими же комментами следить? В т.ч. за ответами на них.", "url": null, "metadata": null, "created_at": "2020-05-18T11:47:22.150918", "updated_at": "2020-05-25T14:55:34.267815", "upvotes": 0, "is_visible": true, "is_deleted": false, "is_pinned": false}, {"id": "46e3139c-2ef1-4b00-b808-e304e4eddd3f", "author_id": "a5cfe720-3b53-41fd-b49c-b18e8abceb8a", "post_id": "2abcabee-afaf-4123-a218-01282aab84a8", "post_title": "Вастрик.Клуб: запускаем бету", "reply_to_id": "70746a67-87ce-43fd-9f8b-8f8025727e45", "title": null, "text": "@hokken, самый удобный способ — подключить телеграм бота в настройках профиля. Второй по удобству — включить дейли дайджест там же. Можешь предложить еще. \r\n\r\n«Сделать вкладку нотификаций на сайте» не предлагать :)", "url": null, "metadata": null, "created_at": "2020-05-18T14:21:21.859473", "updated_at": "2020-05-25T14:55:34.321825", "upvotes": 0, "is_visible": true, "is_deleted": false, "is_pinned": false}, {"id": "e63413a5-a9cc-41b2-ad7e-0b8a135211d3", "author_id": "196facac-f031-4e48-97de-66e9a46ad9e4", "post_id": "2abcabee-afaf-4123-a218-01282aab84a8", "post_title": "Вастрик.Клуб: запускаем бету", "reply_to_id": "70746a67-87ce-43fd-9f8b-8f8025727e45", "title": null, "text": "@vas3k, да, спасибо, я как раз перечитал пост не жопой, после чего таки нашел секретный код и подпихнул боту.", "url": null, "metadata": null, "created_at": "2020-05-18T14:22:48.450417", "updated_at": "2020-05-25T14:55:34.381663", "upvotes": 0, "is_visible": true, "is_deleted": false, "is_pinned": false}, {"id": "544fb6c5-beaa-4bf4-832b-1a9c17f255e8", "author_id": "196facac-f031-4e48-97de-66e9a46ad9e4", "post_id": "2abcabee-afaf-4123-a218-01282aab84a8", "post_title": "Вастрик.Клуб: запускаем бету", "reply_to_id": "70746a67-87ce-43fd-9f8b-8f8025727e45", "title": null, "text": "@vas3k, а сделать вкладку \"все мои комменты, а не последние 3\" технически сложно?", "url": null, "metadata": null, "created_at": "2020-05-18T14:23:52.745161", "updated_at": "2020-05-25T14:55:34.436899", "upvotes": 0, "is_visible": true, "is_deleted": false, "is_pinned": false}, {"id": "23f81a9d-d13a-45a0-8ad6-5ad2291879a5", "author_id": "a5cfe720-3b53-41fd-b49c-b18e8abceb8a", "post_id": "2abcabee-afaf-4123-a218-01282aab84a8", "post_title": "Вастрик.Клуб: запускаем бету", "reply_to_id": "70746a67-87ce-43fd-9f8b-8f8025727e45", "title": null, "text": "@hokken, совсем нет. Предложи для этого невсратый UI и присылай PR на гитхабе. Трудность вижу только с пажинацией, но и она решаема. В будущем с удовольствием сделаю туда же другие вкладки типа «лайки».", "url": null, "metadata": null, "created_at": "2020-05-18T14:28:09.194429", "updated_at": "2020-05-25T14:55:34.492600", "upvotes": 2, "is_visible": true, "is_deleted": false, "is_pinned": false}, {"id": "0473b782-6ae1-4f82-aab7-040be37f4da2", "author_id": "15e1d955-11f8-4e71-8693-3b63976898e0", "post_id": "2abcabee-afaf-4123-a218-01282aab84a8", "post_title": "Вастрик.Клуб: запускаем бету", "reply_to_id": "70746a67-87ce-43fd-9f8b-8f8025727e45", "title": null, "text": "@vas3k, пушем же как у всех! :)", "url": null, "metadata": null, "created_at": "2020-05-19T15:50:02.329488", "updated_at": "2020-05-25T14:55:34.544507", "upvotes": 0, "is_visible": true, "is_deleted": false, "is_pinned": false}, {"id": "2f2c5f9b-2025-4f88-a385-d46c34cb3afe", "author_id": "3337500e-ae6f-4b62-a618-c6ea45b3f539", "post_id": "2abcabee-afaf-4123-a218-01282aab84a8", "post_title": "Вастрик.Клуб: запускаем бету", "reply_to_id": null, "title": null, "text": "При регистрации ещё упоминался телеграм-чат (не канал), может на него кто-то ссылку кинуть пожалуйста?", "url": null, "metadata": null, "created_at": "2020-05-20T12:36:49.970836", "updated_at": "2020-05-25T14:55:34.628755", "upvotes": 0, "is_visible": true, "is_deleted": false, "is_pinned": false}, {"id": "4dbf76e5-d669-4a38-b222-67e2b4cfa3fd", "author_id": "a5cfe720-3b53-41fd-b49c-b18e8abceb8a", "post_id": "2abcabee-afaf-4123-a218-01282aab84a8", "post_title": "Вастрик.Клуб: запускаем бету", "reply_to_id": "2f2c5f9b-2025-4f88-a385-d46c34cb3afe", "title": null, "text": "Пока веду подборку чатов вот здесь: https://vas3k.ru/notes/club_chat/\r\n\r\nНадо бы уже причесать ее и сделать отдельной страничкой в Клубе.", "url": null, "metadata": null, "created_at": "2020-05-20T14:50:46.672182", "updated_at": "2020-05-25T14:55:34.722578", "upvotes": 0, "is_visible": true, "is_deleted": false, "is_pinned": false}, {"id": "1703661e-ffdd-4cd2-bbef-cfb9352cbbf3", "author_id": "3337500e-ae6f-4b62-a618-c6ea45b3f539", "post_id": "2abcabee-afaf-4123-a218-01282aab84a8", "post_title": "Вастрик.Клуб: запускаем бету", "reply_to_id": null, "title": null, "text": "Спасибо!", "url": null, "metadata": null, "created_at": "2020-05-20T20:07:03.625754", "updated_at": "2020-05-20T20:07:11.457020", "upvotes": 0, "is_visible": true, "is_deleted": true, "is_pinned": false}, {"id": "ed66a582-6924-4bcd-97a9-9e56aae1e6ff", "author_id": "3337500e-ae6f-4b62-a618-c6ea45b3f539", "post_id": "2abcabee-afaf-4123-a218-01282aab84a8", "post_title": "Вастрик.Клуб: запускаем бету", "reply_to_id": "2f2c5f9b-2025-4f88-a385-d46c34cb3afe", "title": null, "text": "@vas3k, Спасибо!", "url": null, "metadata": null, "created_at": "2020-05-20T20:07:23.382431", "updated_at": "2020-05-25T14:55:34.783951", "upvotes": 0, "is_visible": true, "is_deleted": false, "is_pinned": false}]}