{"id": "64ad86a8-e82d-4e9c-a0a5-95ce4c4e4065", "author_id": "a5cfe720-3b53-41fd-b49c-b18e8abceb8a", "post_id": "a0c12b89-9922-455f-8ec7-90914fa282f7", "post_title": "Дайсмен или человек жребия", "reply_to_id": null, "title": null, "text": "Дай ссылку-то. Любую. Тут можно.\r\n\r\nНу и описание бы поподробнее, я вот ничего не понял о чем это и в каком стиле написано.", "url": null, "metadata": null, "created_at": "2020-04-22T21:37:32.186905", "updated_at": "2020-05-03T05:17:18.523990", "upvotes": 1, "is_visible": true, "is_deleted": false, "is_pinned": false}