{"comments": [{"id": "9d9b41e4-f893-4aad-b1d8-7c535aaf9cba", "author_id": "6d0810c0-94e1-4ad4-b16e-65a7a3bb6e17", "post_id": "a0c12b89-9922-455f-8ec7-90914fa282f7", "post_title": "Дайсмен или человек жребия", "reply_to_id": "64ad86a8-e82d-4e9c-a0a5-95ce4c4e4065", "title": null, "text": "Перечитал, осознал, подредактировал 👌🏿", "url": null, "metadata": null, "created_at": "2020-04-27T09:27:31.524243", "updated_at": "2020-05-03T05:17:18.539635", "upvotes": 0, "is_visible": true, "is_deleted": false, "is_pinned": false}]}