{"id": "88aca3c1-4651-4b16-b71e-e6733591b8a2", "author_id": "a5cfe720-3b53-41fd-b49c-b18e8abceb8a", "post_id": "288f7bf7-3097-40da-8439-0336128edb6c", "post_title": "github-changelog-generator", "reply_to_id": null, "title": null, "text": "Сорян, я обычно скрываю поверхностные описания проектов. Напиши чуть больше подробностей, инсайдов о разработке, проблем на пути. Хорошие примеры есть здесь: https://vas3k.club/feed/type/project/", "url": null, "metadata": null, "created_at": "2020-04-29T07:08:29.138777", "updated_at": "2020-05-02T21:19:39.743657", "upvotes": 1, "is_visible": true, "is_deleted": false, "is_pinned": false}