{"comments": [{"id": "0dc5b7be-8a39-4aeb-a598-3408b86950fc", "author_id": "cf76862d-4b81-4369-be02-8d7b09919c21", "post_id": "288f7bf7-3097-40da-8439-0336128edb6c", "post_title": "github-changelog-generator", "reply_to_id": "88aca3c1-4651-4b16-b71e-e6733591b8a2", "title": null, "text": "Ок. это в целом был больше тест, как работает сайт.  Ок, cделаю по красоте 👍\r\nСпасибо за фидбек", "url": null, "metadata": null, "created_at": "2020-04-29T07:09:40.678398", "updated_at": "2020-05-02T21:19:39.757702", "upvotes": 0, "is_visible": true, "is_deleted": false, "is_pinned": false}, {"id": "8bdd2241-6ee6-4b06-8483-f6dee639988c", "author_id": "cf76862d-4b81-4369-be02-8d7b09919c21", "post_id": "288f7bf7-3097-40da-8439-0336128edb6c", "post_title": "github-changelog-generator", "reply_to_id": "88aca3c1-4651-4b16-b71e-e6733591b8a2", "title": null, "text": "Fixed.!\r\nВастрик, спасибо тебе большое! 💓\r\nуже год хотел написать. и только ты и проект дали мне правильного волшебного пенделя, чтоб таки сделать это!", "url": null, "metadata": null, "created_at": "2020-04-30T07:42:12.623964", "updated_at": "2020-05-02T21:19:39.767175", "upvotes": 0, "is_visible": true, "is_deleted": false, "is_pinned": false}, {"id": "13357f68-5d45-420b-883f-8c274521d5e9", "author_id": "a5cfe720-3b53-41fd-b49c-b18e8abceb8a", "post_id": "288f7bf7-3097-40da-8439-0336128edb6c", "post_title": "github-changelog-generator", "reply_to_id": "88aca3c1-4651-4b16-b71e-e6733591b8a2", "title": null, "text": "@skywinder, вот теперь норм. Респекты!", "url": null, "metadata": null, "created_at": "2020-04-30T07:43:32.605557", "updated_at": "2020-05-02T21:19:39.775093", "upvotes": 1, "is_visible": true, "is_deleted": false, "is_pinned": false}]}