{"id": "82a2e909-bffe-4a0d-ac25-5549dbb7cb0c", "author_id": "a5cfe720-3b53-41fd-b49c-b18e8abceb8a", "post_id": "2abcabee-afaf-4123-a218-01282aab84a8", "post_title": "Вастрик.Клуб: запускаем бету", "reply_to_id": "5c2328ad-fedb-40d8-a869-50d686ee3fdd", "title": null, "text": "@VBodrov, да я с самоиронией скорее. Уже добавил туда уведомление для любителей адблоков", "url": null, "metadata": null, "created_at": "2020-04-23T21:32:28.606044", "updated_at": "2020-05-25T14:55:31.112297", "upvotes": 0, "is_visible": true, "is_deleted": false, "is_pinned": false}