{"id": "835df244-ab00-4fa5-a8a5-f04fea2c3352", "author_id": "a5cfe720-3b53-41fd-b49c-b18e8abceb8a", "post_id": "fbf396ac-a54d-4f8f-a11c-ebc30a152609", "post_title": "Качай личный бренд или Делай дело молча", "reply_to_id": null, "title": "Личный бренд даёт вещи, которые лучше работы", "text": "Для кого-то. Не для всех. Потому что есть два типа людей.\r\n\r\nПервым насрать на амбиции, они хотят теплый кабинет, кучу детишек и стабильное место в корпоративной иерархии. Они часто становятся отличными специалистами, потому что фокусируются лишь на том, что они делают, а делают лишь то, что говорят. \r\n\r\nВот им не нужен личный бренд. Он им как зайцу стопсигнал.\r\n\r\nЕсть вторые: их цель жизни — никогда не работать. Работа для них лишь средство достижения других целей. И вот они быстро понимают, что пока ты «молча делаешь свое дело» — ты нахуй никому в этом мире не нужен. А они хотят быть нужны.\r\n\r\nТак вот личный бренд как раз становится инструментом, с помощью которого эти новые штуки добываются. Связи, инсайды, новые проекты и другое кумовство. Весь мир держится на кумовстве, чо уж.\r\n\r\nИ тут тебе просто необходимо чтобы тебя знали. Просто это процесс очень небыстрый и личный бренд сначала будет приносить тебе лишь убытки и увольнения, а окупаться начнет лет через 15, если сможешь продержаться. Но это уже другая история.", "url": null, "metadata": {"battle": {"side": "a"}}, "created_at": "2020-04-27T12:37:10.110749", "updated_at": "2020-05-02T21:17:13.987048", "upvotes": 31, "is_visible": true, "is_deleted": false, "is_pinned": false}