{"comments": [{"id": "1e5fc24f-0e8e-4185-a589-37e6790ff142", "author_id": "01b4f102-aa4e-43b3-85c4-4abdc359d801", "post_id": "fbf396ac-a54d-4f8f-a11c-ebc30a152609", "post_title": "Качай личный бренд или Делай дело молча", "reply_to_id": "835df244-ab00-4fa5-a8a5-f04fea2c3352", "title": null, "text": "У Дудя про Кремниевую долину - там как раз много аргументов за твою подачу. Они иначе даже не мыслят, начиная со Стенфордской скамьи.", "url": null, "metadata": null, "created_at": "2020-04-28T11:40:39.773077", "updated_at": "2020-05-02T21:17:14.013921", "upvotes": 0, "is_visible": true, "is_deleted": false, "is_pinned": false}]}