{"id": "d146a245-75db-400a-a761-6b71be6ddcc6", "author_id": "a5cfe720-3b53-41fd-b49c-b18e8abceb8a", "post_id": "621ebd42-9f10-4e64-bbb9-506a22d93368", "post_title": "Склад советской учебной литературы", "reply_to_id": null, "title": null, "text": "А мог бы ты поподробнее рассказать про «грубые фактические ошибки» в современных учебниках? Мне было бы интересно. \r\n\r\nПотому что что-то мне подсказывает, что советские учебники были тоже неплохо так пропитаны цензурой и пропагандой. У меня нет детей, но я не знаю хотел бы я чтобы они росли по такой литературе.", "url": null, "metadata": null, "created_at": "2020-04-24T09:20:58.271213", "updated_at": "2020-05-03T18:17:06.797666", "upvotes": 2, "is_visible": true, "is_deleted": false, "is_pinned": false}