{"comments": [{"id": "1c89212f-5340-43d5-bbee-8173ffe6cde0", "author_id": "8bfaf7c8-feb8-4af6-b76c-d9c074b88c25", "post_id": "621ebd42-9f10-4e64-bbb9-506a22d93368", "post_title": "Склад советской учебной литературы", "reply_to_id": "d146a245-75db-400a-a761-6b71be6ddcc6", "title": null, "text": "Ну я больше всего имею в виду, конечно, точные науки. В Физике и Математике пропаганды не много. Учебники Истории это всегда отдельная тема.\n\nНужно это не для того, чтобы дать ребенку с посылом: \"На учись, по нормальным батькиным учебникам\", так всё равно не получится. Это нужно а) самому бате освежить память ученическую б) для самостоятельных занятий. Сдавать задания всё равно придется \"так как в школе учат\".\n\nПод рукой учебников нет, но самый яркий пример, который бурно обсуждали в интернете, это система \"Анны Витальевны Белошистой\". Задачка: \"В 5 чашек положили по 2 куска сахара. Сколько всего кусков сахара положили в эти чашки\"?\n\nПропаганда, не пропаганда. Но раньше существовал научный корректор в издательствах. Сейчас во многих издательствах нет даже обычного.", "url": null, "metadata": {"telegram": {"message": {"chat": {"id": 284772266, "type": "private", "username": "vbodrov", "last_name": "Bodrov", "first_name": "Vladimir"}, "date": 1587720998, "from": {"id": 284772266, "is_bot": false, "username": "vbodrov", "last_name": "Bodrov", "first_name": "Vladimir", "language_code": "ru"}, "text": "Ну я больше всего имею в виду, конечно, точные науки. В Физике и Математике пропаганды не много. Учебники Истории это всегда отдельная тема.\n\nНужно это не для того, чтобы дать ребенку с посылом: \"На учись, по нормальным батькиным учебникам\", так всё равно не получится. Это нужно а) самому бате освежить память ученическую б) для самостоятельных занятий. Сдавать задания всё равно придется \"так как в школе учат\".\n\nПод рукой учебников нет, но самый яркий пример, который бурно обсуждали в интернете, это система \"Анны Витальевны Белошистой\". Задачка: \"В 5 чашек положили по 2 куска сахара. Сколько всего кусков сахара положили в эти чашки\"?\n\nПропаганда, не пропаганда. Но раньше существовал научный корректор в издательствах. Сейчас во многих издательствах нет даже обычного.", "photo": [], "entities": [], "message_id": 509, "new_chat_photo": [], "caption_entities": [], "new_chat_members": [], "reply_to_message": {"chat": {"id": 284772266, "type": "private", "username": "vbodrov", "last_name": "Bodrov", "first_name": "Vladimir"}, "date": 1587720058, "from": {"id": 921354081, "is_bot": true, "username": "vas3k_club_bot", "first_name": "THE A.I."}, "text": "💬 Новый коммент к вашему посту «Склад советской учебной литературы»\n\nvas3k: А мог бы ты поподробнее рассказать про «грубые фактические ошибки» в современных учебниках? Мне было бы интересно.\n\nПотому что что-то мне подсказывает, что советские учебники были тоже неплохо так пропитаны цензурой и пропагандой. У меня нет детей, но я не знаю хотел бы я чтобы они росли по такой литературе.\n\nПосмотреть ➜", "photo": [], "entities": [{"type": "bold", "length": 30, "offset": 3}, {"url": "https://vas3k.club/link/254/", "type": "text_link", "length": 34, "offset": 33}, {"type": "bold", "length": 34, "offset": 33}, {"type": "bold", "length": 1, "offset": 67}, {"type": "bold", "length": 6, "offset": 70}, {"url": "https://vas3k.club/post/254/comment/d146a245-75db-400a-a761-6b71be6ddcc6/", "type": "text_link", "length": 12, "offset": 388}], "message_id": 508, "new_chat_photo": [], "caption_entities": [], "new_chat_members": [], "delete_chat_photo": false, "group_chat_created": false, "channel_chat_created": false, "supergroup_chat_created": false}, "delete_chat_photo": false, "group_chat_created": false, "channel_chat_created": false, "supergroup_chat_created": false}, "update_id": 126024963, "_effective_chat": {"id": 284772266, "type": "private", "username": "vbodrov", "last_name": "Bodrov", "first_name": "Vladimir"}, "_effective_user": {"id": 284772266, "is_bot": false, "username": "vbodrov", "last_name": "Bodrov", "first_name": "Vladimir", "language_code": "ru"}}}, "created_at": "2020-04-24T09:36:38.901072", "updated_at": "2020-05-03T18:17:06.811977", "upvotes": 0, "is_visible": true, "is_deleted": false, "is_pinned": false}, {"id": "54ab2f33-8a12-4f64-b067-f95420daeadc", "author_id": "8bfaf7c8-feb8-4af6-b76c-d9c074b88c25", "post_id": "621ebd42-9f10-4e64-bbb9-506a22d93368", "post_title": "Склад советской учебной литературы", "reply_to_id": "d146a245-75db-400a-a761-6b71be6ddcc6", "title": null, "text": "![](https://i.vas3k.club/75.jpg)", "url": null, "metadata": null, "created_at": "2020-04-24T09:37:11.768265", "updated_at": "2020-05-03T18:17:06.821655", "upvotes": 0, "is_visible": true, "is_deleted": false, "is_pinned": false}, {"id": "cda6cc7f-1c1b-42fd-a1f9-6ddec8ce7bf5", "author_id": "3ef20ac0-06b7-4881-b304-85c1b94bb1d7", "post_id": "621ebd42-9f10-4e64-bbb9-506a22d93368", "post_title": "Склад советской учебной литературы", "reply_to_id": "d146a245-75db-400a-a761-6b71be6ddcc6", "title": null, "text": "@VBodrov, мне кажется, что наличие советских учебников под рукой это очень посредственный иинструмент когда стоит цель дать ребенку хорошее образование. Необходимо контролировать качество учителей и самому прикладывать к этому руку. \r\n\r\nХороший учитель должен знать ошибки в учебниках и сам. \r\n\r\nДа и в век интернета, пф. Лучше научить детей правильно гуглить и проверять факты и источники.", "url": null, "metadata": null, "created_at": "2020-04-24T10:11:18.084583", "updated_at": "2020-05-03T18:17:06.829630", "upvotes": 1, "is_visible": true, "is_deleted": false, "is_pinned": false}, {"id": "01ccc9de-ada7-4c60-8e07-2aa074f1062d", "author_id": "8bfaf7c8-feb8-4af6-b76c-d9c074b88c25", "post_id": "621ebd42-9f10-4e64-bbb9-506a22d93368", "post_title": "Склад советской учебной литературы", "reply_to_id": "d146a245-75db-400a-a761-6b71be6ddcc6", "title": null, "text": "С утверждением, что детей должны учить люди, а не учебники я не спорю, об этом и разговор.", "url": null, "metadata": null, "created_at": "2020-04-24T10:47:40.288435", "updated_at": "2020-05-03T18:17:06.846797", "upvotes": 0, "is_visible": true, "is_deleted": false, "is_pinned": false}, {"id": "6271a612-ed95-4f7c-8627-f6b2bc1d21f2", "author_id": "01b4f102-aa4e-43b3-85c4-4abdc359d801", "post_id": "621ebd42-9f10-4e64-bbb9-506a22d93368", "post_title": "Склад советской учебной литературы", "reply_to_id": "d146a245-75db-400a-a761-6b71be6ddcc6", "title": null, "text": "Про сахар и чашки: а чё? Описано, конечно, мутно, смысл закрыт всякими \"нельзя\" и \"удобнее\", но километры в ответе или яйца динозавров - это важно. Цифра без номинала живет только в арифметике. В жизни, в науке, в физике-химии-коде-не абстракции результат имеет смысл при наличии системной размерности. Тот же кусок сахара.", "url": null, "metadata": null, "created_at": "2020-04-25T08:24:13.184573", "updated_at": "2020-05-03T18:17:06.866529", "upvotes": 0, "is_visible": true, "is_deleted": false, "is_pinned": false}, {"id": "a4c77b0d-7b2b-462d-859e-e0acbaa4a9a7", "author_id": "8bfaf7c8-feb8-4af6-b76c-d9c074b88c25", "post_id": "621ebd42-9f10-4e64-bbb9-506a22d93368", "post_title": "Склад советской учебной литературы", "reply_to_id": "d146a245-75db-400a-a761-6b71be6ddcc6", "title": null, "text": "Надеюсь вы шутите, потому что размерность в примере от перестановки множителей не изменится.\r\n\r\nПотому что размерность у кусков сахара, *на самом деле*, кусков сахара/чашка, поэтому в любом случае в результате чашки сокращаются.", "url": null, "metadata": null, "created_at": "2020-04-25T08:29:27.291357", "updated_at": "2020-05-03T18:17:06.883319", "upvotes": 0, "is_visible": true, "is_deleted": false, "is_pinned": false}]}