{"id": "b7fe1aa6-08ad-4a66-bcde-a27ba670fc21", "author_id": "a5cfe720-3b53-41fd-b49c-b18e8abceb8a", "post_id": "f73e9dde-c40e-4c72-bb07-557235327bd1", "post_title": "build-your-own-x — подборка статей как написать свой докер, блокчейн или гит", "reply_to_id": "2bcc54d7-812f-4348-9a8d-ae45154008c9", "title": null, "text": "Блин, да, это очень круто. Я бы даже рекомендовал запостить это отдельной ссылкой на главную", "url": null, "metadata": null, "created_at": "2020-04-23T08:41:08.695380", "updated_at": "2020-05-03T12:45:27.979836", "upvotes": 0, "is_visible": true, "is_deleted": false, "is_pinned": false}