{"id": "45c00106-6ad0-4309-9e8a-7d3f9f2bd64a", "author_id": "a5cfe720-3b53-41fd-b49c-b18e8abceb8a", "post_id": "d8ace0c4-2448-45a8-a0a5-08cb9f00f055", "post_title": "Как вы ведёте учёт инвестиций?", "reply_to_id": null, "title": null, "text": "Встречный вопрос: а какие есть тулзы для немосковских бирж? \r\n\r\nЯ всего-лишь откладываю излишки 300кк/сек в европейские ETF'ки и смотрю на краснеющую циферку (STONKS!), но был бы рад посмотреть на свои потери от коронавируса и мировой рецессии в модном визуальном интерфейсе! Люблю страдать, знаете ли. Чувствую, прям моё.", "url": null, "metadata": null, "created_at": "2020-05-20T13:33:28.669936", "updated_at": "2020-05-20T13:33:29.104157", "upvotes": 2, "is_visible": true, "is_deleted": false, "is_pinned": false}