{"comments": [{"id": "2c1e0e42-5fe2-40a7-a66b-5ca9c28d06a5", "author_id": "ad4a09ff-78fe-4793-92c4-e6e1d70a9e36", "post_id": "d8ace0c4-2448-45a8-a0a5-08cb9f00f055", "post_title": "Как вы ведёте учёт инвестиций?", "reply_to_id": "45c00106-6ad0-4309-9e8a-7d3f9f2bd64a", "title": null, "text": "Отличный вопрос. Проблема в том, что я в поисках зарубежных инструментов их сразу отсеивал, узнав, что московскую биржу они не поддерживают. Из совсем недавнего — https://simplywall.st/ за 80-115 долларов в год. Мне понравился интерфейсом и фичами, плюс Московская биржа там-таки есть. Не нравится только прайсом, но и то пока что раздумываю.", "url": null, "metadata": null, "created_at": "2020-05-20T13:40:50.008608", "updated_at": "2020-05-20T13:40:50.492967", "upvotes": 1, "is_visible": true, "is_deleted": false, "is_pinned": false}, {"id": "cc3ad524-20d9-4aeb-8b6b-a9fbcffa3037", "author_id": "f7565f78-e500-4eab-b3df-d366d17a1dea", "post_id": "d8ace0c4-2448-45a8-a0a5-08cb9f00f055", "post_title": "Как вы ведёте учёт инвестиций?", "reply_to_id": "45c00106-6ad0-4309-9e8a-7d3f9f2bd64a", "title": null, "text": "Мне кажется тут стоит ответить вопросом на вопрос. А какие тебе нужны тулзы для твоих \"buy and hold\" инвестиций? У большинства контор есть какие-то базовые фичи вроде отслеживания лотов (положено по закону) и cost basis (почем купил данный конкретный лот), посчета прибыли по лоту и вообще. Я больше ничем особо и не пользуюсь. Можно, конечно, копать вглубь индекса, смотреть диверсификацию и тд., но эта инфа довольно постоянная, ее проще вначале посмотреть и забыть. Я вообще автоматом каждый месяц поставил списывать со счета честно заработанные 300кк и инвестировать их в [3-fund portfolio ](https://www.bogleheads.org/wiki/Three-fund_portfolio) и не смотрю на краснеющую циферку, экономлю электричество.", "url": null, "metadata": null, "created_at": "2020-05-20T18:50:07.744201", "updated_at": "2020-05-20T18:50:08.396485", "upvotes": 0, "is_visible": true, "is_deleted": false, "is_pinned": false}]}