{"id": "de104352-3c9f-4229-ae56-06ad732cd0c6", "author_id": "a5cfe720-3b53-41fd-b49c-b18e8abceb8a", "post_id": "3fe45177-744f-441d-9fce-fd06ae202c62", "post_title": "Кто виноват, если принимают решение единогласно?", "reply_to_id": null, "title": null, "text": "> что всегда должна быть конечная инстанция, которая принимает на себя ответственность за глобальные решения.\r\n\r\nВот здесь, мне кажется, в тебе включился человек твоей культуры. Той самой, где принято «находить и наказывать виновных». Вплоть до вендетты, ну мы помним.\r\n\r\nНо есть и другие культуры, где виноватых искать не принято. Есть проблема — ее надо решать. Всё. Месть и поиски виновных — это лишние эмоции, которые вредят бизнесу. Яркий пример — современная Германия. То есть так можно и так работает.\r\n\r\nВ общем, всё это лишь культурные особенности.\r\n\r\nА про оптимальные команды я писал [целый пост](https://vas3k.ru/blog/team/), чтобы объяснить банальную вещь — команда нужна разная, в зависимости от условий. Стартап будет эффективным, когда за факапы отвечает каждый. В крупной же компании наоборот — на рядовых сотрудникам всем насрать и это по сути их защищает.", "url": null, "metadata": null, "created_at": "2020-04-18T20:37:52.755363", "updated_at": "2020-05-03T16:09:50.305521", "upvotes": 1, "is_visible": true, "is_deleted": false, "is_pinned": false}