{"comments": [{"id": "98b916cf-6ec3-4f54-a5c6-88044c086568", "author_id": "3ef20ac0-06b7-4881-b304-85c1b94bb1d7", "post_id": "3fe45177-744f-441d-9fce-fd06ae202c62", "post_title": "Кто виноват, если принимают решение единогласно?", "reply_to_id": "de104352-3c9f-4229-ae56-06ad732cd0c6", "title": null, "text": "Да, псот я читал, конечно.\r\n\r\nИ в голове вроде бы понимание есть, просто я вижу, что концепция \"не ищем виноватого\" частенько дает сбой в момент, когда наступают почти любые трудности. Но это касается только тех команд, что я видел, так что я не говорю за всю концепцию, а скорее за то, что в зависимости от набора людей в команде нужно использовать разные подходы (в посте так и говорится, да). \r\n\r\nНа данном этапе познания взаимодействия людей я бы очень хотел найти способ посмотреть на работу разных видов команд, прям по реальным примерам пройтись, правда я пока не искал есть ли где такое.", "url": null, "metadata": null, "created_at": "2020-04-18T20:48:27.552839", "updated_at": "2020-05-03T16:09:50.323784", "upvotes": 0, "is_visible": true, "is_deleted": false, "is_pinned": false}, {"id": "7208a4a7-11e6-4f86-bf9f-33efe3d2d869", "author_id": "3ef20ac0-06b7-4881-b304-85c1b94bb1d7", "post_id": "3fe45177-744f-441d-9fce-fd06ae202c62", "post_title": "Кто виноват, если принимают решение единогласно?", "reply_to_id": "de104352-3c9f-4229-ae56-06ad732cd0c6", "title": null, "text": "Надо пояснить что я имею ввиду под \"не ищем виноватого не работает в трудностях\".\r\n\r\nЭто когда под давлением какого-то фактора команда вынуждена принять непопулярное решение, а потом это выливается в неудачу или серьезную проблему, после чего все решают жить как есть, мирясь с последствиями, не пытаясь как-то разобраться в первопричинах, ведь \"мы здесь собрались не искать причину или виноватого\". \r\n\r\nСпустя N времени фактор давит снова и команда шлепается лбами об те же грабли, в итоге колесо Сансары дает оборот, а все попытки начать работать над ликвидацией фактора проваливаются на уровне \"никаких виноватых\". \r\n\r\nФактор этот, как правило, человек или группа людей.", "url": null, "metadata": null, "created_at": "2020-04-18T20:51:51.808898", "updated_at": "2020-05-03T16:09:50.334997", "upvotes": 0, "is_visible": true, "is_deleted": false, "is_pinned": false}, {"id": "5d135081-b0a6-4489-99bc-a09e8b991b33", "author_id": "a5cfe720-3b53-41fd-b49c-b18e8abceb8a", "post_id": "3fe45177-744f-441d-9fce-fd06ae202c62", "post_title": "Кто виноват, если принимают решение единогласно?", "reply_to_id": "de104352-3c9f-4229-ae56-06ad732cd0c6", "title": null, "text": "@Kirk, мне кажется, концепция дает сбой только потому что остальные члены команды точно такие же дети своей культуры, в которой принято всегда надо искать виноватых. Им просто психологически некомфорно принять это. Прям ломает пиздец. Надо помнить про эту особенность своей культуры и уметь с ней работать, только и всего.", "url": null, "metadata": null, "created_at": "2020-04-18T20:53:53.136070", "updated_at": "2020-05-03T16:09:50.344358", "upvotes": 0, "is_visible": true, "is_deleted": false, "is_pinned": false}, {"id": "44782ab1-d669-4b26-b04c-993b16e94eff", "author_id": "c8d3b239-202c-44b5-828f-43aece991b1d", "post_id": "3fe45177-744f-441d-9fce-fd06ae202c62", "post_title": "Кто виноват, если принимают решение единогласно?", "reply_to_id": "de104352-3c9f-4229-ae56-06ad732cd0c6", "title": null, "text": "@Kirk, как уже сказал Вася, это очень сильно зависит от культуры и менталитета, который напрямую отражается и в модели управления компанией. \r\n\r\nРаньше я тоже видел только модели, где командная ответственность работает только в позитивном случае, в негативном же всегда находится какая-то виноватая точка (человек, команда) и корпоративный дух куда-то развеивается. Однако, сейчас, в текущей немецкой компании, которая не является какой-то образцовой и вообще воспринимается многими как галера (хоть и продуктовая), удивительно, но вся ответственность, даже негативная -- она общая. Я бы даже сказал, что позитивные моменты, типа какие-то действия, улучшившие продажи и т.д., они поощраются даже на личном уровне, но проебами не тычут ни в команду, ни в людей. После каждого инцидента пишется документ, в котором пишут причины, решения, сколько из-за этого потерялось денег (мотивация) и шаги, как этого избежать в будущем. \r\n\r\nУвиденные цифры в евро охуенно взбадривают, но при этом ситуация не пытается тебя так запугать, что ты потом будешь бояться брать на себя инициативу и предлагать что-то \"дерзкое\", потому что будешь бояться обосраться.", "url": null, "metadata": null, "created_at": "2020-04-18T22:20:58.088633", "updated_at": "2020-05-03T16:09:50.354244", "upvotes": 0, "is_visible": true, "is_deleted": false, "is_pinned": false}, {"id": "e519fe33-8117-4e43-b4ee-b9b7f8e9413e", "author_id": "c8d3b239-202c-44b5-828f-43aece991b1d", "post_id": "3fe45177-744f-441d-9fce-fd06ae202c62", "post_title": "Кто виноват, если принимают решение единогласно?", "reply_to_id": "de104352-3c9f-4229-ae56-06ad732cd0c6", "title": null, "text": "@Kirk, кстати, в мысли про \"не ищем виноватого не работает в трудностях\" ты не учитываешь, что можно не искать виноватого, а искать саму проблему (техническую, в процессах, не важно) и решать проблему. Тебе для этого не надо унижать, обвинять, наказывать людей, твои враги -- не люди, а проблема.", "url": null, "metadata": null, "created_at": "2020-04-18T22:24:03.562499", "updated_at": "2020-05-03T16:09:50.363363", "upvotes": 1, "is_visible": true, "is_deleted": false, "is_pinned": false}, {"id": "ab98606e-b66b-439f-a9fc-0538603bcbb0", "author_id": "3ef20ac0-06b7-4881-b304-85c1b94bb1d7", "post_id": "3fe45177-744f-441d-9fce-fd06ae202c62", "post_title": "Кто виноват, если принимают решение единогласно?", "reply_to_id": "de104352-3c9f-4229-ae56-06ad732cd0c6", "title": null, "text": "@APilosian, но вот что делать, когда конкретный человек является источником проблемы?  \r\n\r\nНапример, есть в команде человек, который пользуется авторитетом, ибо долго в ней сидит и дейсвтительно обладает экспертизой, но его решения объективно говно с точки зрения и бизнеса,  и разработки.\r\n\r\nИ в течение долгого времени мне приходилось постоянно рисовать диаграмки и чуть ли не презентации делать почему нам стоит отказаться от его решения и, например, взять мое или хотя бы просто переобсудить. И каждый раз команда в итоге оказывалась на моей стороне, но очень часто я просто опускал руки и сдавался, когда не было достаточно запала чтобы начинать эту историю с доказательством чего-то, в итоге мы принимали решение, которое потом отзывалось болью у всех.\r\n\r\nТут конечно пахнет и confirmation bias'ом, и предвзятостью, и так далее, но что бы сделали вы на моем месте?\r\n\r\nДисклеймер: я не хочу защитить свою точку зрения, я хочу научиться, можете сразу ткнуть меня в книжку, если есть такая которая хорошо, а главное с примерами пояснит", "url": null, "metadata": null, "created_at": "2020-04-19T07:40:10.834851", "updated_at": "2020-05-03T16:09:50.372364", "upvotes": 0, "is_visible": true, "is_deleted": false, "is_pinned": false}, {"id": "7f73de1c-cb8b-4188-a8d9-d2aca5e6afaf", "author_id": "c8d3b239-202c-44b5-828f-43aece991b1d", "post_id": "3fe45177-744f-441d-9fce-fd06ae202c62", "post_title": "Кто виноват, если принимают решение единогласно?", "reply_to_id": "de104352-3c9f-4229-ae56-06ad732cd0c6", "title": null, "text": "@Kirk, отдельные деструктивные личности и тревожащие тебя моменты -- отличный повод для обсуждения с твоим лидом/менеджером во время 1-1 бесед с ним. Вообще, нормальный менеджер уже сам должен заметить проблему и поболтать с этим челом, или как-то перетасовать команду, чтоб этот человек не был единственным непоколебимым авторитетом или еще как-то. \r\n\r\nЯ не менеджер, я только с позиции пострадавшего рассуждаю :(", "url": null, "metadata": null, "created_at": "2020-04-19T07:58:18.879795", "updated_at": "2020-05-03T16:09:50.384266", "upvotes": 0, "is_visible": true, "is_deleted": false, "is_pinned": false}, {"id": "c86672a1-4c6d-410a-a15d-222b26c8e9fe", "author_id": "3ef20ac0-06b7-4881-b304-85c1b94bb1d7", "post_id": "3fe45177-744f-441d-9fce-fd06ae202c62", "post_title": "Кто виноват, если принимают решение единогласно?", "reply_to_id": "de104352-3c9f-4229-ae56-06ad732cd0c6", "title": null, "text": "@APilosian, к сожалению, я никогда не встречал менеджера, о котором мог бы сказать \"этот чувак умеет управлять людьми\".\r\n\r\nБывало даже, что менеджер был сам по себе источником конфликтов в команде, и на 1-1 я ему так и говорил, лол.", "url": null, "metadata": null, "created_at": "2020-04-19T08:22:45.697160", "updated_at": "2020-05-03T16:09:50.396812", "upvotes": 0, "is_visible": true, "is_deleted": false, "is_pinned": false}, {"id": "ff0795d7-3f74-4249-a3a2-9615ff159d46", "author_id": "c8d3b239-202c-44b5-828f-43aece991b1d", "post_id": "3fe45177-744f-441d-9fce-fd06ae202c62", "post_title": "Кто виноват, если принимают решение единогласно?", "reply_to_id": "de104352-3c9f-4229-ae56-06ad732cd0c6", "title": null, "text": "@Kirk, F, что еще сказать. Я человек простой, если какой-то процесс меня долгое время не устраивает и его не хотят/не могут решать, а я не хочу с этим мириться -- я иду в другой проект/компанию, win-win.", "url": null, "metadata": null, "created_at": "2020-04-19T08:25:50.252819", "updated_at": "2020-05-03T16:09:50.412886", "upvotes": 2, "is_visible": true, "is_deleted": false, "is_pinned": false}]}