{"id": "2f57f0d3-ddd2-4334-a280-72966137ae04", "author_id": "a5cfe720-3b53-41fd-b49c-b18e8abceb8a", "post_id": "b6b16e93-9fcd-4a45-89fd-fb72a024d40b", "post_title": "Как достичь консенсуса в плоских организациях", "reply_to_id": null, "title": null, "text": "Было бы очень круто, если бы ты выписал в описание краткий список тезисов из статьи. Поверхностно, но чтобы было ясно что авторы предлагают вообще.", "url": null, "metadata": null, "created_at": "2020-04-19T10:24:01.590682", "updated_at": "2020-05-03T12:48:10.869100", "upvotes": 1, "is_visible": true, "is_deleted": false, "is_pinned": false}