{"comments": [{"id": "6a512f2f-a0e3-46fb-958d-f3f84b0d4e77", "author_id": "e180b91f-4e37-464e-bd8e-db52826526ec", "post_id": "b6b16e93-9fcd-4a45-89fd-fb72a024d40b", "post_title": "Как достичь консенсуса в плоских организациях", "reply_to_id": "2f57f0d3-ddd2-4334-a280-72966137ae04", "title": null, "text": "Добавил!", "url": null, "metadata": null, "created_at": "2020-04-20T13:29:34.637870", "updated_at": "2020-05-03T12:48:10.894246", "upvotes": 2, "is_visible": true, "is_deleted": false, "is_pinned": false}, {"id": "deea6e8c-7a11-412d-969d-873823d2d093", "author_id": "a5cfe720-3b53-41fd-b49c-b18e8abceb8a", "post_id": "b6b16e93-9fcd-4a45-89fd-fb72a024d40b", "post_title": "Как достичь консенсуса в плоских организациях", "reply_to_id": "2f57f0d3-ddd2-4334-a280-72966137ae04", "title": null, "text": "Заебись!", "url": null, "metadata": {"telegram": {"message": {"chat": {"id": 5613595, "type": "private", "username": "vas3k", "first_name": "Вастрик"}, "date": 1587410689, "from": {"id": 5613595, "is_bot": false, "username": "vas3k", "first_name": "Вастрик", "language_code": "en"}, "text": "Заебись!", "photo": [], "entities": [], "message_id": 258, "new_chat_photo": [], "caption_entities": [], "new_chat_members": [], "reply_to_message": {"chat": {"id": 5613595, "type": "private", "username": "vas3k", "first_name": "Вастрик"}, "date": 1587389374, "from": {"id": 921354081, "is_bot": true, "username": "vas3k_club_bot", "first_name": "THE A.I."}, "text": "💬 Ответ на ваш реплай к посту «Как достичь консенсуса в плоских организациях»\n\nbegor:  Добавил!\n\n \n\nПосмотреть ➜", "photo": [], "entities": [{"type": "bold", "length": 27, "offset": 3}, {"url": "https://vas3k.club/link/56/", "type": "text_link", "length": 45, "offset": 32}, {"url": "https://vas3k.club/user/begor/", "type": "text_link", "length": 5, "offset": 80}, {"type": "pre", "length": 12, "offset": 87}, {"url": "https://vas3k.club/post/56/comment/6a512f2f-a0e3-46fb-958d-f3f84b0d4e77/", "type": "text_link", "length": 12, "offset": 101}], "message_id": 252, "new_chat_photo": [], "caption_entities": [], "new_chat_members": [], "delete_chat_photo": false, "group_chat_created": false, "channel_chat_created": false, "supergroup_chat_created": false}, "delete_chat_photo": false, "group_chat_created": false, "channel_chat_created": false, "supergroup_chat_created": false}, "update_id": 126024294, "_effective_chat": {"id": 5613595, "type": "private", "username": "vas3k", "first_name": "Вастрик"}, "_effective_user": {"id": 5613595, "is_bot": false, "username": "vas3k", "first_name": "Вастрик", "language_code": "en"}}}, "created_at": "2020-04-20T19:24:49.671422", "updated_at": "2020-05-03T12:48:10.912955", "upvotes": 0, "is_visible": true, "is_deleted": false, "is_pinned": false}]}