{"id": "c15ebc35-e834-440b-a527-747213dddc07", "author_id": "a5cfe720-3b53-41fd-b49c-b18e8abceb8a", "post_id": "2abcabee-afaf-4123-a218-01282aab84a8", "post_title": "Вастрик.Клуб: запускаем бету", "reply_to_id": "fba22f82-02ff-42fb-b631-2304c701757b", "title": null, "text": "С блогом ничего не меняется", "url": null, "metadata": {"telegram": {"message": {"chat": {"id": 5613595, "type": "private", "username": "vas3k", "first_name": "Вастрик"}, "date": 1589739052, "from": {"id": 5613595, "is_bot": false, "username": "vas3k", "first_name": "Вастрик", "language_code": "en"}, "text": "С блогом ничего не меняется", "photo": [], "entities": [], "message_id": 11245, "new_chat_photo": [], "caption_entities": [], "new_chat_members": [], "reply_to_message": {"chat": {"id": 5613595, "type": "private", "username": "vas3k", "first_name": "Вастрик"}, "date": 1589738651, "from": {"id": 921354081, "is_bot": true, "username": "vas3k_club_bot", "first_name": "ВСРАТЫЙ A.I."}, "text": "💬 Новый коммент к вашему посту «Вастрик.Клуб: запускаем бету» от Liutas4x4\n\nLiutas4x4: @vas3k,\n\nТакой вопрос, не очень ...\n\nА что-то типа того, что было до клуба, аффтор писать будет или как?\n\nПосмотреть ➜", "photo": [], "entities": [{"type": "bold", "length": 30, "offset": 3}, {"url": "https://vas3k.club/post/beta/#comment-fba22f82-02ff-42fb-b631-2304c701757b", "type": "text_link", "length": 28, "offset": 33}, {"type": "bold", "length": 28, "offset": 33}, {"type": "bold", "length": 1, "offset": 61}, {"url": "https://vas3k.club/user/Liutas4x4/", "type": "text_link", "length": 9, "offset": 66}, {"type": "bold", "length": 10, "offset": 77}, {"type": "mention", "length": 6, "offset": 88}, {"url": "https://vas3k.club/post/beta/comment/fba22f82-02ff-42fb-b631-2304c701757b/#comment-fba22f82-02ff-42fb-b631-2304c701757b", "type": "text_link", "length": 12, "offset": 194}], "message_id": 11243, "new_chat_photo": [], "caption_entities": [], "new_chat_members": [], "delete_chat_photo": false, "group_chat_created": false, "channel_chat_created": false, "supergroup_chat_created": false}, "delete_chat_photo": false, "group_chat_created": false, "channel_chat_created": false, "supergroup_chat_created": false}, "update_id": 126061462, "_effective_chat": {"id": 5613595, "type": "private", "username": "vas3k", "first_name": "Вастрик"}, "_effective_user": {"id": 5613595, "is_bot": false, "username": "vas3k", "first_name": "Вастрик", "language_code": "en"}}}, "created_at": "2020-05-17T18:10:52.268252", "updated_at": "2020-05-25T14:55:31.397942", "upvotes": 2, "is_visible": true, "is_deleted": false, "is_pinned": false}