{"id": "4f33f503-0d9c-4732-9beb-520e4ee42978", "author_id": "a5cfe720-3b53-41fd-b49c-b18e8abceb8a", "post_id": "2abcabee-afaf-4123-a218-01282aab84a8", "post_title": "Вастрик.Клуб: запускаем бету", "reply_to_id": "d07e9349-5b49-4b89-affa-fc9997fbacfb", "title": null, "text": "> а то это почти забытый навык (эх, форумы, эх, ЖЖ...).\r\n\r\nДа, навык ведения аргументированных дискуссий на сайтах давно утерян, потому одна из главных фишек Клуба — что я научил телеграм-бота постить комменты и отправлять на них реплаи прямо из клубных чатов, где люди привыкли общаться. Думаю, это поможет :D\r\n\r\n> Что это? Лень? Боязнь выходить за границы привычного круга общения?\r\n\r\nЭто взросление. Мы становимся сложнее. В детстве ты подходил к поцану в песочнице и говорил «у меня тоже красная куртка, давай дружить», а теперь у вас должны сойтись примерно 100 разных вкусов и взглядов на все просто чтобы вы друг другу глотки не перегрызли. Так и живем. \r\n\r\nЧем сложнее наши миры — тем более они одиноки.", "url": null, "metadata": null, "created_at": "2020-04-22T14:46:07.365232", "updated_at": "2020-05-25T14:55:30.174142", "upvotes": 6, "is_visible": true, "is_deleted": false, "is_pinned": false}