{"user_expertise": [{"user_id": "a5cfe720-3b53-41fd-b49c-b18e8abceb8a", "name": "Python", "value": 100, "created_at": "2020-04-10T12:54:22.630107"}, {"user_id": "a5cfe720-3b53-41fd-b49c-b18e8abceb8a", "name": "Бекенд", "value": 91, "created_at": "2020-04-10T12:54:28.890277"}, {"user_id": "a5cfe720-3b53-41fd-b49c-b18e8abceb8a", "name": "Фронтенд", "value": 16, "created_at": "2020-04-10T12:54:34.151480"}, {"user_id": "a5cfe720-3b53-41fd-b49c-b18e8abceb8a", "name": "IoT", "value": 58, "created_at": "2020-04-10T12:54:56.504760"}, {"user_id": "a5cfe720-3b53-41fd-b49c-b18e8abceb8a", "name": "NLP", "value": 50, "created_at": "2020-04-10T12:55:08.318441"}, {"user_id": "a5cfe720-3b53-41fd-b49c-b18e8abceb8a", "name": "Инфраструктура", "value": 64, "created_at": "2020-04-10T12:55:35.350216"}, {"user_id": "a5cfe720-3b53-41fd-b49c-b18e8abceb8a", "name": "Данные и аналитика", "value": 82, "created_at": "2020-04-10T12:55:55.914331"}, {"user_id": "a5cfe720-3b53-41fd-b49c-b18e8abceb8a", "name": "Винишко", "value": 68, "created_at": "2020-04-13T18:40:07.969079"}, {"user_id": "a5cfe720-3b53-41fd-b49c-b18e8abceb8a", "name": "Блоггинг", "value": 39, "created_at": "2020-04-13T18:40:39.159212"}]}