{"id": "a5cfe720-3b53-41fd-b49c-b18e8abceb8a", "slug": "vas3k", "email": "me@vas3k.ru", "full_name": "Вастрикъ", "avatar": "https://pepic.vas3k.club/4dcb739be31307e8e74adcaac77356810edd19d941fd316bfc7f15daa4a78714.png", "company": "Anaconda Inc.", "position": "Блогер, питонист, мизантроп", "city": "Берлин", "country": "Германия", "bio": "🏠 [vas3k.ru](https://vas3k.ru) · 🦆 [Twitter](https://twitter.com/vas3k) · 💬 [Telegram](https://t.me/vas3k_channel) · 👨‍💻 [Github](http://github.com/vas3k)", "contact": "me+kek@vas3k.ru", "hat": null, "balance": 0, "upvotes": 1233, "created_at": "2020-04-10T09:51:30.783226", "updated_at": "2020-08-21T07:37:22.540227", "last_activity_at": "2020-08-21T16:47:22.701029", "membership_started_at": "2020-04-10T09:51:30.767406", "membership_expires_at": "2120-07-13T15:50:27.200809", "membership_platform_type": "patreon", "patreon_id": "8724543", "email_digest_type": "nope", "telegram_id": "5613595", "telegram_data": {"id": 5613595, "username": "vas3k", "last_name": null, "first_name": "Вастрик", "language_code": "en"}, "stripe_id": "cus_HgfPZaQf7yWaTx", "is_email_verified": true, "is_email_unsubscribed": false, "moderation_status": "approved", "roles": ["god"]}