{"user_tags": [{"user_id": "a5cfe720-3b53-41fd-b49c-b18e8abceb8a", "name": "🏗 Пет-проджекты", "created_at": "2020-04-10T12:47:21.178593"}, {"user_id": "a5cfe720-3b53-41fd-b49c-b18e8abceb8a", "name": "🛣 Путешествую", "created_at": "2020-04-10T12:47:24.156316"}, {"user_id": "a5cfe720-3b53-41fd-b49c-b18e8abceb8a", "name": "✏️ Пишу", "created_at": "2020-04-10T12:47:24.720729"}, {"user_id": "a5cfe720-3b53-41fd-b49c-b18e8abceb8a", "name": "🍸 Бухаю", "created_at": "2020-04-10T12:47:25.638931"}, {"user_id": "a5cfe720-3b53-41fd-b49c-b18e8abceb8a", "name": "👷‍♀️ Строю", "created_at": "2020-04-10T12:47:26.425729"}, {"user_id": "a5cfe720-3b53-41fd-b49c-b18e8abceb8a", "name": "✈️ Самолеты", "created_at": "2020-04-10T12:47:38.477619"}, {"user_id": "a5cfe720-3b53-41fd-b49c-b18e8abceb8a", "name": "🧪 Экспериментатор", "created_at": "2020-04-10T12:47:45.759268"}, {"user_id": "a5cfe720-3b53-41fd-b49c-b18e8abceb8a", "name": "🎛 Контрол-фрик", "created_at": "2020-04-10T12:47:51.050074"}, {"user_id": "a5cfe720-3b53-41fd-b49c-b18e8abceb8a", "name": "🍻 Пиво", "created_at": "2020-04-10T12:47:58.694576"}, {"user_id": "a5cfe720-3b53-41fd-b49c-b18e8abceb8a", "name": "🍷 Вино", "created_at": "2020-04-10T12:47:59.155171"}, {"user_id": "a5cfe720-3b53-41fd-b49c-b18e8abceb8a", "name": "☕️ ️Кофе", "created_at": "2020-04-10T12:47:59.974600"}, {"user_id": "a5cfe720-3b53-41fd-b49c-b18e8abceb8a", "name": "🥵 Выгорал", "created_at": "2020-04-10T12:48:01.907004"}, {"user_id": "a5cfe720-3b53-41fd-b49c-b18e8abceb8a", "name": "🐶 Пёсики", "created_at": "2020-04-10T12:48:04.483826"}, {"user_id": "a5cfe720-3b53-41fd-b49c-b18e8abceb8a", "name": "🌃 Большие города", "created_at": "2020-04-10T12:48:05.773695"}, {"user_id": "a5cfe720-3b53-41fd-b49c-b18e8abceb8a", "name": "🍎 Mac", "created_at": "2020-04-11T19:39:13.752680"}, {"user_id": "a5cfe720-3b53-41fd-b49c-b18e8abceb8a", "name": "⌚️ iOS", "created_at": "2020-04-13T18:38:54.650170"}, {"user_id": "a5cfe720-3b53-41fd-b49c-b18e8abceb8a", "name": "🚴‍♀️ Велосипед", "created_at": "2020-04-13T18:39:10.470138"}, {"user_id": "a5cfe720-3b53-41fd-b49c-b18e8abceb8a", "name": "🎯 Центризм", "created_at": "2020-04-19T08:46:41.251875"}, {"user_id": "a5cfe720-3b53-41fd-b49c-b18e8abceb8a", "name": "👩‍💻 Трудоголик", "created_at": "2020-04-19T08:46:54.344673"}, {"user_id": "a5cfe720-3b53-41fd-b49c-b18e8abceb8a", "name": "🏂 Доски", "created_at": "2020-04-19T08:47:02.883703"}, {"user_id": "a5cfe720-3b53-41fd-b49c-b18e8abceb8a", "name": "🧘‍♂️ Люблю уединение", "created_at": "2020-05-23T10:23:29.130119"}, {"user_id": "a5cfe720-3b53-41fd-b49c-b18e8abceb8a", "name": "🎸 Могу проконсультировать за деньги", "created_at": "2020-05-23T18:06:55.059149"}, {"user_id": "a5cfe720-3b53-41fd-b49c-b18e8abceb8a", "name": "🏔 Можем вместе попутешествовать", "created_at": "2020-05-23T18:06:56.127387"}, {"user_id": "a5cfe720-3b53-41fd-b49c-b18e8abceb8a", "name": "💼 Могу зареферить в компанию", "created_at": "2020-05-23T18:06:56.475844"}, {"user_id": "a5cfe720-3b53-41fd-b49c-b18e8abceb8a", "name": "🛌 Могу вписать на ночь", "created_at": "2020-05-23T18:06:56.817282"}, {"user_id": "a5cfe720-3b53-41fd-b49c-b18e8abceb8a", "name": "👎 Пессимист", "created_at": "2020-05-23T19:13:50.318454"}, {"user_id": "a5cfe720-3b53-41fd-b49c-b18e8abceb8a", "name": "🍻 Можем выпить по пиву", "created_at": "2020-05-23T19:17:42.353568"}, {"user_id": "a5cfe720-3b53-41fd-b49c-b18e8abceb8a", "name": "🤪️ Ищу движ", "created_at": "2020-05-24T16:12:00.516309"}]}