{"id": "96e1bee0-023e-4ec0-95d8-2a372c670e2a", "slug": "2228", "author_id": "a5cfe720-3b53-41fd-b49c-b18e8abceb8a", "type": "idea", "topic": null, "label": null, "title": "Как Notion только с рабочим копипастом", "text": "Вот было бы круто!\r\n\r\n- Список\r\n\t- Список\r\n\t- Еще список\r\n- Спикоа ааа\r\n\t- Список", "url": null, "image": null, "metadata": null, "created_at": "2020-05-22T20:06:38.057488", "updated_at": "2020-05-25T07:38:57.772755", "last_activity_at": "2020-05-25T07:38:57.772546", "comment_count": 3, "view_count": 6, "upvotes": 0}