{"id": "9cd76ffd-b8bc-4913-a1bb-8d4ed371ad38", "author_id": "a5cfe720-3b53-41fd-b49c-b18e8abceb8a", "post_id": "46b9c3a9-7339-4b72-9225-0b4de5e362cb", "post_title": "Как вывезти деньги за бугор?", "reply_to_id": "11bc9cc7-2a0d-408d-ab9d-8dfbea261a13", "title": null, "text": "@PavloPyrig, тогда я бы заводил честный шведский аккаунт на свое имя и переводил туда свифтом как свои же деньги. Уточни у местных ребят особенности. Обычно у налоговой к таким операциям нет вопросов, это ведь твои деньги, ты просто переводишь их между своими счетами, не брать же с них каждый раз налог. Думаю, они в курсе, что любой мигрант приезжает с накопленным багажом. Хотя для Швеции уточни.", "url": null, "metadata": null, "created_at": "2020-04-29T14:25:38.606961", "updated_at": "2020-05-02T21:13:19.291414", "upvotes": 1, "is_visible": true, "is_deleted": false, "is_pinned": false}