{"id": "bc2c68cf-099b-41c3-9341-a756e12f4576", "author_id": "a5cfe720-3b53-41fd-b49c-b18e8abceb8a", "post_id": "84708982-56d8-4e40-be04-957e58d880e1", "post_title": "Валить или Остаться", "reply_to_id": null, "title": "Вернуться — это не страшно", "text": "Нашей культуре очень свойственны крайности и максимализм . Поэтому считается, мол, если уехал — обязательно навсегда. Вернулся — значит что-то не получилось, неудачник, позор.\r\n\r\nЭто полная хуйня.\r\n\r\nКакие-нибудь Чехи спокойно едут после универа в Германию набираться мудрости в Siemens'ах, а потом так же возвращаются и делают Шкоды. Они никуда не «валят» и не пытаются судорожно «интегрироваться».\r\n\r\nКанадцы могут прожить в Европе 10 лет, обзавестись семьей, открыть бизнес и всё еще называть себя канадцами и даже праздновать канадские праздники.\r\n\r\nИ только русские, блять, едут РАЗ И НАВСЕГДА.\r\n\r\nНа самом деле, один раз вернувшись, понимаешь, что как будто побывал в петле времени, где за каждый год получил 3х опыта, охуительных историй и теперь ты не «федя из барнаула», а «Сеньор Федор с европейским опытом». \r\n\r\nИ ты правда будешь «взрослее» чтоле большинства таких же как ты.", "url": null, "metadata": {"battle": {"side": "a"}}, "created_at": "2020-04-24T20:02:19.668593", "updated_at": "2020-05-02T21:13:15.109912", "upvotes": 102, "is_visible": true, "is_deleted": false, "is_pinned": false}