{"comments": [{"id": "98266b41-3e97-4e57-98f2-52c74b53debd", "author_id": "e180b91f-4e37-464e-bd8e-db52826526ec", "post_id": "84708982-56d8-4e40-be04-957e58d880e1", "post_title": "Валить или Остаться", "reply_to_id": "bc2c68cf-099b-41c3-9341-a756e12f4576", "title": null, "text": "Отдуши плюсую.\r\nКак будто какой-то блок у людей, \"раз уехал, значит возращаться западло\". Хотя возвращение порой открывает возможностей больше, чем пердение забугром и является шагом вперед.", "url": null, "metadata": null, "created_at": "2020-04-24T20:04:25.703180", "updated_at": "2020-05-02T21:13:15.129377", "upvotes": 15, "is_visible": true, "is_deleted": false, "is_pinned": false}, {"id": "c1e5989f-fea0-44b4-b52f-6908dd867084", "author_id": "c8d3b239-202c-44b5-828f-43aece991b1d", "post_id": "84708982-56d8-4e40-be04-957e58d880e1", "post_title": "Валить или Остаться", "reply_to_id": "bc2c68cf-099b-41c3-9341-a756e12f4576", "title": null, "text": "Потому что в России люди если уезжают, то у них в голове это достижение, это огромный шаг, это большие приготовления, это новая жизнь. А в европе это как съездить в соседний городок, поучиться в универе или поработать. По-сути, я не видел в России унижений за то, что ты поехал в другой город поучиться и вернулся, но при этом люди, «вырвашиеся из мордора», и вернувшиеся, считаются проигравшими, сдавшимися и пиздец", "url": null, "metadata": null, "created_at": "2020-04-24T20:05:35.688325", "updated_at": "2020-05-02T21:13:15.141318", "upvotes": 13, "is_visible": true, "is_deleted": false, "is_pinned": false}, {"id": "03096dd0-71da-4d65-b450-b19625035f91", "author_id": "a123203a-3006-415f-a167-25171e6752c4", "post_id": "84708982-56d8-4e40-be04-957e58d880e1", "post_title": "Валить или Остаться", "reply_to_id": "bc2c68cf-099b-41c3-9341-a756e12f4576", "title": null, "text": "Люто плюсую. Валить, чтобы вернуться, чтобы (возможно) свалить опять", "url": null, "metadata": null, "created_at": "2020-04-25T08:52:10.061713", "updated_at": "2020-05-02T21:13:15.154138", "upvotes": 1, "is_visible": true, "is_deleted": false, "is_pinned": false}, {"id": "941e2872-b73a-4e5d-b49d-564e2b962bdf", "author_id": "3d96701f-bbf6-4b34-b3f5-8ad4b5bead30", "post_id": "84708982-56d8-4e40-be04-957e58d880e1", "post_title": "Валить или Остаться", "reply_to_id": "bc2c68cf-099b-41c3-9341-a756e12f4576", "title": null, "text": "@APilosian, ты просто не уезжал из провинции в Москву! Ещё как унижают за переезд! Даже в довольно крупном Новосибирске постоянно говорят, что мы зажрались тут у себя в столицах. В основном это происходит обезличенно, но ты прекрасно понимаешь, о ком речь.", "url": null, "metadata": null, "created_at": "2020-04-27T09:58:44.438557", "updated_at": "2020-05-02T21:13:15.169093", "upvotes": 6, "is_visible": true, "is_deleted": false, "is_pinned": false}, {"id": "b168ef13-79fc-47c2-8e6f-0ccee66cb93b", "author_id": "d7c5d223-2b66-4ccc-b7f9-69fb31e85869", "post_id": "84708982-56d8-4e40-be04-957e58d880e1", "post_title": "Валить или Остаться", "reply_to_id": "bc2c68cf-099b-41c3-9341-a756e12f4576", "title": null, "text": "> И ты правда будешь «взрослее» чтоле большинства таких же как ты.\r\n\r\nДумаю это в силу столкновения с жизненными трудностями и ситуциями. По себе заметила, что становилась «взрослее» и мудрее только после жизненных кризисов из которых надо было как-то выбираться. После них на все смотришь куда проще.", "url": null, "metadata": null, "created_at": "2020-04-27T11:26:36.799090", "updated_at": "2020-05-02T21:13:15.179216", "upvotes": 0, "is_visible": true, "is_deleted": false, "is_pinned": false}, {"id": "03e1cdc9-03f3-475b-8bc2-9c438d54ed52", "author_id": "9dcef6f0-cf0f-4598-bcac-46171a41ab50", "post_id": "84708982-56d8-4e40-be04-957e58d880e1", "post_title": "Валить или Остаться", "reply_to_id": "bc2c68cf-099b-41c3-9341-a756e12f4576", "title": null, "text": "@emocoder, За формулировку \"Москва - не Россия\" тут принято тапками бить? :)\r\n\r\nНо вообще например если ты из какого-нибудь Новокузнецка едешь в Новосиб, учишься и возвращаешься - это в Сибири вполне норм.\r\n\r\nМетодом тыка определяем что некомильфо считается вернуться из региона более близкого к столицам.", "url": null, "metadata": null, "created_at": "2020-05-02T08:16:26.853024", "updated_at": "2020-05-02T21:13:15.197615", "upvotes": 3, "is_visible": true, "is_deleted": false, "is_pinned": false}, {"id": "e3f5601f-0abf-4934-b785-f86fa98cfe06", "author_id": "9dcef6f0-cf0f-4598-bcac-46171a41ab50", "post_id": "84708982-56d8-4e40-be04-957e58d880e1", "post_title": "Валить или Остаться", "reply_to_id": "bc2c68cf-099b-41c3-9341-a756e12f4576", "title": null, "text": "Вась, ну вот давай по-честному, ты бы в Новосибирск сейчас вернулся? Едва ли он сможет предложить тебе нечто лучшее.", "url": null, "metadata": null, "created_at": "2020-05-02T08:17:14.522800", "updated_at": "2020-05-02T21:13:15.211380", "upvotes": 3, "is_visible": true, "is_deleted": false, "is_pinned": false}, {"id": "098cacc5-5663-43ac-9371-6688f0b9e1ac", "author_id": "c14cca0b-157e-438f-8166-d95a92bc3c04", "post_id": "84708982-56d8-4e40-be04-957e58d880e1", "post_title": "Валить или Остаться", "reply_to_id": "bc2c68cf-099b-41c3-9341-a756e12f4576", "title": null, "text": "@GavinBelson, не знаю, в моем \"окружении\" (ну просто знакомые скорее) за возвращение из новосиба в новокузнецк вполне себе порицание можно было получить. Я уезжал в Новосиб из Кузни на работу и вернулся спустя пару месяцев на старое место работы, потому что оказалось, что в Новосибе не выиграл(а даже проиграл, ну сам дурак) ничего по деньгам и условиям. И вот знакомые меня не поняли. Мол вернулся, проиграл. Мне так-то пофиг на их мнения. Но сам факт :)", "url": null, "metadata": null, "created_at": "2020-05-10T10:02:46.925508", "updated_at": "2020-05-10T10:02:47.510717", "upvotes": 0, "is_visible": true, "is_deleted": false, "is_pinned": false}]}