{"id": "7c912cf1-9190-4cca-a0bd-7a4511a2b7be", "author_id": "a5cfe720-3b53-41fd-b49c-b18e8abceb8a", "post_id": "4427d3f9-e8d2-43e3-b78f-e0a3015a85b9", "post_title": "Я в подкасте у Фила Ранжина", "reply_to_id": null, "title": null, "text": "Ну хоть напиши коротко о чем говорили-то. Не все тебя так хорошо знают пока :)", "url": null, "metadata": null, "created_at": "2020-05-10T19:45:20.731721", "updated_at": "2020-05-10T19:45:21.254329", "upvotes": 1, "is_visible": true, "is_deleted": false, "is_pinned": false}