{"comments": [{"id": "9f4e1d60-0ba8-496a-99d9-fb57aa22e6cb", "author_id": "9dcef6f0-cf0f-4598-bcac-46171a41ab50", "post_id": "4427d3f9-e8d2-43e3-b78f-e0a3015a85b9", "post_title": "Я в подкасте у Фила Ранжина", "reply_to_id": "7c912cf1-9190-4cca-a0bd-7a4511a2b7be", "title": null, "text": "Сделал :)", "url": null, "metadata": null, "created_at": "2020-05-10T19:53:28.659130", "updated_at": "2020-05-10T19:53:28.964468", "upvotes": 0, "is_visible": true, "is_deleted": false, "is_pinned": false}]}