{"id": "af08ff46-d4b7-4399-b069-6a6322cb4671", "author_id": "a5cfe720-3b53-41fd-b49c-b18e8abceb8a", "post_id": "b0d9b8ef-27a8-49fc-ba63-84b5e989b546", "post_title": "Встречи 1 на 1. В чём профит?", "reply_to_id": "e572179e-660d-402c-b41a-eaca58cea76c", "title": null, "text": "@lleni, фидбек — это заблуждения другого человека о том, как мне строить свою жизнь и карьеру? Мне правда всегда было интересно зачем мне эта информация.\r\n\r\nЯ понимаю, если это ментор, которым я хочу вдохновляться и подражать. Тогда вопросов нет. Но это ведь тупо нанятый с улицы пипл-менеджер.", "url": null, "metadata": null, "created_at": "2020-04-27T18:36:15.150673", "updated_at": "2020-05-02T21:58:16.210855", "upvotes": 2, "is_visible": true, "is_deleted": false, "is_pinned": false}