{"id": "97c29884-51c2-4c34-a730-66f191420488", "author_id": "a5cfe720-3b53-41fd-b49c-b18e8abceb8a", "post_id": "6480ac2b-5558-499d-b599-1a297988beb8", "post_title": "Софт становится хуже или Софт становится лучше", "reply_to_id": "e3606e0c-c996-4e1a-b472-9f4995e8385a", "title": null, "text": "@zalivka, не скажи. Если 10 лет назад чтобы сделать интернет-магазин тебе нужен был программист, то сейчас тебе нужен Shopify. Вот это и есть NoCode, а не все эти сказки.", "url": null, "metadata": null, "created_at": "2020-05-06T19:51:22.550647", "updated_at": "2020-05-06T19:55:22.045234", "upvotes": 4, "is_visible": true, "is_deleted": false, "is_pinned": false}