{"id": "e617befb-f90c-442f-90c3-30daf38edb37", "author_id": "a5cfe720-3b53-41fd-b49c-b18e8abceb8a", "post_id": "2abcabee-afaf-4123-a218-01282aab84a8", "post_title": "Вастрик.Клуб: запускаем бету", "reply_to_id": "0c4bb25b-3e6b-4464-bff4-b258f42092a5", "title": null, "text": "Код откроется вместе с выходом проекта из беты. Слово \"бета\" как бы подразумевает то, что не все вещи сейчас работают. Многие штуки переписываюстя и правятся прямо сейчас поверх. Конкретно эту проблему я не считаю критической на данном этапе, чтобы два раза ради неё вставать.", "url": null, "metadata": null, "created_at": "2020-04-20T11:48:04.832656", "updated_at": "2020-05-25T14:55:31.565748", "upvotes": 2, "is_visible": true, "is_deleted": false, "is_pinned": false}