{"id": "73efbb44-69cf-4674-a8f3-61be1121c526", "author_id": "a5cfe720-3b53-41fd-b49c-b18e8abceb8a", "post_id": "ef42d856-9720-434c-800f-a5943cce5884", "post_title": "🧠 The Psychology of Design: 101 Cognitive Biases & Principles That Affect Your UX", "reply_to_id": "9db76c41-87da-4283-809a-62d18189b7e2", "title": null, "text": "Вот это наркоманская идея. Мне нравится!\r\n\r\nНа самом деле раздел «участники клуба» обязательно будет. Он же поможет в следующей итерации Клуба, когда будем делать менторинг. Потому надо сначала всё хорошо продумать, да", "url": null, "metadata": null, "created_at": "2020-05-18T13:10:55.961085", "updated_at": "2020-05-18T13:10:56.848979", "upvotes": 0, "is_visible": true, "is_deleted": false, "is_pinned": false}