{"id": "cbe72fd2-61fd-4b07-abcf-2986d0902f49", "author_id": "a5cfe720-3b53-41fd-b49c-b18e8abceb8a", "post_id": "2562b4c8-8d39-4622-82da-eaebe57570eb", "post_title": "Как эффективно настроить платную рекламу в Facebook и Instagram, если бюджет минимальный?", "reply_to_id": null, "title": null, "text": "Привет. К сожалению, такой контент не подходит под тип «вопросы». Я сменю его на обычный пост. \r\n\r\nЕще он кривовато оформлен и выглядит рекламным метериалом или копипастой. Такой контент пока не проходит нашу планку качества.\r\n\r\nЯ перенесу его тебе в черновики чтобы ты смог доработать его или как-то переписать.", "url": null, "metadata": null, "created_at": "2020-04-21T06:47:40.320853", "updated_at": "2020-04-21T06:47:40.508673", "upvotes": 0, "is_visible": true, "is_deleted": false, "is_pinned": false}