{"comments": [{"id": "22a71f94-3ca0-4f5c-906a-b5c4b1dc02f6", "author_id": "81b7413d-398d-48f2-abc4-52eeb0a49c29", "post_id": "2562b4c8-8d39-4622-82da-eaebe57570eb", "post_title": "Как эффективно настроить платную рекламу в Facebook и Instagram, если бюджет минимальный?", "reply_to_id": "cbe72fd2-61fd-4b07-abcf-2986d0902f49", "title": null, "text": "Ага, я пока вникаю ))) я его с ноушена копипастнул, чтобы дописать.", "url": null, "metadata": null, "created_at": "2020-04-21T07:15:34.728936", "updated_at": "2020-05-08T11:49:06.847943", "upvotes": 0, "is_visible": true, "is_deleted": false, "is_pinned": false}, {"id": "1b6ad2ea-e48d-4266-93e1-7408ba58385e", "author_id": "a5cfe720-3b53-41fd-b49c-b18e8abceb8a", "post_id": "2562b4c8-8d39-4622-82da-eaebe57570eb", "post_title": "Как эффективно настроить платную рекламу в Facebook и Instagram, если бюджет минимальный?", "reply_to_id": "cbe72fd2-61fd-4b07-abcf-2986d0902f49", "title": null, "text": "@artpetercom, там можно жать «сохранить черновик» и тогда пост не будет поститься на всех :)", "url": null, "metadata": null, "created_at": "2020-04-21T07:16:51.186388", "updated_at": "2020-04-21T07:16:51.413256", "upvotes": 0, "is_visible": true, "is_deleted": false, "is_pinned": false}]}