{"id": "8b6e54d4-2b67-4b33-a98d-d3ed2ebf5da3", "author_id": "a5cfe720-3b53-41fd-b49c-b18e8abceb8a", "post_id": "96e1bee0-023e-4ec0-95d8-2a372c670e2a", "post_title": "Как Notion только с рабочим копипастом", "reply_to_id": null, "title": null, "text": "Тестируем новые **шоткаты**", "url": null, "metadata": null, "created_at": "2020-05-25T07:38:38.433969", "updated_at": "2020-05-25T07:38:39.102085", "upvotes": 0, "is_visible": true, "is_deleted": false, "is_pinned": false}