{"id": "e055a509-afd5-4f07-9796-c69eaee37685", "author_id": "a5cfe720-3b53-41fd-b49c-b18e8abceb8a", "post_id": "a5e7dc36-0d62-4578-9689-8e6470820d9e", "post_title": "О павлинах в айти", "reply_to_id": "7bb1def2-b459-4b1c-9e35-c7e23aa95356", "title": null, "text": "Жиза. Только они до сих пор смеются", "url": null, "metadata": null, "created_at": "2020-04-28T19:00:49.567366", "updated_at": "2020-05-07T21:29:49.674089", "upvotes": 0, "is_visible": true, "is_deleted": false, "is_pinned": false}