{"id": "8a0d2ba8-1269-40f1-8b9a-40d8e4f6676d", "author_id": "a5cfe720-3b53-41fd-b49c-b18e8abceb8a", "post_id": "03f4f986-b21a-4f9c-b627-0e9829d86d13", "post_title": "#intro от @LizaVorobyova", "reply_to_id": null, "title": null, "text": "Воу, вот это круто. Я бы с удовольствием тоже почитал про поездку в антарктиду и другие дикие места, по которым тебя жизнь помотала. \r\n\r\nМне всегда интересно как люди не из айти попадают в Калифорнии, Барселоны и встречают мужа в Будапеште. \r\n\r\nА то мой круг общения сильно ограничен айтишной тусовкой, потому мне редко удаётся послушать какие-то еще истории, кроме «ну офер в гугл дали, я и поехал».", "url": null, "metadata": null, "created_at": "2020-04-20T10:51:04.249282", "updated_at": "2020-05-03T12:05:15.984487", "upvotes": 9, "is_visible": true, "is_deleted": false, "is_pinned": false}