{"id": "e4615ab8-d349-4afb-ba3b-e7e4e943e727", "author_id": "a5cfe720-3b53-41fd-b49c-b18e8abceb8a", "post_id": "beacdb5a-458d-41bf-b809-02812d9d3620", "post_title": "Вот что гугл-реклама знает о вас", "reply_to_id": "809949cf-0f26-471d-ae58-b0924eb03057", "title": null, "text": "Тут всё просто: таргетированная реклама позволяет влиять на твое мнение. Например, заставить тебя выбрать нужного политика, просто потому что он заплатил Фейсбуку больше денег. Почитай про Cambridge Analytica (про это даже фильм с Кембербетчем сняли, рекомендую, кстати).\r\n\r\nПотому в 2020 за таргетинг принято бить по рукам: https://www.theguardian.com/world/2019/nov/05/targeted-ads-fake-news-clickbait-surveillance-capitalism-data-mining-democracy\r\n\r\nЯ прекрасно понимаю, что людям из России в основном поебать на все эти проблемы первого мира, когда в их стране есть проблемы посерьезнее. В рунете 99% не понимают вообще что в этом такого и думают, что таргетинг — это когда чайники в выдаче рекомендуют.\r\n\r\nНо ты можешь попытаться вникнуть что в том самом первом мире сейчас происходит и поймешь, что это одна из серьезных проблем, на которую сейчас ни у кого нет правильного решения.\r\n\r\nGDPR, CPPA и другие подобные штуки пытаются ее решать. При этом ломая всё вокруг, что тоже не всегда хорошо.\r\n\r\nХотя, если ты Фейсбук или Гугл, для тебя таргетинг это заебись. За такую власть многие готовы тебе заплатить много деняк :)", "url": null, "metadata": null, "created_at": "2020-05-09T09:04:11.658458", "updated_at": "2020-05-09T10:34:32.607303", "upvotes": 11, "is_visible": true, "is_deleted": false, "is_pinned": false}