{"id": "4ecbd301-22e0-458b-9d95-0a16f205c9d4", "author_id": "a5cfe720-3b53-41fd-b49c-b18e8abceb8a", "post_id": "04729dbc-f9c3-4a59-bcc5-b6e84262df90", "post_title": "Смешная и поучительная история микросервисного карго культа", "reply_to_id": "7665c0c4-f506-4879-8632-4380df32cefd", "title": null, "text": "Я непозволительно сильно проиграл с этого видео", "url": null, "metadata": null, "created_at": "2020-04-17T12:06:26.449184", "updated_at": "2020-05-04T13:35:48.651012", "upvotes": 0, "is_visible": true, "is_deleted": false, "is_pinned": false}