{"id": "a9891335-a427-4860-944f-c738be3ed50b", "author_id": "a5cfe720-3b53-41fd-b49c-b18e8abceb8a", "post_id": "46b9c3a9-7339-4b72-9225-0b4de5e362cb", "post_title": "Как вывезти деньги за бугор?", "reply_to_id": "11bc9cc7-2a0d-408d-ab9d-8dfbea261a13", "title": null, "text": "@PavloPyrig, а, тогда сорян, я просто в Гермашке, стране кеша, потому не задавался таким вопросом. Я его тратил вместо зарплаты, а зарплату копил :D Друзья, знаю, клали просто через банкомат.", "url": null, "metadata": null, "created_at": "2020-04-29T14:15:52.152557", "updated_at": "2020-05-02T21:13:19.258828", "upvotes": 1, "is_visible": true, "is_deleted": false, "is_pinned": false}