{"id": "4d2bba36-a51c-4640-804a-2273277c2230", "author_id": "a5cfe720-3b53-41fd-b49c-b18e8abceb8a", "post_id": "73813f9d-47b1-4ab2-bb85-38813af2f87e", "post_title": "Пиши, сокращай", "reply_to_id": "fc3fc9f4-ce37-4d34-81f4-5baa6e5227e0", "title": null, "text": "@angelooooook, целую руки", "url": null, "metadata": null, "created_at": "2020-05-14T09:08:10.626816", "updated_at": "2020-05-14T09:08:10.883035", "upvotes": 1, "is_visible": true, "is_deleted": false, "is_pinned": false}