{"id": "eb6993cb-9439-4004-9cde-7c927f29b439", "author_id": "a5cfe720-3b53-41fd-b49c-b18e8abceb8a", "post_id": "cbeb517d-671b-44da-864c-27bf1dacf66e", "post_title": "Лестница в небо. Диалоги о власти, карьере и мировой элите", "reply_to_id": null, "title": null, "text": "Прости, но мы не одобряем теории заговора и другой антинаучный фанатизм в клубе. Эта книга кажется именно такой. Я скрою пост", "url": null, "metadata": null, "created_at": "2020-05-09T18:18:58.351053", "updated_at": "2020-05-09T18:19:38.766474", "upvotes": 0, "is_visible": true, "is_deleted": false, "is_pinned": false}