{"comments": [{"id": "c9c311d2-4c36-4c07-8d4c-79b076d404c4", "author_id": "1a4a6620-9e60-4ce9-8fe5-ac00589bcbdf", "post_id": "cbeb517d-671b-44da-864c-27bf1dacf66e", "post_title": "Лестница в небо. Диалоги о власти, карьере и мировой элите", "reply_to_id": "eb6993cb-9439-4004-9cde-7c927f29b439", "title": null, "text": "Перестарался со сравнениями, воспринял. Попробую ещё раз сформулировать. Книга то норм, нет там антинаучной мути.", "url": null, "metadata": {"telegram": {"message": {"chat": {"id": 54141791, "type": "private", "username": "camargr", "last_name": "Kucherov", "first_name": "Andrey"}, "date": 1589048586, "from": {"id": 54141791, "is_bot": false, "username": "camargr", "last_name": "Kucherov", "first_name": "Andrey", "language_code": "ru"}, "text": "Перестарался со сравнениями, воспринял. Попробую ещё раз сформулировать. Книга то норм, нет там антинаучной мути.", "photo": [], "entities": [], "message_id": 6231, "new_chat_photo": [], "caption_entities": [], "new_chat_members": [], "reply_to_message": {"chat": {"id": 54141791, "type": "private", "username": "camargr", "last_name": "Kucherov", "first_name": "Andrey"}, "date": 1589048338, "from": {"id": 921354081, "is_bot": true, "username": "vas3k_club_bot", "first_name": "ВСРАТЫЙ A.I."}, "text": "💬 Новый коммент к вашему посту «Лестница в небо. Диалоги о власти, карьере и мировой элите» от vas3k\n\nvas3k: Прости, но мы не одобряем теории заговора и другую антинаучную литературу в клубе. Эта книга кажется именно такое. Я скрою пост\n\nПосмотреть ➜", "photo": [], "entities": [{"type": "bold", "length": 30, "offset": 3}, {"url": "https://vas3k.club/post/1523/#comment-eb6993cb-9439-4004-9cde-7c927f29b439", "type": "text_link", "length": 58, "offset": 33}, {"type": "bold", "length": 58, "offset": 33}, {"type": "bold", "length": 1, "offset": 91}, {"url": "https://vas3k.club/user/vas3k/", "type": "text_link", "length": 5, "offset": 96}, {"type": "bold", "length": 6, "offset": 103}, {"url": "https://vas3k.club/post/1523/comment/eb6993cb-9439-4004-9cde-7c927f29b439/#comment-eb6993cb-9439-4004-9cde-7c927f29b439", "type": "text_link", "length": 12, "offset": 239}], "message_id": 6230, "new_chat_photo": [], "caption_entities": [], "new_chat_members": [], "delete_chat_photo": false, "group_chat_created": false, "channel_chat_created": false, "supergroup_chat_created": false}, "delete_chat_photo": false, "group_chat_created": false, "channel_chat_created": false, "supergroup_chat_created": false}, "update_id": 126048606, "_effective_chat": {"id": 54141791, "type": "private", "username": "camargr", "last_name": "Kucherov", "first_name": "Andrey"}, "_effective_user": {"id": 54141791, "is_bot": false, "username": "camargr", "last_name": "Kucherov", "first_name": "Andrey", "language_code": "ru"}}}, "created_at": "2020-05-09T18:23:06.366292", "updated_at": "2020-05-09T18:24:15.063789", "upvotes": 0, "is_visible": true, "is_deleted": false, "is_pinned": false}, {"id": "538f2f25-dcba-4f91-b1d0-27b7846cf8e8", "author_id": "a5cfe720-3b53-41fd-b49c-b18e8abceb8a", "post_id": "cbeb517d-671b-44da-864c-27bf1dacf66e", "post_title": "Лестница в небо. Диалоги о власти, карьере и мировой элите", "reply_to_id": "eb6993cb-9439-4004-9cde-7c927f29b439", "title": null, "text": "@Camargr, не, думаю вообще не стоит. Даже на википедии на нее очень спорные отзывы. Я не читал, но тут прям все сигналы горят красным. Давай лучше что-нибудь еще :)", "url": null, "metadata": null, "created_at": "2020-05-09T18:25:04.384316", "updated_at": "2020-05-09T18:25:05.282412", "upvotes": 0, "is_visible": true, "is_deleted": false, "is_pinned": false}, {"id": "103ec9b1-c0a3-4754-babc-48ee5b6a8716", "author_id": "1a4a6620-9e60-4ce9-8fe5-ac00589bcbdf", "post_id": "cbeb517d-671b-44da-864c-27bf1dacf66e", "post_title": "Лестница в небо. Диалоги о власти, карьере и мировой элите", "reply_to_id": "eb6993cb-9439-4004-9cde-7c927f29b439", "title": null, "text": "Договорились.  Буду хвалить ее в других местах, а для Клуба подберу чего-нить ещё :)", "url": null, "metadata": {"telegram": {"message": {"chat": {"id": 54141791, "type": "private", "username": "camargr", "last_name": "Kucherov", "first_name": "Andrey"}, "date": 1589048966, "from": {"id": 54141791, "is_bot": false, "username": "camargr", "last_name": "Kucherov", "first_name": "Andrey", "language_code": "ru"}, "text": "Договорились.  Буду хвалить ее в других местах, а для Клуба подберу чего-нить ещё :)", "photo": [], "entities": [], "message_id": 6236, "new_chat_photo": [], "caption_entities": [], "new_chat_members": [], "reply_to_message": {"chat": {"id": 54141791, "type": "private", "username": "camargr", "last_name": "Kucherov", "first_name": "Andrey"}, "date": 1589048704, "from": {"id": 921354081, "is_bot": true, "username": "vas3k_club_bot", "first_name": "ВСРАТЫЙ A.I."}, "text": "💬 Новый коммент к вашему посту «Лестница в небо. Диалоги о власти, карьере и мировой элите» от vas3k\n\nvas3k: @Camargr, не, думаю вообще не стоит. Даже на википедии на нее очень спорные отзывы. Я не читал, но тут прям все сигналы горят красным. Давай лучше что-нибудь еще :)\n\nПосмотреть ➜", "photo": [], "entities": [{"type": "bold", "length": 30, "offset": 3}, {"url": "https://vas3k.club/post/1523/#comment-538f2f25-dcba-4f91-b1d0-27b7846cf8e8", "type": "text_link", "length": 58, "offset": 33}, {"type": "bold", "length": 58, "offset": 33}, {"type": "bold", "length": 1, "offset": 91}, {"url": "https://vas3k.club/user/vas3k/", "type": "text_link", "length": 5, "offset": 96}, {"type": "bold", "length": 6, "offset": 103}, {"type": "mention", "length": 8, "offset": 110}, {"url": "https://vas3k.club/post/1523/comment/538f2f25-dcba-4f91-b1d0-27b7846cf8e8/#comment-538f2f25-dcba-4f91-b1d0-27b7846cf8e8", "type": "text_link", "length": 12, "offset": 276}], "message_id": 6235, "new_chat_photo": [], "caption_entities": [], "new_chat_members": [], "delete_chat_photo": false, "group_chat_created": false, "channel_chat_created": false, "supergroup_chat_created": false}, "delete_chat_photo": false, "group_chat_created": false, "channel_chat_created": false, "supergroup_chat_created": false}, "update_id": 126048611, "_effective_chat": {"id": 54141791, "type": "private", "username": "camargr", "last_name": "Kucherov", "first_name": "Andrey"}, "_effective_user": {"id": 54141791, "is_bot": false, "username": "camargr", "last_name": "Kucherov", "first_name": "Andrey", "language_code": "ru"}}}, "created_at": "2020-05-09T18:29:26.586085", "updated_at": "2020-05-09T18:29:34.047803", "upvotes": 0, "is_visible": true, "is_deleted": false, "is_pinned": false}]}