{"id": "d90f6be7-1306-4ccf-9287-e0498d36580a", "author_id": "a5cfe720-3b53-41fd-b49c-b18e8abceb8a", "post_id": "d22470b4-bf60-45ba-8e5e-ff8b57557731", "post_title": "5G. Влияние на будущее", "reply_to_id": "c56cce19-4ec6-4616-be58-979a5e4d582c", "title": null, "text": "Ух как я хочу прочитать этот коммент лет через десять!", "url": null, "metadata": null, "created_at": "2020-05-20T18:09:29.079085", "updated_at": "2020-05-20T18:09:32.704511", "upvotes": 9, "is_visible": true, "is_deleted": false, "is_pinned": false}