{"id": "e11d2422-a6ee-4f35-a248-dd5537255c54", "author_id": "a5cfe720-3b53-41fd-b49c-b18e8abceb8a", "post_id": "f93a4232-1742-4e04-ae44-f832e4446c40", "post_title": "Большое Откровение, о постпандемии", "reply_to_id": null, "title": null, "text": "Привет. Я не одобряю теории заговора и другую антинаучную хуету в клубе. В других постах тот же автор топит за антипрививочников. Я переношу пост в черновики. Пожалуйста, не тащи сюда такое.", "url": null, "metadata": null, "created_at": "2020-05-21T21:13:17.762967", "updated_at": "2020-05-24T16:03:48.878442", "upvotes": 1, "is_visible": true, "is_deleted": false, "is_pinned": false}