{"id": "6c6feafa-3f3b-440e-9c32-af58aa5cc77f", "author_id": "a5cfe720-3b53-41fd-b49c-b18e8abceb8a", "post_id": "f307fe6d-52b7-4abd-8550-5c384dfb044d", "post_title": "Simple web game for remote team", "reply_to_id": null, "title": null, "text": "[Survive the Internet](https://www.jackboxgames.com/survive-the-internet/) is funny too, here's a gameplay video for example\r\n\r\nhttps://www.youtube.com/watch?v=z2KMYbx6rVs&feature=youtu.be", "url": null, "metadata": null, "created_at": "2020-04-29T12:58:55.748796", "updated_at": "2020-05-04T13:38:53.459917", "upvotes": 1, "is_visible": true, "is_deleted": false, "is_pinned": false}