{"id": "11bc9cc7-2a0d-408d-ab9d-8dfbea261a13", "author_id": "a5cfe720-3b53-41fd-b49c-b18e8abceb8a", "post_id": "46b9c3a9-7339-4b72-9225-0b4de5e362cb", "post_title": "Как вывезти деньги за бугор?", "reply_to_id": null, "title": null, "text": "Я бы еще указал хоть примерно сумму, которую ты хочешь вывести. От этого будут сильно зависеть и методы. Вывозить €10 тыс и €1 млн — очень разная задача.\r\n\r\nНапишу расклад для не миллионеров. Предположим, ты хочешь вывезти €15-20 тысяч. Не знаю почему, машину продал, например.\r\n\r\n### 1. Кеш\r\n\r\nСамый простой советский способ, имхо, это везти кешем на самолете, разбив по €9999 на человека. Летишь с женой — можно провести сразу всю двадцатку.\r\n\r\n**Плюсы:** никаких комиссий, ни налоговая, ни таможня ничего не узнает даже по закону. Охуенно.\r\n\r\n**Минусы:** понятно, риски проебать по пути, если ты неуклюжий.\r\n\r\n### 2. SWIFT\r\n\r\nВ Германию я себе переводил около €5.000 сфивтом — никаких проблем не было. Потеряться они не могут, банковская система так не работает. Погуляют, да вернутся.\r\n\r\n**Плюсы:** делается за два клика в любом банковском приложении.\r\n\r\n**Минусы:** банк за это возьмет комиссию, плюс налоговая МОЖЕТ спросить что это. Это не страшно и обычно, конечно, не спрашивают. Но если спросят — лучше иметь расписку о продаже машины или контракт с прошлого места работы, типа, ты накопил.\r\n\r\nЛучше всего переводить с аккаунта с твоим именем на твое же имя. Тогда вообще никаких вопросов не возникнет, это твой кеш.\r\n\r\n### 3. Валютная карта\r\n\r\nЕсли тебе не принципиально хранить этот кеш именно в швейцарских банках, просто сделай валютную карту и плати ей.\r\n\r\n**Плюсы:** нет комиссий, нет палева\r\n\r\n**Минусы:** чтобы делать переводы, например, за квартиру, опять же, придется делать SWIFT\r\n\r\n\r\nОстальные методы я не считаю надежными.", "url": null, "metadata": null, "created_at": "2020-04-29T13:56:16.984210", "updated_at": "2020-05-02T21:13:19.213024", "upvotes": 6, "is_visible": true, "is_deleted": false, "is_pinned": false}