{"comments": [{"id": "b9763173-38b2-4d47-bb84-c24c3725b360", "author_id": "c3a85cf3-17b8-40c4-b2d2-25d11581898b", "post_id": "46b9c3a9-7339-4b72-9225-0b4de5e362cb", "post_title": "Как вывезти деньги за бугор?", "reply_to_id": "11bc9cc7-2a0d-408d-ab9d-8dfbea261a13", "title": null, "text": "А как потом этот кэш положить на счет? В Швеции даже в обменке просят паспорт и отправляют данные в налоговую.", "url": null, "metadata": null, "created_at": "2020-04-29T14:07:40.951336", "updated_at": "2020-05-02T21:13:19.240224", "upvotes": 0, "is_visible": true, "is_deleted": false, "is_pinned": false}, {"id": "a9891335-a427-4860-944f-c738be3ed50b", "author_id": "a5cfe720-3b53-41fd-b49c-b18e8abceb8a", "post_id": "46b9c3a9-7339-4b72-9225-0b4de5e362cb", "post_title": "Как вывезти деньги за бугор?", "reply_to_id": "11bc9cc7-2a0d-408d-ab9d-8dfbea261a13", "title": null, "text": "@PavloPyrig, а, тогда сорян, я просто в Гермашке, стране кеша, потому не задавался таким вопросом. Я его тратил вместо зарплаты, а зарплату копил :D Друзья, знаю, клали просто через банкомат.", "url": null, "metadata": null, "created_at": "2020-04-29T14:15:52.152557", "updated_at": "2020-05-02T21:13:19.258828", "upvotes": 1, "is_visible": true, "is_deleted": false, "is_pinned": false}, {"id": "c0e9c55a-ab77-423e-adc7-50f0c11c192a", "author_id": "c3a85cf3-17b8-40c4-b2d2-25d11581898b", "post_id": "46b9c3a9-7339-4b72-9225-0b4de5e362cb", "post_title": "Как вывезти деньги за бугор?", "reply_to_id": "11bc9cc7-2a0d-408d-ab9d-8dfbea261a13", "title": null, "text": "@vas3k, в швеции каждая крона на виду, было крайне сложно даже машину купить за наличку потому что продавцу потом нужно в банк это относить.", "url": null, "metadata": null, "created_at": "2020-04-29T14:19:31.555612", "updated_at": "2020-05-02T21:13:19.278535", "upvotes": 0, "is_visible": true, "is_deleted": false, "is_pinned": false}, {"id": "9cd76ffd-b8bc-4913-a1bb-8d4ed371ad38", "author_id": "a5cfe720-3b53-41fd-b49c-b18e8abceb8a", "post_id": "46b9c3a9-7339-4b72-9225-0b4de5e362cb", "post_title": "Как вывезти деньги за бугор?", "reply_to_id": "11bc9cc7-2a0d-408d-ab9d-8dfbea261a13", "title": null, "text": "@PavloPyrig, тогда я бы заводил честный шведский аккаунт на свое имя и переводил туда свифтом как свои же деньги. Уточни у местных ребят особенности. Обычно у налоговой к таким операциям нет вопросов, это ведь твои деньги, ты просто переводишь их между своими счетами, не брать же с них каждый раз налог. Думаю, они в курсе, что любой мигрант приезжает с накопленным багажом. Хотя для Швеции уточни.", "url": null, "metadata": null, "created_at": "2020-04-29T14:25:38.606961", "updated_at": "2020-05-02T21:13:19.291414", "upvotes": 1, "is_visible": true, "is_deleted": false, "is_pinned": false}, {"id": "507d5307-9735-4798-b605-e8e650eeef6a", "author_id": "a5cfe720-3b53-41fd-b49c-b18e8abceb8a", "post_id": "46b9c3a9-7339-4b72-9225-0b4de5e362cb", "post_title": "Как вывезти деньги за бугор?", "reply_to_id": "11bc9cc7-2a0d-408d-ab9d-8dfbea261a13", "title": null, "text": "@PavloPyrig, ах, только прочитал твой коммент ниже. Жестко у вас. Соболезную", "url": null, "metadata": null, "created_at": "2020-04-29T14:26:54.210641", "updated_at": "2020-05-02T21:13:19.309580", "upvotes": 1, "is_visible": true, "is_deleted": false, "is_pinned": false}, {"id": "181a42b4-01f6-4722-848a-acecab63759a", "author_id": "c3a85cf3-17b8-40c4-b2d2-25d11581898b", "post_id": "46b9c3a9-7339-4b72-9225-0b4de5e362cb", "post_title": "Как вывезти деньги за бугор?", "reply_to_id": "11bc9cc7-2a0d-408d-ab9d-8dfbea261a13", "title": null, "text": "@vas3k, я уже все вывел просто тратя с карты, но сумма была примерно 12к", "url": null, "metadata": null, "created_at": "2020-04-29T14:31:29.698836", "updated_at": "2020-05-02T21:13:19.326756", "upvotes": 0, "is_visible": true, "is_deleted": false, "is_pinned": false}, {"id": "c6f131bf-36ec-41a7-b82a-5914862f1932", "author_id": "b3b1cf12-402f-4123-b644-18abcfdf11e5", "post_id": "46b9c3a9-7339-4b72-9225-0b4de5e362cb", "post_title": "Как вывезти деньги за бугор?", "reply_to_id": "11bc9cc7-2a0d-408d-ab9d-8dfbea261a13", "title": null, "text": "@PavloPyrig, когда снимаешь в Российском банке, просишь чек. Приходишь в Шведский банк с этим чеком и наличкой. В Финляндии тоже дрючат за неизвестный кэш и этот способ работает 100%.", "url": null, "metadata": null, "created_at": "2020-05-04T08:13:40.424223", "updated_at": "2020-05-04T08:13:40.898894", "upvotes": 1, "is_visible": true, "is_deleted": false, "is_pinned": false}, {"id": "b7e478ae-4dfb-4f32-a65c-7a4b1559994f", "author_id": "c3a85cf3-17b8-40c4-b2d2-25d11581898b", "post_id": "46b9c3a9-7339-4b72-9225-0b4de5e362cb", "post_title": "Как вывезти деньги за бугор?", "reply_to_id": "11bc9cc7-2a0d-408d-ab9d-8dfbea261a13", "title": null, "text": "@vitaly, ага, когда только приехал такое работает.\r\nЯ больше описывал свою боль когда живешь уже год, и решил продать квартиру, вот эти деньги сложно завести без налогов.", "url": null, "metadata": null, "created_at": "2020-05-04T08:17:31.064609", "updated_at": "2020-05-04T08:17:31.606415", "upvotes": 0, "is_visible": true, "is_deleted": false, "is_pinned": false}, {"id": "87aeee36-4b75-4ac0-846b-533d67460bb6", "author_id": "b3b1cf12-402f-4123-b644-18abcfdf11e5", "post_id": "46b9c3a9-7339-4b72-9225-0b4de5e362cb", "post_title": "Как вывезти деньги за бугор?", "reply_to_id": "11bc9cc7-2a0d-408d-ab9d-8dfbea261a13", "title": null, "text": "@PavloPyrig, а, ну тогда кроме левых схем - никак. По закону ты обязан заплатить налог :/", "url": null, "metadata": null, "created_at": "2020-05-05T09:25:40.815048", "updated_at": "2020-05-05T09:25:41.505059", "upvotes": 1, "is_visible": true, "is_deleted": false, "is_pinned": false}, {"id": "c02b200f-3a62-4ce7-ba9d-4411bd5855a9", "author_id": "c3a85cf3-17b8-40c4-b2d2-25d11581898b", "post_id": "46b9c3a9-7339-4b72-9225-0b4de5e362cb", "post_title": "Как вывезти деньги за бугор?", "reply_to_id": "11bc9cc7-2a0d-408d-ab9d-8dfbea261a13", "title": null, "text": "@vitaly, ага, поэтому я выше написал варианты обхода именно такого случая.", "url": null, "metadata": null, "created_at": "2020-05-05T09:58:01.486462", "updated_at": "2020-05-05T09:58:02.066210", "upvotes": 0, "is_visible": true, "is_deleted": false, "is_pinned": false}]}