{"id": "b168ef49-379c-4ec7-8dec-6ccf46d94a0a", "author_id": "a5cfe720-3b53-41fd-b49c-b18e8abceb8a", "post_id": "2abcabee-afaf-4123-a218-01282aab84a8", "post_title": "Вастрик.Клуб: запускаем бету", "reply_to_id": "1686e907-9a72-48ae-a896-61da58e0c352", "title": null, "text": "Да, так же можешь на всякий случай отписаться в issue, что берешь его", "url": null, "metadata": null, "created_at": "2020-04-28T12:43:42.161858", "updated_at": "2020-05-25T14:55:32.349489", "upvotes": 0, "is_visible": true, "is_deleted": false, "is_pinned": false}