{"id": "db21efb2-2f82-470e-909f-d068098f44c9", "author_id": "a5cfe720-3b53-41fd-b49c-b18e8abceb8a", "post_id": "e5518498-1cde-4601-8193-ecf2f27859d6", "post_title": "В каких наушниках творите вы?", "reply_to_id": "fc92a81d-0415-41cc-a772-1768a7dfce3b", "title": null, "text": "@vnch, тоже обладатель QC35 со стажем 3 года. Использую для офиса и в дальных перелетах. Доволен, хотя звук в них, конечно, отличается. Единственное — за годы активного использования у них износились и порвались амбушюры, пришлось заказать новые.\r\n\r\nОни на клипсах и очень удобно меняются, но есть одно но. Никогда, прямо вообще НИКОГДА не берите не оригинальные. Я протупил и взял автермаркет на амазоне за $15, потому что у них были прикольные цвета и я не понимал зачем переплачивать $40 за оригинал.\r\n\r\nКогда посидел в них — понял. Теперь придется брать оригинал, а эти выбрасывать. Разница как между пропуканым советским диваном и мягкой эргономической подушкой :)", "url": null, "metadata": null, "created_at": "2020-05-09T09:59:17.695716", "updated_at": "2020-05-09T10:04:47.877971", "upvotes": 2, "is_visible": true, "is_deleted": false, "is_pinned": false}