{"id": "fc1a26b7-19d2-49d3-b6f9-1a167e12384f", "author_id": "a5cfe720-3b53-41fd-b49c-b18e8abceb8a", "post_id": "2abcabee-afaf-4123-a218-01282aab84a8", "post_title": "Вастрик.Клуб: запускаем бету", "reply_to_id": "0c4bb25b-3e6b-4464-bff4-b258f42092a5", "title": null, "text": "Ты писька!", "url": null, "metadata": {"telegram": {"message": {"chat": {"id": -1001168227240, "type": "supergroup", "title": "Вастрик.Клуб: Админка"}, "date": 1587411561, "from": {"id": 5613595, "is_bot": false, "username": "vas3k", "first_name": "Вастрик", "language_code": "en"}, "text": "Ты писька!", "photo": [], "entities": [], "message_id": 589, "new_chat_photo": [], "caption_entities": [], "new_chat_members": [], "reply_to_message": {"chat": {"id": -1001168227240, "type": "supergroup", "title": "Вастрик.Клуб: Админка"}, "date": 1587383284, "from": {"id": 921354081, "is_bot": true, "username": "vas3k_club_bot", "first_name": "THE A.I."}, "text": "💬 Новый реплай к посту «Вастрик.Клуб: закрытая бета для илиты» от vas3k\n\n Код откроется вместе с выходом проекта из беты. Слово &quot;бета&quot; как бы подразумевает то, что не все вещи сейчас работают. Многие штуки переписываюстя и правятся прямо сейчас поверх. Конкретно эту проблему я не считаю критической на данном этапе, чтобы два раза ради неё вставать.\n\n \n\nПосмотреть ➜", "photo": [], "entities": [{"type": "bold", "length": 20, "offset": 3}, {"url": "https://vas3k.club/post/beta/", "type": "text_link", "length": 37, "offset": 25}, {"url": "https://vas3k.club/user/vas3k/", "type": "text_link", "length": 5, "offset": 67}, {"type": "pre", "length": 290, "offset": 74}, {"url": "https://vas3k.club/post/beta/comment/e617befb-f90c-442f-90c3-30daf38edb37/", "type": "text_link", "length": 12, "offset": 366}], "message_id": 535, "new_chat_photo": [], "caption_entities": [], "new_chat_members": [], "delete_chat_photo": false, "group_chat_created": false, "channel_chat_created": false, "supergroup_chat_created": false}, "delete_chat_photo": false, "group_chat_created": false, "channel_chat_created": false, "supergroup_chat_created": false}, "update_id": 126024315, "_effective_chat": {"id": -1001168227240, "type": "supergroup", "title": "Вастрик.Клуб: Админка"}, "_effective_user": {"id": 5613595, "is_bot": false, "username": "vas3k", "first_name": "Вастрик", "language_code": "en"}}}, "created_at": "2020-04-20T19:39:22.075537", "updated_at": "2020-04-20T19:42:20.241518", "upvotes": 0, "is_visible": true, "is_deleted": true, "is_pinned": false}