{"id": "5d135081-b0a6-4489-99bc-a09e8b991b33", "author_id": "a5cfe720-3b53-41fd-b49c-b18e8abceb8a", "post_id": "3fe45177-744f-441d-9fce-fd06ae202c62", "post_title": "Кто виноват, если принимают решение единогласно?", "reply_to_id": "de104352-3c9f-4229-ae56-06ad732cd0c6", "title": null, "text": "@Kirk, мне кажется, концепция дает сбой только потому что остальные члены команды точно такие же дети своей культуры, в которой принято всегда надо искать виноватых. Им просто психологически некомфорно принять это. Прям ломает пиздец. Надо помнить про эту особенность своей культуры и уметь с ней работать, только и всего.", "url": null, "metadata": null, "created_at": "2020-04-18T20:53:53.136070", "updated_at": "2020-05-03T16:09:50.344358", "upvotes": 0, "is_visible": true, "is_deleted": false, "is_pinned": false}