{"id": "e3606e0c-c996-4e1a-b472-9f4995e8385a", "author_id": "a5cfe720-3b53-41fd-b49c-b18e8abceb8a", "post_id": "6480ac2b-5558-499d-b599-1a297988beb8", "post_title": "Софт становится хуже или Софт становится лучше", "reply_to_id": null, "title": "Хуже, но больше людей могут его делать", "text": "Из одного вытекает другое. Хотите, чтобы ваше программирование не оставалось уделом двух потных гиков из IRC, будьте добры дайте миллениалам NPM с электроном и докером. Чтобы две кнопки нажал, гигабайты туда-сюда полетали и опа, красивый лендинг получился, можно бизнес делоть.\r\n\r\nИли вы думали, что программирование — это когда ты три месяца выбираешь структуру данных по учебникам? Хер там. Программирование — это про деньги бизнесу зарабатывать, а там пока люди жрут ублюдские Слаки и Джиры, их и будут ими кормить.\r\n\r\nТы вот хоть раз закрывал сайт доставки суши из-за того, что у него бандл фронтенда был на 5 мегабайт? Да вряд ли. Страдал и заказывал. Так и работает.\r\n\r\nА дальше нас всех ждет NoCode, там всё еще хуже.", "url": null, "metadata": {"battle": {"side": "a"}}, "created_at": "2020-05-06T19:38:03.706277", "updated_at": "2020-05-06T19:39:07.715678", "upvotes": 23, "is_visible": true, "is_deleted": false, "is_pinned": false}