{"comments": [{"id": "97d41876-5700-47ca-9e4b-363f720b3741", "author_id": "72aeb798-55cf-4116-8843-cbed66848c83", "post_id": "6480ac2b-5558-499d-b599-1a297988beb8", "post_title": "Софт становится хуже или Софт становится лучше", "reply_to_id": "e3606e0c-c996-4e1a-b472-9f4995e8385a", "title": null, "text": "Сказки про NoCode я слышу примерно всю свою карьеру, а ничего успешнее Скрэтча для детишек так вроде ничего и не появилось. \r\n\r\nЯ вот так и представляю, как разработчики визуального языка ДРАКОН,  который использовался для запуска Бурана, обсуждают между собой как скоро программисты станут не нужны и все будут только диаграмки рисовать", "url": null, "metadata": null, "created_at": "2020-05-06T19:49:37.124048", "updated_at": "2020-05-06T19:52:15.465694", "upvotes": 1, "is_visible": true, "is_deleted": false, "is_pinned": false}, {"id": "a7d95677-2fb8-473e-bf0b-342f3b8793a2", "author_id": "6cc2cbd3-e07e-4b1a-ab7a-39e145024885", "post_id": "6480ac2b-5558-499d-b599-1a297988beb8", "post_title": "Софт становится хуже или Софт становится лучше", "reply_to_id": "e3606e0c-c996-4e1a-b472-9f4995e8385a", "title": null, "text": "потенциально, из-за плохо написанного фронтенда на старом андроиде при плохом интернет-соединении сайт сушек не откроется вообще или будет загружаться настолько долго, что я пойду к конкуренту, у которого голый html, но еду заказать можно. мне кажется, хорошо написанный софт в долгосрочной переспективе дешевле (тем более странно, что его становится меньше).", "url": null, "metadata": null, "created_at": "2020-05-06T19:50:45.483630", "updated_at": "2020-05-06T19:50:46.156156", "upvotes": 1, "is_visible": true, "is_deleted": false, "is_pinned": false}, {"id": "97c29884-51c2-4c34-a730-66f191420488", "author_id": "a5cfe720-3b53-41fd-b49c-b18e8abceb8a", "post_id": "6480ac2b-5558-499d-b599-1a297988beb8", "post_title": "Софт становится хуже или Софт становится лучше", "reply_to_id": "e3606e0c-c996-4e1a-b472-9f4995e8385a", "title": null, "text": "@zalivka, не скажи. Если 10 лет назад чтобы сделать интернет-магазин тебе нужен был программист, то сейчас тебе нужен Shopify. Вот это и есть NoCode, а не все эти сказки.", "url": null, "metadata": null, "created_at": "2020-05-06T19:51:22.550647", "updated_at": "2020-05-06T19:55:22.045234", "upvotes": 4, "is_visible": true, "is_deleted": false, "is_pinned": false}, {"id": "f0a43190-8f63-42a6-8c1b-e445a44fd57a", "author_id": "a5cfe720-3b53-41fd-b49c-b18e8abceb8a", "post_id": "6480ac2b-5558-499d-b599-1a297988beb8", "post_title": "Софт становится хуже или Софт становится лучше", "reply_to_id": "e3606e0c-c996-4e1a-b472-9f4995e8385a", "title": null, "text": "@nastyakitsune, хорошо написанный софт просто не доживает до того момента когда он становится дешевле, кек. Он сжирает все твои деньги быстрее :D", "url": null, "metadata": null, "created_at": "2020-05-06T19:56:17.859748", "updated_at": "2020-05-06T19:56:18.331787", "upvotes": 5, "is_visible": true, "is_deleted": false, "is_pinned": false}, {"id": "568a2c24-c7f1-4019-a4da-78ea8833e275", "author_id": "6cc2cbd3-e07e-4b1a-ab7a-39e145024885", "post_id": "6480ac2b-5558-499d-b599-1a297988beb8", "post_title": "Софт становится хуже или Софт становится лучше", "reply_to_id": "e3606e0c-c996-4e1a-b472-9f4995e8385a", "title": null, "text": "@vas3k, попыталась вспомнить хоть один продукт, который \"написали и забыли\". и которым активно пользуются до сих пор. ничего в голову не пришло ☹️", "url": null, "metadata": null, "created_at": "2020-05-06T20:07:52.653387", "updated_at": "2020-05-06T20:07:53.452338", "upvotes": 0, "is_visible": true, "is_deleted": false, "is_pinned": false}, {"id": "5135949a-204f-4347-a6f2-42946f7b449f", "author_id": "72aeb798-55cf-4116-8843-cbed66848c83", "post_id": "6480ac2b-5558-499d-b599-1a297988beb8", "post_title": "Софт становится хуже или Софт становится лучше", "reply_to_id": "e3606e0c-c996-4e1a-b472-9f4995e8385a", "title": null, "text": "@vas3k, резковато высказался про сказки. Это расплывчатое определение и я думал, что пример nocode это что-то вроде AppInventor и его многочисленные аналоги с перетаскиванием логических блоксхем", "url": null, "metadata": null, "created_at": "2020-05-06T20:12:27.978628", "updated_at": "2020-05-06T20:12:28.534449", "upvotes": 0, "is_visible": true, "is_deleted": false, "is_pinned": false}, {"id": "4971c8d1-43bd-4b2f-ada0-f4b31061489b", "author_id": "1b05a584-0f65-46d9-8620-a55180b81a8c", "post_id": "6480ac2b-5558-499d-b599-1a297988beb8", "post_title": "Софт становится хуже или Софт становится лучше", "reply_to_id": "e3606e0c-c996-4e1a-b472-9f4995e8385a", "title": null, "text": "@zalivka, Tilda — неплохой пример современного NoCode. Две кнопки нажал, красивый лендинг получился, можно бизнес делать. Даже NPM, Electron и Docker не нужны :D", "url": null, "metadata": null, "created_at": "2020-05-06T20:25:47.857749", "updated_at": "2020-05-06T20:25:48.387894", "upvotes": 1, "is_visible": true, "is_deleted": false, "is_pinned": false}, {"id": "2dc326d1-2a93-4f61-a0e8-921a3c93ef0d", "author_id": "c3a85cf3-17b8-40c4-b2d2-25d11581898b", "post_id": "6480ac2b-5558-499d-b599-1a297988beb8", "post_title": "Софт становится хуже или Софт становится лучше", "reply_to_id": "e3606e0c-c996-4e1a-b472-9f4995e8385a", "title": null, "text": "И это нормально. Юзеру нужен сервис, а не производительность.\r\n\r\nКогда-то давно я работал в широкоформатной печати и все ещё вижу все косяки на билбордах и всяких рекламных конструкциях, но прикол в том что нормальные люди это не видят. Так же и с софтом, то что видит программист нормальный человек никогда даже не обратит внимание.", "url": null, "metadata": null, "created_at": "2020-05-06T20:47:07.609658", "updated_at": "2020-05-06T20:47:08.092705", "upvotes": 2, "is_visible": true, "is_deleted": false, "is_pinned": false}, {"id": "c40bbf66-4a57-4603-97ab-922b028a8042", "author_id": "8957ffc4-db90-44ef-b30d-30f3d1fa007e", "post_id": "6480ac2b-5558-499d-b599-1a297988beb8", "post_title": "Софт становится хуже или Софт становится лучше", "reply_to_id": "e3606e0c-c996-4e1a-b472-9f4995e8385a", "title": null, "text": "@zalivka, в прошлом году я на новом проекте впервые увидел в продакшене Azure Logic App и прифигел (Лоджик Апп - это такой более энтерпрайзный Zappier или IFTTT от Микрософта в облаке Ажура, где имеются коннкеторы с разному преимущественно бизнесовому софту; то есть коннектора к тому же Телеграмму из коробки нет, а к ServiceNow и Джире - есть).\r\n\r\nПохоже, всё-таки мы застанем NoCode в энтерпрайзах, по крайней мере в небольших и более молодых компаниях, которые смогли побороть страх перед облачными технологиями.", "url": null, "metadata": null, "created_at": "2020-05-07T10:59:37.288773", "updated_at": "2020-05-07T10:59:37.739759", "upvotes": 1, "is_visible": true, "is_deleted": false, "is_pinned": false}]}