{"id": "24258ea2-2dba-4897-b884-1130d094ba13", "author_id": "a5cfe720-3b53-41fd-b49c-b18e8abceb8a", "post_id": "2abcabee-afaf-4123-a218-01282aab84a8", "post_title": "Вастрик.Клуб: запускаем бету", "reply_to_id": "5c2328ad-fedb-40d8-a869-50d686ee3fdd", "title": null, "text": "В той карточке в профиле должна быть большая синяя кнопка Log in with Telegram. Если ее нет — отключи свой адблок, скорее всего это он тебе вырезает все social buttons из интернета.", "url": null, "metadata": null, "created_at": "2020-04-23T20:57:03.848198", "updated_at": "2020-05-25T14:55:30.884717", "upvotes": 1, "is_visible": true, "is_deleted": false, "is_pinned": false}