{"id": "9f2ea8d8-c01a-4423-aa5d-3871642e55cd", "author_id": "a5cfe720-3b53-41fd-b49c-b18e8abceb8a", "post_id": "24e2b9da-d007-41e4-b114-765649f9dae0", "post_title": "#intro от @Pavel9609", "reply_to_id": "ea6e999e-a7b6-4dd5-9d58-d383d18105a9", "title": null, "text": "@Pavel9609, спасибо. Похоже у нас был баг с тем, что при повторной подаче на ревью, кеш интро не сбрасывался и оно было видно только модераторам. Ух.", "url": null, "metadata": null, "created_at": "2020-04-29T10:11:17.595495", "updated_at": "2020-05-03T16:00:00.782166", "upvotes": 0, "is_visible": true, "is_deleted": false, "is_pinned": false}