{"id": "4ee595e7-e30a-4452-861b-deddaac798a3", "author_id": "a5cfe720-3b53-41fd-b49c-b18e8abceb8a", "post_id": "735ea92e-0dca-4de1-8752-482ee8ce2260", "post_title": "Переключить стрелку или Оставить как есть", "reply_to_id": "d02c25b0-97e4-444a-b8a9-0f46d5d40aeb", "title": null, "text": "А дальше начинается вообще этический хардкор: а если это не человек, а страдающее животное? Отличается ли ответ тогда? И если отличается — то почему?", "url": null, "metadata": null, "created_at": "2020-04-26T11:19:39.423618", "updated_at": "2020-05-03T05:00:54.046792", "upvotes": 0, "is_visible": true, "is_deleted": false, "is_pinned": false}