{"id": "35aca9cb-ee51-4d0b-b169-1895e131b558", "author_id": "a5cfe720-3b53-41fd-b49c-b18e8abceb8a", "post_id": "0ae04ddb-f068-4b29-ae28-89696b73cc35", "post_title": "Занесите нюансы (не)трактора в Ригу (Латвию)", "reply_to_id": null, "title": null, "text": "О, сейчас заодно протестим меншены в комментах. Призываю @hanggard в тред!", "url": null, "metadata": null, "created_at": "2020-04-28T15:58:46.821675", "updated_at": "2020-05-03T11:34:03.493792", "upvotes": 1, "is_visible": true, "is_deleted": false, "is_pinned": false}