{"comments": [{"id": "22496b31-4c40-4a26-8553-44f6d98f99b9", "author_id": "8add6072-986d-457d-99e1-922c4cf17fce", "post_id": "0ae04ddb-f068-4b29-ae28-89696b73cc35", "post_title": "Занесите нюансы (не)трактора в Ригу (Латвию)", "reply_to_id": "35aca9cb-ee51-4d0b-b169-1895e131b558", "title": null, "text": "Работает меншен! Пошел читать вопрос.", "url": null, "metadata": null, "created_at": "2020-04-28T16:00:29.535214", "updated_at": "2020-05-03T11:34:03.513230", "upvotes": 0, "is_visible": true, "is_deleted": false, "is_pinned": false}]}