{"id": "eb8c130e-4632-409e-9c84-40a864aa9004", "author_id": "a5cfe720-3b53-41fd-b49c-b18e8abceb8a", "post_id": "735ea92e-0dca-4de1-8752-482ee8ce2260", "post_title": "Переключить стрелку или Оставить как есть", "reply_to_id": "d02c25b0-97e4-444a-b8a9-0f46d5d40aeb", "title": null, "text": "Да, это и есть этическая дилемма. Она спрашивает готов ли ты взять на себя ответственность именно действием, а не бездействием.\r\n\r\nМожно и переформулировать, если хочется: готов ли ты убить человека, который страдает и просит тебя об этом? Предположим, у тебя есть с собой оружие и вокруг никого нет. Или ты оставишь его страдать до смерти, зато сам не будешь к ней причастен? \r\n\r\nТы ведь не виноват и вообще случайно его в лесу нашел. Или?", "url": null, "metadata": null, "created_at": "2020-04-26T11:15:43.586631", "updated_at": "2020-05-03T05:00:54.033961", "upvotes": 1, "is_visible": true, "is_deleted": false, "is_pinned": false}