{"id": "32a404ee-17b4-4eb4-86f1-05c8e328abda", "author_id": "a5cfe720-3b53-41fd-b49c-b18e8abceb8a", "post_id": "50c237bc-84f9-4143-aa48-ffb46bc47f06", "post_title": "The Holloway Guide To Equity Compensation", "reply_to_id": null, "title": null, "text": "А вообще, пока гуглил, наткнулся на более поцанскую версию объяснения. Думаю, токсичным славянам больще зайдет: https://uklad.vc/vesting-guide/", "url": null, "metadata": null, "created_at": "2020-04-19T12:45:04.144751", "updated_at": "2020-05-02T22:15:12.670855", "upvotes": 3, "is_visible": true, "is_deleted": false, "is_pinned": true}