{"id": "e10e49fb-74f8-48bf-9879-cf0f3536b288", "author_id": "a5cfe720-3b53-41fd-b49c-b18e8abceb8a", "post_id": "db6dabc6-ef99-4d1f-a740-4ff16e6b1ba5", "post_title": "Один монитор или Много", "reply_to_id": null, "title": "Концентрация на задаче", "text": "Сидел с двумя и даже тремя мониторами. В итоге вернулся опять к одному.\r\n\r\nЗа исключением редких задач, когда надо что-то делать в одном окне и сразу видеть результат в другом, второй-третий и последующие мониторы используются либо для понта, либо для всяких фоновых консолей, слаков, телеграмов, которые нахер не нужны и только отвлекают.\r\n\r\nЯ максимально продуктивен только когда полностью концентируюсь на чем-то одном. Ты либо пишешь код, либо читаешь документацию, либо общаешься в слаке. А несколько мониторов только заставляют отвлекаться и чаще переключать контекст.", "url": null, "metadata": {"battle": {"side": "a"}}, "created_at": "2020-05-11T18:00:57.343112", "updated_at": "2020-05-11T18:05:06.299542", "upvotes": 25, "is_visible": true, "is_deleted": false, "is_pinned": false}