{"comments": [{"id": "af93ed72-770a-4433-a181-7800c732cdaa", "author_id": "8add6072-986d-457d-99e1-922c4cf17fce", "post_id": "db6dabc6-ef99-4d1f-a740-4ff16e6b1ba5", "post_title": "Один монитор или Много", "reply_to_id": "e10e49fb-74f8-48bf-9879-cf0f3536b288", "title": null, "text": "я все никак не попробую. Причем раньше пробовал, т.к. у меня ультра-широкий, и я просто по 2 окна на нем мог открывать без ущерба, а потом с системника на макбук пересел, и их стало два)", "url": null, "metadata": null, "created_at": "2020-05-12T06:55:05.072594", "updated_at": "2020-05-12T06:55:05.445541", "upvotes": 1, "is_visible": true, "is_deleted": false, "is_pinned": false}]}