{"id": "afc5108c-e33b-48d8-971c-6b3e45c70ee6", "author_id": "a5cfe720-3b53-41fd-b49c-b18e8abceb8a", "post_id": "f9f02547-7fd9-498e-b6ce-e4502a73dcff", "post_title": "Какой у вас рюкзак?", "reply_to_id": null, "title": null, "text": "Мои вкусы весьма специфичны и мне нужен был рюкзак, с которым мне будет одинаково удобно ходить каждый день на работу, но в случае чего можно сорваться на три-пять дней в трип.\r\n\r\nЕще я терпеть не могу все эти \"велосипедные\" и \"походные\" рюкзаки чисто из-за внешнего вида.\r\n\r\nПотому я года четыре назад нашел себе [Dakine Duel Backpack 26L](https://www.dakine.com/products/duel-26l-backpack-17w) и до сих пор доволен.\r\n\r\nЦвета есть разные, нескучные. Он пиздецки дешевый — на амазоне можно урвать за $50, что копейки по сравнению с модными айтишными рюкзаками за $400. Порвется — куплю новый такой же.\r\n\r\n![](https://i.vas3k.club/25h.jpg)\r\n\r\nОтдельным плюсом для меня были скейтерские липучки, на которые всегда можно повесить куртку, если вдруг стало жарко, ну и да, скейтборд.\r\n\r\nОчень сильно смотрел на Тимбук 2, но он мне показался очень уж маленьким внутри. Кажется, что с ним не получится поехать в три на три-пять дней, придется что-то не брать.", "url": null, "metadata": null, "created_at": "2020-05-21T12:33:38.467476", "updated_at": "2020-05-21T12:33:39.786922", "upvotes": 1, "is_visible": true, "is_deleted": false, "is_pinned": false}