{"id": "e572179e-660d-402c-b41a-eaca58cea76c", "author_id": "a5cfe720-3b53-41fd-b49c-b18e8abceb8a", "post_id": "b0d9b8ef-27a8-49fc-ba63-84b5e989b546", "post_title": "Встречи 1 на 1. В чём профит?", "reply_to_id": null, "title": null, "text": "Подписываюсь под вопросом. Я тоже давно пытаюсь понять их суть. Если это как ретро для скромных — это одно. Я бы хотел честно сказать тимлиду «мне не нужно специальное время чтобы пожаловаться, я буду это делать сразу тебе в слак». Но пока ни один из моих менеджеров не соглашался.\r\n\r\nСейчас на 1:1 и цели ставят, и личная эффективность замешана, и коучинг с менторингом. Но по сути компания просто пытается заставить меня чуть больше работать (выучи фреймворк — получишь сеньора) и чуть меньше жить, так ведь?", "url": null, "metadata": null, "created_at": "2020-04-27T10:02:20.911539", "updated_at": "2020-05-02T21:58:16.184384", "upvotes": 3, "is_visible": true, "is_deleted": false, "is_pinned": false}