{"comments": [{"id": "e1d2ce2c-3135-493c-8e85-3abe27b678b4", "author_id": "5a6def8c-687e-487b-b4af-def006d15fbf", "post_id": "b0d9b8ef-27a8-49fc-ba63-84b5e989b546", "post_title": "Встречи 1 на 1. В чём профит?", "reply_to_id": "e572179e-660d-402c-b41a-eaca58cea76c", "title": null, "text": "Нытье в слаке не заменяет 1:1, а в лучшем случае дополняет (нет). \r\nВ идеале руководитель тоже готовится к 1:1, чтобы дать нормальный структурированный фидбек. Если на разговор отведен час (блин, роскошь вообще), то можно предложить что-то интересное - технологию, подход какой-нить, да хоть бы раскопать говны и отрефакторить большой кусок - прикинуть человекобюджет на это, не знаю. Да блин, тем полно, чтобы обсудить с человеком, который рулит ресурсами.\r\n\r\nЧерт, у меня за последние 12 лет только дважды был такой 1:1 #zaplakala.", "url": null, "metadata": null, "created_at": "2020-04-27T18:23:07.184951", "updated_at": "2020-05-02T21:58:16.200017", "upvotes": 0, "is_visible": true, "is_deleted": false, "is_pinned": false}, {"id": "af08ff46-d4b7-4399-b069-6a6322cb4671", "author_id": "a5cfe720-3b53-41fd-b49c-b18e8abceb8a", "post_id": "b0d9b8ef-27a8-49fc-ba63-84b5e989b546", "post_title": "Встречи 1 на 1. В чём профит?", "reply_to_id": "e572179e-660d-402c-b41a-eaca58cea76c", "title": null, "text": "@lleni, фидбек — это заблуждения другого человека о том, как мне строить свою жизнь и карьеру? Мне правда всегда было интересно зачем мне эта информация.\r\n\r\nЯ понимаю, если это ментор, которым я хочу вдохновляться и подражать. Тогда вопросов нет. Но это ведь тупо нанятый с улицы пипл-менеджер.", "url": null, "metadata": null, "created_at": "2020-04-27T18:36:15.150673", "updated_at": "2020-05-02T21:58:16.210855", "upvotes": 2, "is_visible": true, "is_deleted": false, "is_pinned": false}, {"id": "002bdf13-b884-4847-ad71-130312cd972d", "author_id": "5a6def8c-687e-487b-b4af-def006d15fbf", "post_id": "b0d9b8ef-27a8-49fc-ba63-84b5e989b546", "post_title": "Встречи 1 на 1. В чём профит?", "reply_to_id": "e572179e-660d-402c-b41a-eaca58cea76c", "title": null, "text": "@vas3k, идеал встречается гораздо реже, чем хотелось бы. Мне в этом плане тоже с начальством скорее не везет.\r\n\r\nНо, как я уже сказала - говорить не обязательно о постройке жизни и карьеры. Можно воспользоваться моментом и протолкнуть интересную идею, которой тебе самому хочется заниматься,  заранее назначенный 1:1 дает время тебе подготовиться к разговору и эту идею оформить, а собеседника приковывает к стулу на означенное время. Можно выбить себе какое-нить дорогое обучалово, чтобы украсить резюме на всякий пожарный. Опять же, спокойно поговорить за зарплату и не застать начальника врасплох. В конце концов даже распоследний менеджер может сделать ценное замечание насчет чего-нить не очень технического или в рамках фидбека рассказать про тебя полезные сплетни.\r\n\r\nВ любом случае, для 1:1 можно найти массу применений, особенно если самому их придумать.", "url": null, "metadata": null, "created_at": "2020-04-27T18:58:29.301799", "updated_at": "2020-05-02T21:58:16.221030", "upvotes": 0, "is_visible": true, "is_deleted": false, "is_pinned": false}, {"id": "ed7f60cd-f234-4107-ae6c-05d756f3fe95", "author_id": "a5f69e44-be51-4ab6-a544-93e88ceb1764", "post_id": "b0d9b8ef-27a8-49fc-ba63-84b5e989b546", "post_title": "Встречи 1 на 1. В чём профит?", "reply_to_id": "e572179e-660d-402c-b41a-eaca58cea76c", "title": null, "text": "Для твоего случая, регулярные встречи с менеджером это возможность структурировать поток твоих жалоб :)\r\nДля других - возможность эти жалобы хоть как-то услышать.\r\nДля менеджеров - необходимость поработать с тобой, а не забыть про тебя в потоке митингов со стейкхолдерами.\r\n\r\nКороче, в некоторых случаях 1-1 работает, в некоторых - вредит, ошибка второго рода тут опаснее.", "url": null, "metadata": null, "created_at": "2020-04-28T19:00:13.708780", "updated_at": "2020-05-02T21:58:16.230378", "upvotes": 1, "is_visible": true, "is_deleted": false, "is_pinned": false}]}