{"id": "e12adfe1-0017-4070-a82e-8f69e0f0d67d", "author_id": "a5cfe720-3b53-41fd-b49c-b18e8abceb8a", "post_id": "c12c9678-e6bf-4bda-94cf-b95134da59fe", "post_title": "Где искать вакансии в Германию?", "reply_to_id": "1f4d985a-b7bd-4aa6-a6bc-a0db9286965c", "title": null, "text": "@Windrushfarer, да, текущая фигня тебе нормально так вставит палки в колеса. Щас тут волна сокращений, в половине компаний hire freeze, на рынке шатается куча местных айтишников в поисках новой работы.\r\n\r\nНе конец света, просто сразу морально готовься, что как минимум до конца 2020 не будет такой же халявы, когда в тебя каждый кидал оффером лишь бы вышел завтра.\r\n\r\nЕсли тебе прям горит и хочется побыстрее — начинай апплаиться прямо сейчас. Я не верю, что щас кто-то будет хантить новых понаехов, но вдруг тебе повезет.\r\n\r\nБолее реалистичный сценарий — понаблюдать за рынком месяц-два, изучить чо дают и почем себя продавать. Летом неспеша начать ходить по собеседованиям, говоря всем, что готов выйти с октября-ноября (для Гермашки нормальный срок + это самое приятное время для переезда). Как-то так и получится.", "url": null, "metadata": null, "created_at": "2020-05-14T09:27:28.546217", "updated_at": "2020-05-14T09:29:31.075298", "upvotes": 3, "is_visible": true, "is_deleted": false, "is_pinned": false}