{"id": "8b52e82c-9be8-46f9-bec9-1e4a280f9097", "author_id": "a5cfe720-3b53-41fd-b49c-b18e8abceb8a", "post_id": "de76860c-0d31-42fc-9a41-9717ca91e2bf", "post_title": "Вастрик.клуб - это какая-то пушка", "reply_to_id": null, "title": null, "text": "Нам очень приятно, но постик я скрою, чтобы не засорять и без того пока тугие ленты пользователей :D", "url": null, "metadata": null, "created_at": "2020-04-29T13:00:28.111429", "updated_at": "2020-04-29T13:00:28.266967", "upvotes": 0, "is_visible": true, "is_deleted": false, "is_pinned": false}