{"id": "b72759c9-feba-476f-9cca-7781b29dbcde", "author_id": "a5cfe720-3b53-41fd-b49c-b18e8abceb8a", "post_id": "95de8431-f7a6-47f4-93a3-d68222e73321", "post_title": "Гайд по инвестициям для новичка", "reply_to_id": null, "title": null, "text": "Поддерживаю гайд от Т—Ж, сейчас это лучшее что есть для новичков на русском. На английском очень адекватный вот этот: https://qotoqot.com/blog/early-retirement/\r\n\r\nПризываю @stepan в тред, ты вроде говорил у тебя был крутой гайд.\r\n\r\nНу и заходи на чат Вастрик.ФинансоваяНезависимость, там наши главные диванные эксперты.", "url": null, "metadata": null, "created_at": "2020-04-28T20:20:42.439379", "updated_at": "2020-05-26T07:14:56.144948", "upvotes": 4, "is_visible": true, "is_deleted": false, "is_pinned": false}