{"comments": [{"id": "ccde89df-5f48-456b-8feb-c5b890914ad0", "author_id": "3b1950d3-6641-4937-953d-e7b8194a3faa", "post_id": "95de8431-f7a6-47f4-93a3-d68222e73321", "post_title": "Гайд по инвестициям для новичка", "reply_to_id": "b72759c9-feba-476f-9cca-7781b29dbcde", "title": null, "text": "Шо за чат, куда идти, направь)", "url": null, "metadata": null, "created_at": "2020-04-29T21:28:45.338503", "updated_at": "2020-04-29T21:31:43.785838", "upvotes": 0, "is_visible": true, "is_deleted": true, "is_pinned": false}]}