{"id": "003923a7-eec8-42cb-a16e-e3ba8d2a486a", "author_id": "a5cfe720-3b53-41fd-b49c-b18e8abceb8a", "post_id": "2abcabee-afaf-4123-a218-01282aab84a8", "post_title": "Вастрик.Клуб: запускаем бету", "reply_to_id": "d07e9349-5b49-4b89-affa-fc9997fbacfb", "title": null, "text": "@verbaux, хаха, вот ты и попался!", "url": null, "metadata": null, "created_at": "2020-04-22T15:01:35.978512", "updated_at": "2020-05-25T14:55:30.231200", "upvotes": 1, "is_visible": true, "is_deleted": false, "is_pinned": false}