{"id": "835268a2-68c3-4f4a-8f87-5e1f57185a34", "author_id": "a5cfe720-3b53-41fd-b49c-b18e8abceb8a", "post_id": "2abcabee-afaf-4123-a218-01282aab84a8", "post_title": "Вастрик.Клуб: запускаем бету", "reply_to_id": "68316553-97ac-4fad-a084-323718621cdf", "title": null, "text": "С тегами у меня сложные отношения. Я ни разу не видел чтобы кто-то использовал теги правильно и чтобы они этот самый бардак как-то организовывали. Обычно получается просто бардак с тегами :D Особенно когда много людей.\n\nЕсли бы кто-то показал мне пример или UI, где теги удобны и помогают, я бы с удовольствием его рассмотрел", "url": null, "metadata": {"telegram": {"message": {"chat": {"id": 5613595, "type": "private", "username": "vas3k", "first_name": "Вастрик"}, "date": 1589526913, "from": {"id": 5613595, "is_bot": false, "username": "vas3k", "first_name": "Вастрик", "language_code": "en"}, "text": "С тегами у меня сложные отношения. Я ни разу не видел чтобы кто-то использовал теги правильно и чтобы они этот самый бардак как-то организовывали. Обычно получается просто бардак с тегами :D Особенно когда много людей.\n\nЕсли бы кто-то показал мне пример или UI, где теги удобны и помогают, я бы с удовольствием его рассмотрел", "photo": [], "entities": [], "message_id": 9211, "new_chat_photo": [], "caption_entities": [], "new_chat_members": [], "reply_to_message": {"chat": {"id": 5613595, "type": "private", "username": "vas3k", "first_name": "Вастрик"}, "date": 1589526614, "from": {"id": 921354081, "is_bot": true, "username": "vas3k_club_bot", "first_name": "ВСРАТЫЙ A.I."}, "text": "💬 Новый коммент к вашему посту «Вастрик.Клуб: запускаем бету» от norguhtar\n\nnorguhtar: А теги будут? А то вот кухне скоро будет бардак :)\n\nПосмотреть ➜", "photo": [], "entities": [{"type": "bold", "length": 30, "offset": 3}, {"url": "https://vas3k.club/post/beta/#comment-68316553-97ac-4fad-a084-323718621cdf", "type": "text_link", "length": 28, "offset": 33}, {"type": "bold", "length": 28, "offset": 33}, {"type": "bold", "length": 1, "offset": 61}, {"url": "https://vas3k.club/user/norguhtar/", "type": "text_link", "length": 9, "offset": 66}, {"type": "bold", "length": 10, "offset": 77}, {"url": "https://vas3k.club/post/beta/comment/68316553-97ac-4fad-a084-323718621cdf/#comment-68316553-97ac-4fad-a084-323718621cdf", "type": "text_link", "length": 12, "offset": 140}], "message_id": 9195, "new_chat_photo": [], "caption_entities": [], "new_chat_members": [], "delete_chat_photo": false, "group_chat_created": false, "channel_chat_created": false, "supergroup_chat_created": false}, "delete_chat_photo": false, "group_chat_created": false, "channel_chat_created": false, "supergroup_chat_created": false}, "update_id": 126057753, "_effective_chat": {"id": 5613595, "type": "private", "username": "vas3k", "first_name": "Вастрик"}, "_effective_user": {"id": 5613595, "is_bot": false, "username": "vas3k", "first_name": "Вастрик", "language_code": "en"}}}, "created_at": "2020-05-15T07:15:13.686014", "updated_at": "2020-05-25T14:55:33.429802", "upvotes": 2, "is_visible": true, "is_deleted": false, "is_pinned": false}