{"id": "263d7d97-ee52-4de0-a1f5-d1bd2684b00a", "author_id": "a5cfe720-3b53-41fd-b49c-b18e8abceb8a", "post_id": "84708982-56d8-4e40-be04-957e58d880e1", "post_title": "Валить или Остаться", "reply_to_id": null, "title": "Наслаждайся смешными нологами", "text": "Я когда рассказываю тем же немцам, что в России можно устроиться ИП на упрощенку и платить 6% подоходного налога, они прям грустить начинали со своими прогрессивными 45%. \r\n\r\nТо есть тут работаешь на две бехи, но вторую отдаешь государству.\r\n\r\nДа, в России правительство ссыт на малый бизнес, а ИПшников дерут всякими ебучими взносами, но тут всё это тоже есть от определенного уровня дохода. Иногда я мечтаю иметь бизнес именно в РФ (но деньги хранить в европейских банках, кек).\r\n\r\nА если ты начитался статей в интернете и всё еще ноешь про «вобщё мы плётьим дажё большё» — прекрати эту хуйню, прокачай скиллы финансовой грамотности и сам просчитай все схемы.", "url": null, "metadata": {"battle": {"side": "b"}}, "created_at": "2020-04-24T19:19:35.572169", "updated_at": "2020-05-02T21:13:15.354419", "upvotes": 33, "is_visible": true, "is_deleted": false, "is_pinned": false}