{"comments": [{"id": "cd099a9c-42a7-482a-b9dd-26a4b9449205", "author_id": "2bc7caef-2ea7-41c7-b54c-e575c75aa3c2", "post_id": "84708982-56d8-4e40-be04-957e58d880e1", "post_title": "Валить или Остаться", "reply_to_id": "263d7d97-ee52-4de0-a1f5-d1bd2684b00a", "title": null, "text": "Но… ведь… просчитывать схемы — это не нормально. Нормально платить все налоги. Ну и да, мы платим даже больше, просто народ не видит этого нихрена. Если выдавать полную з\\п на руки, а потом заставить платить всё то, что платит за нас работодатель — ндфл, фсс, пфр — то народ ахереет от суммы и реального %.\r\n\r\nА ещё любезная налоговая ебёт за схемы мама не горюй. Работаешь ты самозанятым за 4% у ИПшника, а оказывается, это уже трудовые отношения, а не периодическая деятельность, извольте зачислиться сотрудником, и доплатить все взносы и ндфл за все месяцы + штраф.", "url": null, "metadata": null, "created_at": "2020-04-28T09:46:05.585939", "updated_at": "2020-05-02T21:13:15.370055", "upvotes": 6, "is_visible": true, "is_deleted": false, "is_pinned": false}, {"id": "b926614b-4b1d-4ab9-88c0-679d302910ae", "author_id": "c8d3b239-202c-44b5-828f-43aece991b1d", "post_id": "84708982-56d8-4e40-be04-957e58d880e1", "post_title": "Валить или Остаться", "reply_to_id": "263d7d97-ee52-4de0-a1f5-d1bd2684b00a", "title": null, "text": "Простой кейс: у жены свой бизнес, в Питере она с него платила 6% налога и еще три копейки страховых взносов, которые еще и вычитались из налога, а здесь она, внезапно, платит 30-50. Работы делаешь столько же, качества она такого же, но денег получаешь в два раза меньше. Грустно? Грустно.", "url": null, "metadata": null, "created_at": "2020-04-28T09:49:30.072131", "updated_at": "2020-05-02T21:13:15.384856", "upvotes": 5, "is_visible": true, "is_deleted": false, "is_pinned": false}, {"id": "c04b6fd8-771b-4e89-ba9a-9aca56871ce6", "author_id": "a5cfe720-3b53-41fd-b49c-b18e8abceb8a", "post_id": "84708982-56d8-4e40-be04-957e58d880e1", "post_title": "Валить или Остаться", "reply_to_id": "263d7d97-ee52-4de0-a1f5-d1bd2684b00a", "title": null, "text": "@yaroslav_miroshnikov, \r\n> Но… ведь… просчитывать схемы — это не нормально. Нормально платить все налоги\r\n\r\nАбсолютно нормально. Я же не говорю про нелегальные схемы. Во всех странах люди среднего класса и выше нанимают налоговых консультантов чтобы правильно подать декларацию. \r\n\r\nОн же может посоветовать как тебе правильно зарегистрировать, скажем, дополнительный доход, какой налоговый класс выбрать и другие вещи.\r\n\r\nТак работает нормальная налоговая система: государство по-умолчанию хочет забрать у тебя максимум, а твоя задача объяснить ему где нельзя. Каждый вычет прописан в законе, твоя задача их по-максимуму использовать.\r\n\r\nНанимать ИП'шника в штат — это нарушение закона. Брать ИП'шника по договору подряда — нормально, все фрилансеры так работают.", "url": null, "metadata": null, "created_at": "2020-04-28T09:56:15.829586", "updated_at": "2020-05-02T21:13:15.396387", "upvotes": 2, "is_visible": true, "is_deleted": false, "is_pinned": false}, {"id": "32756f80-039e-4afe-a895-cedd84b6dd6c", "author_id": "2bc7caef-2ea7-41c7-b54c-e575c75aa3c2", "post_id": "84708982-56d8-4e40-be04-957e58d880e1", "post_title": "Валить или Остаться", "reply_to_id": "263d7d97-ee52-4de0-a1f5-d1bd2684b00a", "title": null, "text": "@vas3k, про то, что везде нанимают, чтобы найти путь оптимизации — я думал это только наша фишечка. Найти легальные лазейки, и потом переживать, чтоб сработали. На западе к таким вещам налоговая более уважительно относится чем у нас? Или тоже готовы судиться и доказывать, что ты «недоплотил, плоти сейчас»?\r\n\r\nПро ИП на договоре подряда — к сожалению, уже пошли мочилова по этой теме. У меня так товарищ влетел один. Работал несколько лет с одними и теми же ИПшниками. С одним посрался, тот кинул не думая жалобу в налоговую. Те приняли решение и отсудили в пользу себя, что «т.к. это были повторяющиеся однотипные задачи, в течении долгого периода — это не договор подряда, это фактически найм с уходом от уплаты налогов, поэтому — оплатите за каждого ИПшника на подряде, за все эти несколько лет, взносы в фонды, плюс штраф. И самим ИПшникам прилетело — оплатите НДФЛ за все года.»\r\n\r\nОсь такая х**ня малята, з'iла лиска колобка…\r\n\r\nЯ б вот не хотел искать лазейки, а предпочёл просто, чтоб меня не трогали. Заработал — вот положенный налог, отвалите.", "url": null, "metadata": null, "created_at": "2020-04-28T10:03:44.260746", "updated_at": "2020-05-02T21:13:15.406749", "upvotes": 1, "is_visible": true, "is_deleted": false, "is_pinned": false}, {"id": "7ae29e8c-86e5-4239-9560-69b154acbdf4", "author_id": "a5cfe720-3b53-41fd-b49c-b18e8abceb8a", "post_id": "84708982-56d8-4e40-be04-957e58d880e1", "post_title": "Валить или Остаться", "reply_to_id": "263d7d97-ee52-4de0-a1f5-d1bd2684b00a", "title": null, "text": "@yaroslav_miroshnikov, \r\n> На западе к таким вещам налоговая более уважительно относится чем у нас?\r\n\r\nПо моему опыту, да. В основном потому что здесь (Германия) не штрафуют «задним числом» даже если ты использовал непрописанные в законе схемы. Сначала схему явно запрещают, прописывают, анонсируют, дают время перестроиться и только потом начинают бить по рукам. \r\n\r\nЭто процесс не на месяцы, а скорее на годы, так что все успевают осознать и найти новые схемы, кек :)\r\n\r\nХотя, конечно, все выть начинают, что им БИЗНЕС ДУШАТ. Как везде, короче.\r\n\r\nОбратное тоже работает — если ты работал по «менее выгодной» ставке, а потом внезапно осознал это, ты можешь в течение трёх (по-моему) лет запросить у налоговой перерасчет, объяснив ситуацию.\r\n\r\nЯ вот только что это сделал, когда мой налоговый консультант обнаружил, что прошлый работодатель целый год платил мне по неправильному налоговому классу. Жду €4.000 назад.\r\n\r\nС ИП'шникам на контрактах тут схема тоже популярна. Только тут их не гоняют с полицией, им просто налоги поставили как у физиков, потому нет никакой выгоды так делать специально. СМЕКАЛОЧКА.", "url": null, "metadata": null, "created_at": "2020-04-28T10:35:19.261045", "updated_at": "2020-05-02T21:13:15.416847", "upvotes": 1, "is_visible": true, "is_deleted": false, "is_pinned": false}, {"id": "30dee077-2a5b-4d0f-baca-a9fa581057d8", "author_id": "2bc7caef-2ea7-41c7-b54c-e575c75aa3c2", "post_id": "84708982-56d8-4e40-be04-957e58d880e1", "post_title": "Валить или Остаться", "reply_to_id": "263d7d97-ee52-4de0-a1f5-d1bd2684b00a", "title": null, "text": "@vas3k, круууууууть… цивильная страна, чо.", "url": null, "metadata": null, "created_at": "2020-04-28T10:45:10.207290", "updated_at": "2020-05-02T21:13:15.429326", "upvotes": 0, "is_visible": true, "is_deleted": false, "is_pinned": false}, {"id": "e6b4bb37-cc79-424e-8e65-8169a3dcb359", "author_id": "9dcef6f0-cf0f-4598-bcac-46171a41ab50", "post_id": "84708982-56d8-4e40-be04-957e58d880e1", "post_title": "Валить или Остаться", "reply_to_id": "263d7d97-ee52-4de0-a1f5-d1bd2684b00a", "title": null, "text": "*подошел Новиков и тихо прошептал на ушко: \"Беларусь\"*\r\n\r\nТут на айтишечку ещё ниже плюс с 2019 узаконили удалёнку полностью, вы слышите меня? Если в РФ любая проверка может тебя отшлёпать стеком за то, что у тебя работники не на рабочем месте, то в РБ это уже в прошлом.", "url": null, "metadata": null, "created_at": "2020-05-02T08:19:55.785882", "updated_at": "2020-05-02T21:13:15.440459", "upvotes": 1, "is_visible": true, "is_deleted": false, "is_pinned": false}, {"id": "278d11ef-3da4-4209-9597-81b58fac79b9", "author_id": "196facac-f031-4e48-97de-66e9a46ad9e4", "post_id": "84708982-56d8-4e40-be04-957e58d880e1", "post_title": "Валить или Остаться", "reply_to_id": "263d7d97-ee52-4de0-a1f5-d1bd2684b00a", "title": null, "text": "\"Про налоги\" это таки ловушка:\r\nhttps://www.youtube.com/watch?v=xL8Z1mbcQ78", "url": null, "metadata": null, "created_at": "2020-05-18T11:14:53.233128", "updated_at": "2020-05-18T11:14:54.170914", "upvotes": 3, "is_visible": true, "is_deleted": false, "is_pinned": false}, {"id": "6be8eb0a-eaf8-49a0-aae4-09cd77b8a846", "author_id": "3b579df5-c946-4df7-a97d-d80658b89e95", "post_id": "84708982-56d8-4e40-be04-957e58d880e1", "post_title": "Валить или Остаться", "reply_to_id": "263d7d97-ee52-4de0-a1f5-d1bd2684b00a", "title": null, "text": "> То есть тут работаешь на две бехи, но вторую отдаешь государству.\r\n\r\nНет конечно. Вторая тебе нужна для работы, она - корпоративный транспорт и налоговый вычет. :)\r\nНу и вот чтобы в России ТОЛЬКО 6% от всех денег отдавать государству... Возможно раньше, возможно до определённого порога. Но сейчас \"люди - это новая нефть\" и налоговая гайки закручивает по полной....", "url": null, "metadata": null, "created_at": "2020-05-19T13:49:12.001458", "updated_at": "2020-05-19T13:49:12.412916", "upvotes": 0, "is_visible": true, "is_deleted": false, "is_pinned": false}]}