{"id": "4dbf76e5-d669-4a38-b222-67e2b4cfa3fd", "author_id": "a5cfe720-3b53-41fd-b49c-b18e8abceb8a", "post_id": "2abcabee-afaf-4123-a218-01282aab84a8", "post_title": "Вастрик.Клуб: запускаем бету", "reply_to_id": "2f2c5f9b-2025-4f88-a385-d46c34cb3afe", "title": null, "text": "Пока веду подборку чатов вот здесь: https://vas3k.ru/notes/club_chat/\r\n\r\nНадо бы уже причесать ее и сделать отдельной страничкой в Клубе.", "url": null, "metadata": null, "created_at": "2020-05-20T14:50:46.672182", "updated_at": "2020-05-25T14:55:34.722578", "upvotes": 0, "is_visible": true, "is_deleted": false, "is_pinned": false}