{"id": "64dd4766-5806-494a-8998-83c3bae2ebc7", "author_id": "a5cfe720-3b53-41fd-b49c-b18e8abceb8a", "post_id": "8639811b-35eb-431b-8f7f-a02a3b396ef7", "post_title": "#intro от @MrFoxies", "reply_to_id": "0d4585fd-3b2b-465d-bd84-6178923b18da", "title": null, "text": "@MrFoxies, Лондон охуенен, респект! (надеюсь не в бадуу)", "url": null, "metadata": null, "created_at": "2020-04-27T09:52:40.347008", "updated_at": "2020-05-03T13:46:35.185937", "upvotes": 0, "is_visible": true, "is_deleted": false, "is_pinned": false}