{"id": "7209b63e-d3b4-4b0d-8e5f-0b194e583037", "author_id": "a5cfe720-3b53-41fd-b49c-b18e8abceb8a", "post_id": "fe9a0995-7d38-4976-92c9-0dbbd04369a3", "post_title": "Девопсы в Брно", "reply_to_id": null, "title": null, "text": "Напиши, пожалуйста, побольше подробностей. Не понятно что это, вопрос, вакансия, предложение? Пока скрою", "url": null, "metadata": null, "created_at": "2020-05-05T14:37:35.532179", "updated_at": "2020-05-05T14:37:36.163869", "upvotes": 0, "is_visible": true, "is_deleted": false, "is_pinned": false}