{"comments": [{"id": "af863089-0a1e-471a-8e96-c6eb03e29837", "author_id": "2017b839-ea66-404b-a7e8-31a06e527bba", "post_id": "fe9a0995-7d38-4976-92c9-0dbbd04369a3", "post_title": "Девопсы в Брно", "reply_to_id": "7209b63e-d3b4-4b0d-8e5f-0b194e583037", "title": null, "text": "ОК, исправлюсь.", "url": null, "metadata": null, "created_at": "2020-05-05T14:41:50.748953", "updated_at": "2020-05-05T14:41:51.065885", "upvotes": 0, "is_visible": true, "is_deleted": false, "is_pinned": false}, {"id": "9ee048ef-1ea6-4b56-a1af-841fea4e7064", "author_id": "2017b839-ea66-404b-a7e8-31a06e527bba", "post_id": "fe9a0995-7d38-4976-92c9-0dbbd04369a3", "post_title": "Девопсы в Брно", "reply_to_id": "7209b63e-d3b4-4b0d-8e5f-0b194e583037", "title": null, "text": "Написал как могу подробно.", "url": null, "metadata": null, "created_at": "2020-05-05T14:48:30.248324", "updated_at": "2020-05-05T14:48:30.530892", "upvotes": 0, "is_visible": true, "is_deleted": false, "is_pinned": false}]}