{"id": "53d0adb0-ec72-417f-960b-f6dd22cfc081", "author_id": "a5cfe720-3b53-41fd-b49c-b18e8abceb8a", "post_id": "c1f67ac8-e31f-4be4-bed8-9cb7aee84822", "post_title": "Рассылка «Процессная целостность»", "reply_to_id": null, "title": null, "text": "Кайфанул от того, как ты раскрутил тему про «оставайся посередине» в последнем выпуске http://get.khabaroff.com/issues/48-227181\r\n\r\nВообще, можешь постить свои выпуски сюда отдельными постами-ссылками. Ведь они редкие, но очень крутые — такой контент я бы хотел тут видеть почаще (и обсуждать, конечно же).", "url": null, "metadata": null, "created_at": "2020-04-23T07:09:56.602457", "updated_at": "2020-05-03T13:51:56.823741", "upvotes": 5, "is_visible": true, "is_deleted": false, "is_pinned": false}