{"id": "95db5f4e-a3c3-4e52-a691-21f93780f704", "author_id": "a5cfe720-3b53-41fd-b49c-b18e8abceb8a", "post_id": "ccd4fcae-49d1-460c-b24c-5ce0d197fd0e", "post_title": "Git Terminal или Git IDE", "reply_to_id": "f50df924-3e90-4f06-88fc-c99e99861877", "title": null, "text": "@webdevkin, всё так. Последний пункт правил также разрешает авторам батлов на своё усмотрение удалять аргументы вида «каждый хорош для своих задач». Из своих я удаляю, ведь такова игра :)", "url": null, "metadata": null, "created_at": "2020-05-02T21:28:37.105706", "updated_at": "2020-05-02T21:28:37.647721", "upvotes": 0, "is_visible": true, "is_deleted": false, "is_pinned": false}