{"id": "d7b2b153-e00f-4b3c-be3d-445d521059f9", "author_id": "a5cfe720-3b53-41fd-b49c-b18e8abceb8a", "post_id": "735ea92e-0dca-4de1-8752-482ee8ce2260", "post_title": "Переключить стрелку или Оставить как есть", "reply_to_id": "d02c25b0-97e4-444a-b8a9-0f46d5d40aeb", "title": null, "text": "@Liutas4x4, \r\n> Тут уже не этика, а мораль.\r\n\r\nКаковы в твоем понимании отличия морали и этики? В моем они синонимы. Википедия со мной [тоже согласна](https://ru.wikipedia.org/wiki/%D0%9C%D0%BE%D1%80%D0%B0%D0%BB%D1%8C#%D0%9C%D0%BE%D1%80%D0%B0%D0%BB%D1%8C_%D0%B8_%D1%8D%D1%82%D0%B8%D0%BA%D0%B0). Ты уже в какую-то совсем демагогию перешел, я в такие игры не играю.", "url": null, "metadata": null, "created_at": "2020-04-26T13:59:25.641445", "updated_at": "2020-05-03T05:00:54.105784", "upvotes": 0, "is_visible": true, "is_deleted": false, "is_pinned": false}