{"id": "46e3139c-2ef1-4b00-b808-e304e4eddd3f", "author_id": "a5cfe720-3b53-41fd-b49c-b18e8abceb8a", "post_id": "2abcabee-afaf-4123-a218-01282aab84a8", "post_title": "Вастрик.Клуб: запускаем бету", "reply_to_id": "70746a67-87ce-43fd-9f8b-8f8025727e45", "title": null, "text": "@hokken, самый удобный способ — подключить телеграм бота в настройках профиля. Второй по удобству — включить дейли дайджест там же. Можешь предложить еще. \r\n\r\n«Сделать вкладку нотификаций на сайте» не предлагать :)", "url": null, "metadata": null, "created_at": "2020-05-18T14:21:21.859473", "updated_at": "2020-05-25T14:55:34.321825", "upvotes": 0, "is_visible": true, "is_deleted": false, "is_pinned": false}