{"id": "270749b5-863c-4691-b606-bf5569fe29b4", "author_id": "a5cfe720-3b53-41fd-b49c-b18e8abceb8a", "post_id": "3b4ca11b-8788-4118-b697-b9205f37f10c", "post_title": "Давайте вместе готовиться к гугловым собеседованиям", "reply_to_id": null, "title": null, "text": "А в чем суть предложения-то? Для решения задачек всегда есть чат [Вастрик.Вайтборд](https://t.me/joinchat/AFWoG0tc3x40hC2Iz-C_Gw). Ты хочешь реферал получить от кого-то или предложить свой?\r\n\r\nЯ лётчик :(", "url": null, "metadata": null, "created_at": "2020-05-07T15:35:30.997631", "updated_at": "2020-05-07T15:35:31.858802", "upvotes": 0, "is_visible": true, "is_deleted": false, "is_pinned": false}