{"comments": [{"id": "656f5486-e78d-46ec-a2ad-685b72178f8e", "author_id": "367235f7-0711-4843-afd1-1b0d0ae36081", "post_id": "3b4ca11b-8788-4118-b697-b9205f37f10c", "post_title": "Давайте вместе готовиться к гугловым собеседованиям", "reply_to_id": "270749b5-863c-4691-b606-bf5569fe29b4", "title": null, "text": "Я о нем не знал, но сейчас увидел и вступил.", "url": null, "metadata": null, "created_at": "2020-05-07T15:43:26.303263", "updated_at": "2020-05-07T15:43:26.744812", "upvotes": 0, "is_visible": true, "is_deleted": false, "is_pinned": false}, {"id": "fc22bf3b-6a16-49a0-b73d-66db0bf4419b", "author_id": "367235f7-0711-4843-afd1-1b0d0ae36081", "post_id": "3b4ca11b-8788-4118-b697-b9205f37f10c", "post_title": "Давайте вместе готовиться к гугловым собеседованиям", "reply_to_id": "270749b5-863c-4691-b606-bf5569fe29b4", "title": null, "text": "Посмотрел. Кажется, что это группа на 500 человек, в которой решают задачки. Я скорее думаю о группе в 3-5 человек, которые досконально друг друга знают, у каждого из которых есть четкое понимание, что да, все они собираются угробить полгода жизни на это все. Learning plan, ежедневные отчеты, тренировочные собесы по графику и вообще - система.", "url": null, "metadata": null, "created_at": "2020-05-07T15:48:05.501426", "updated_at": "2020-05-07T15:48:06.013359", "upvotes": 0, "is_visible": true, "is_deleted": false, "is_pinned": false}, {"id": "974731d8-d30e-476d-ade4-5e6e6eabf19a", "author_id": "a5cfe720-3b53-41fd-b49c-b18e8abceb8a", "post_id": "3b4ca11b-8788-4118-b697-b9205f37f10c", "post_title": "Давайте вместе готовиться к гугловым собеседованиям", "reply_to_id": "270749b5-863c-4691-b606-bf5569fe29b4", "title": null, "text": "@ganqqwerty, и ты хочешь их коучить/менторить до самого трудоустройства в Google или как? Я намекаю, что возможно стоит более четко обозначить свои цели в этом посте (и его заголовке особенно).", "url": null, "metadata": null, "created_at": "2020-05-07T15:51:23.265411", "updated_at": "2020-05-07T15:51:23.880047", "upvotes": 0, "is_visible": true, "is_deleted": false, "is_pinned": false}, {"id": "2cef0bd6-4e1d-4069-94a2-b19d2056c625", "author_id": "367235f7-0711-4843-afd1-1b0d0ae36081", "post_id": "3b4ca11b-8788-4118-b697-b9205f37f10c", "post_title": "Давайте вместе готовиться к гугловым собеседованиям", "reply_to_id": "270749b5-863c-4691-b606-bf5569fe29b4", "title": null, "text": "@vas3k, понял тебя. Пока что скрою в черновики, значит.", "url": null, "metadata": null, "created_at": "2020-05-07T15:51:51.648211", "updated_at": "2020-05-07T15:51:52.109518", "upvotes": 0, "is_visible": true, "is_deleted": false, "is_pinned": false}]}