{"id": "4a2d194d-1e4d-4d38-ad74-1200d802c9de", "author_id": "a5cfe720-3b53-41fd-b49c-b18e8abceb8a", "post_id": "54e4c6c0-9f65-457f-b2ad-ed3bf2aad7db", "post_title": "Не говорить про зарплату – это нормально?", "reply_to_id": null, "title": null, "text": "Нормально и то, и другое.\r\n\r\nУ нас в компании есть даже отдельный пункт правил, по которому тебя НЕ могут уволить за разглашение зарплаты. То есть решение афишировать эту цифру или нет лежит чисто на тебе. Компания наоборот подчеркивает, что она не будет влиять на это решение. Вот такая прозрачность — круто, как по мне.\r\n\r\nВ Фейсбуке вообще зарплату по формулам считают, там каждый знает сколько получает сосед.", "url": null, "metadata": null, "created_at": "2020-04-27T14:15:48.019429", "updated_at": "2020-05-03T08:24:54.969784", "upvotes": 6, "is_visible": true, "is_deleted": false, "is_pinned": false}