{"id": "bc790567-67ed-42ee-a16d-bd2aefc6c05a", "author_id": "a5cfe720-3b53-41fd-b49c-b18e8abceb8a", "post_id": "2abcabee-afaf-4123-a218-01282aab84a8", "post_title": "Вастрик.Клуб: запускаем бету", "reply_to_id": "70746a67-87ce-43fd-9f8b-8f8025727e45", "title": null, "text": "Что ты хочешь им делать? Ну и на самом деле он там был, но потом кто-то на гитхабе его сломал :(", "url": null, "metadata": null, "created_at": "2020-05-18T10:30:57.252377", "updated_at": "2020-05-25T14:55:34.202737", "upvotes": 0, "is_visible": true, "is_deleted": false, "is_pinned": false}