{"id": "e7481add-f078-4034-86fa-37301e042722", "author_id": "a5cfe720-3b53-41fd-b49c-b18e8abceb8a", "post_id": "e5b72874-6c6a-4aef-8747-5760874f2bd7", "post_title": "А как вообще развивать собственные бложеки?", "reply_to_id": "c2c6fc11-d58a-4aa7-9953-c20c9c5647dc", "title": null, "text": "@avrong, meh, плохо на самом деле рассказал, яж не готовился. Потому я вначале там говорил, что люблю тексты, потому что их сначала можно написать, а потом вспомнить новые мысли и нахер переписать!", "url": null, "metadata": null, "created_at": "2020-05-21T18:02:55.798933", "updated_at": "2020-05-24T16:03:48.965000", "upvotes": 2, "is_visible": true, "is_deleted": false, "is_pinned": false}