{"id": "e13d72ba-9835-432e-b9c2-72b7fbe54eb9", "author_id": "a5cfe720-3b53-41fd-b49c-b18e8abceb8a", "post_id": "ed6a99eb-cab5-4f99-809c-b5656901cd85", "post_title": "Швейцар Онлайн", "reply_to_id": null, "title": null, "text": "Привет. К сожалению, в посте очень мало подробностей и пользы для читателя. Он выглядит совсем уж рекламным.\r\n\r\nЯ перенесу его обратно тебе в черновики, пока никто не увидел. Напиши, пожалуйста, побольше подробностей. Расскажи истории, набитые шишки, кухню проекта, итд. \r\n\r\nЦель проектов в Клубе — делиться личным опытом и узнавать как чужие проекты устроены изнутри, а не превращать это в рекламную площадку за доллар.", "url": null, "metadata": null, "created_at": "2020-04-23T12:40:07.077218", "updated_at": "2020-05-06T17:16:29.559902", "upvotes": 0, "is_visible": true, "is_deleted": false, "is_pinned": false}