{"comments": [{"id": "26b4476b-5e09-4172-9003-aa9673bc7ae3", "author_id": "d75a9e39-3800-4c24-988e-cc4efda24033", "post_id": "ed6a99eb-cab5-4f99-809c-b5656901cd85", "post_title": "Швейцар Онлайн", "reply_to_id": "e13d72ba-9835-432e-b9c2-72b7fbe54eb9", "title": null, "text": "Оу, думал что пост будет видел только для тех, кто перешел через мою страницу. Хорошо, распишу всё более подробно и чтобы каждый нашел что-то полезное для себя!", "url": null, "metadata": null, "created_at": "2020-04-23T13:21:55.529299", "updated_at": "2020-05-06T17:16:29.576077", "upvotes": 0, "is_visible": true, "is_deleted": false, "is_pinned": false}]}