{"id": "c04b6fd8-771b-4e89-ba9a-9aca56871ce6", "author_id": "a5cfe720-3b53-41fd-b49c-b18e8abceb8a", "post_id": "84708982-56d8-4e40-be04-957e58d880e1", "post_title": "Валить или Остаться", "reply_to_id": "263d7d97-ee52-4de0-a1f5-d1bd2684b00a", "title": null, "text": "@yaroslav_miroshnikov, \r\n> Но… ведь… просчитывать схемы — это не нормально. Нормально платить все налоги\r\n\r\nАбсолютно нормально. Я же не говорю про нелегальные схемы. Во всех странах люди среднего класса и выше нанимают налоговых консультантов чтобы правильно подать декларацию. \r\n\r\nОн же может посоветовать как тебе правильно зарегистрировать, скажем, дополнительный доход, какой налоговый класс выбрать и другие вещи.\r\n\r\nТак работает нормальная налоговая система: государство по-умолчанию хочет забрать у тебя максимум, а твоя задача объяснить ему где нельзя. Каждый вычет прописан в законе, твоя задача их по-максимуму использовать.\r\n\r\nНанимать ИП'шника в штат — это нарушение закона. Брать ИП'шника по договору подряда — нормально, все фрилансеры так работают.", "url": null, "metadata": null, "created_at": "2020-04-28T09:56:15.829586", "updated_at": "2020-05-02T21:13:15.396387", "upvotes": 2, "is_visible": true, "is_deleted": false, "is_pinned": false}