{"id": "6919e6bd-1012-4697-a097-cb4c66920455", "author_id": "a5cfe720-3b53-41fd-b49c-b18e8abceb8a", "post_id": "ccd4fcae-49d1-460c-b24c-5ce0d197fd0e", "post_title": "Git Terminal или Git IDE", "reply_to_id": "f50df924-3e90-4f06-88fc-c99e99861877", "title": null, "text": "@syabro, центристы, которые не умеют воспринимать крайности — это какие-то неправильные центристы", "url": null, "metadata": null, "created_at": "2020-05-20T08:01:47.652364", "updated_at": "2020-05-20T08:01:47.942975", "upvotes": 0, "is_visible": true, "is_deleted": false, "is_pinned": false}